datetime,timestamp,open,high,low,close,volume
2026-08-27 21:39:00,1787866740000,4590.95,4590.95,4590.94,4590.94,0.0125
2026-08-27 21:40:00,1787866800000,4590.95,4591.96,4590.83,4590.84,3.5864
2026-08-27 21:41:00,1787866860000,4590.84,4590.84,4590.84,4590.84,0.7606
2026-08-27 21:42:00,1787866920000,4590.83,4590.83,4590.83,4590.83,0.1731
2026-08-27 21:43:00,1787866980000,4590.84,4591.19,4590.83,4591.19,0.5088
2026-08-27 21:44:00,1787867040000,4590.84,4592.75,4590.84,4592.5,2.8779
2026-08-27 21:45:00,1787867100000,4592.26,4592.59,4592.26,4592.59,4.676
2026-08-27 21:46:00,1787867160000,4593.58,4593.58,4593.3,4593.3,0.9504
2026-08-27 21:47:00,1787867220000,4593.49,4593.49,4593.49,4593.49,0.0059
2026-08-27 21:48:00,1787867280000,4593.59,4594.99,4593.59,4594.99,2.354
2026-08-27 21:49:00,1787867340000,4594.14,4594.14,4594.14,4594.14,0.0023
2026-08-27 21:50:00,1787867400000,4594.13,4594.13,4594.08,4594.08,0.0163
2026-08-27 21:51:00,1787867460000,4594.08,4594.08,4594.08,4594.08,0.0
2026-08-27 21:52:00,1787867520000,4594.09,4594.09,4594.09,4594.09,0.0029
2026-08-27 21:53:00,1787867580000,4594.08,4594.08,4594.08,4594.08,0.0021
2026-08-27 21:54:00,1787867640000,4594.08,4594.08,4594.08,4594.08,0.0
2026-08-27 21:55:00,1787867700000,4594.09,4594.09,4594.08,4594.08,0.0241
2026-08-27 21:56:00,1787867760000,4594.08,4594.08,4594.08,4594.08,0.0
2026-08-27 21:57:00,1787867820000,4594.08,4594.08,4594.08,4594.08,0.0
2026-08-27 21:58:00,1787867880000,4594.09,4594.09,4594.09,4594.09,0.0068
2026-08-27 21:59:00,1787867940000,4594.08,4594.08,4594.08,4594.08,0.0102
2026-08-27 22:00:00,1787868000000,4594.39,4598.41,4594.39,4598.41,1.5258
2026-08-27 22:01:00,1787868060000,4598.67,4598.67,4598.47,4598.47,0.5963
2026-08-27 22:02:00,1787868120000,4597.99,4597.99,4596.83,4596.83,0.1664
2026-08-27 22:03:00,1787868180000,4596.31,4596.31,4595.72,4595.72,0.6955
2026-08-27 22:04:00,1787868240000,4595.72,4595.72,4594.3,4594.3,1.14
2026-08-27 22:05:00,1787868300000,4594.58,4594.58,4594.3,4594.3,0.8906
2026-08-27 22:06:00,1787868360000,4594.08,4594.08,4594.08,4594.08,0.4
2026-08-27 22:07:00,1787868420000,4594.09,4594.09,4594.09,4594.09,0.1338
2026-08-27 22:08:00,1787868480000,4594.09,4595.64,4594.09,4595.64,0.0051
2026-08-27 22:09:00,1787868540000,4596.07,4596.18,4596.07,4596.18,0.4396
2026-08-27 22:10:00,1787868600000,4596.93,4596.94,4596.93,4596.94,0.0055
2026-08-27 22:11:00,1787868660000,4596.22,4596.22,4596.22,4596.22,0.0014
2026-08-27 22:12:00,1787868720000,4596.23,4596.23,4596.23,4596.23,0.1522
2026-08-27 22:13:00,1787868780000,4596.23,4596.23,4596.23,4596.23,0.0
2026-08-27 22:14:00,1787868840000,4596.6,4596.6,4596.6,4596.6,0.5851
2026-08-27 22:15:00,1787868900000,4597.48,4597.48,4596.66,4596.66,0.5904
2026-08-27 22:16:00,1787868960000,4597.47,4597.47,4597.47,4597.47,0.1741
2026-08-27 22:17:00,1787869020000,4597.47,4597.47,4597.47,4597.47,0.0615
2026-08-27 22:18:00,1787869080000,4598.13,4598.13,4598.13,4598.13,0.0045
2026-08-27 22:19:00,1787869140000,4597.72,4597.72,4597.71,4597.71,0.0262
2026-08-27 22:20:00,1787869200000,4598.12,4598.12,4598.12,4598.12,0.0016
2026-08-27 22:21:00,1787869260000,4599.16,4599.72,4599.16,4599.72,0.0476
2026-08-27 22:22:00,1787869320000,4600.09,4600.09,4600.09,4600.09,0.0099
2026-08-27 22:23:00,1787869380000,4600.09,4600.09,4600.09,4600.09,0.0
2026-08-27 22:24:00,1787869440000,4600.09,4600.09,4600.09,4600.09,0.0
2026-08-27 22:25:00,1787869500000,4599.72,4600.01,4599.72,4600.0,2.0745
2026-08-27 22:26:00,1787869560000,4599.89,4599.89,4598.4,4598.4,0.6771
2026-08-27 22:27:00,1787869620000,4599.31,4599.31,4599.31,4599.31,0.0348
2026-08-27 22:28:00,1787869680000,4599.31,4599.32,4599.31,4599.32,0.0245
2026-08-27 22:29:00,1787869740000,4599.06,4599.07,4599.06,4599.07,0.6881
2026-08-27 22:30:00,1787869800000,4599.63,4599.63,4599.63,4599.63,0.0412
2026-08-27 22:31:00,1787869860000,4599.91,4599.91,4599.91,4599.91,0.1989
2026-08-27 22:32:00,1787869920000,4599.07,4599.91,4599.07,4599.91,0.0968
2026-08-27 22:33:00,1787869980000,4599.91,4600.7,4599.91,4600.69,1.1019
2026-08-27 22:34:00,1787870040000,4600.7,4600.7,4600.69,4600.69,0.1189
2026-08-27 22:35:00,1787870100000,4601.16,4601.16,4601.16,4601.16,0.0436
2026-08-27 22:36:00,1787870160000,4600.61,4601.15,4600.61,4601.15,0.0491
2026-08-27 22:37:00,1787870220000,4601.15,4601.15,4601.15,4601.15,0.0344
2026-08-27 22:38:00,1787870280000,4601.15,4601.16,4601.15,4601.15,0.0368
2026-08-27 22:39:00,1787870340000,4601.15,4601.16,4601.15,4601.16,0.2379
2026-08-27 22:40:00,1787870400000,4601.62,4601.62,4601.32,4601.33,1.2701
2026-08-27 22:41:00,1787870460000,4601.69,4602.08,4600.92,4600.92,4.9564
2026-08-27 22:42:00,1787870520000,4601.55,4601.55,4600.34,4600.34,0.0595
2026-08-27 22:43:00,1787870580000,4600.34,4600.34,4600.01,4600.01,0.0368
2026-08-27 22:44:00,1787870640000,4599.32,4599.32,4599.32,4599.32,0.0389
2026-08-27 22:45:00,1787870700000,4599.33,4599.33,4599.33,4599.33,0.0021
2026-08-27 22:46:00,1787870760000,4599.33,4599.33,4599.33,4599.33,0.0
2026-08-27 22:47:00,1787870820000,4599.33,4599.33,4599.33,4599.33,0.0
2026-08-27 22:48:00,1787870880000,4599.33,4599.33,4599.32,4599.33,0.7208
2026-08-27 22:49:00,1787870940000,4599.34,4599.34,4599.34,4599.34,0.001
2026-08-27 22:50:00,1787871000000,4599.34,4599.34,4599.34,4599.34,0.0019
2026-08-27 22:51:00,1787871060000,4599.8,4599.8,4599.8,4599.8,0.1087
2026-08-27 22:52:00,1787871120000,4599.8,4600.71,4599.8,4600.71,0.9153
2026-08-27 22:53:00,1787871180000,4601.16,4603.27,4600.99,4601.85,36.0984
2026-08-27 22:54:00,1787871240000,4601.66,4601.66,4601.59,4601.59,0.8257
2026-08-27 22:55:00,1787871300000,4601.38,4601.38,4601.37,4601.38,1.5656
2026-08-27 22:56:00,1787871360000,4601.61,4601.82,4601.61,4601.82,0.4966
2026-08-27 22:57:00,1787871420000,4601.82,4601.82,4601.82,4601.82,0.0
2026-08-27 22:58:00,1787871480000,4602.01,4602.01,4602.01,4602.01,0.0157
2026-08-27 22:59:00,1787871540000,4602.01,4602.01,4602.01,4602.01,0.0
2026-08-27 23:00:00,1787871600000,4602.36,4602.37,4602.36,4602.37,1.3846
2026-08-27 23:01:00,1787871660000,4602.37,4602.61,4600.97,4600.97,1.8396
2026-08-27 23:02:00,1787871720000,4600.72,4600.77,4600.72,4600.77,0.4116
2026-08-27 23:03:00,1787871780000,4600.78,4600.78,4600.77,4600.78,0.2995
2026-08-27 23:04:00,1787871840000,4601.09,4601.09,4601.09,4601.09,0.0066
2026-08-27 23:05:00,1787871900000,4601.09,4601.09,4601.09,4601.09,0.0
2026-08-27 23:06:00,1787871960000,4600.71,4600.71,4600.71,4600.71,0.593
2026-08-27 23:07:00,1787872020000,4600.71,4600.71,4600.71,4600.71,0.0
2026-08-27 23:08:00,1787872080000,4600.02,4601.03,4600.02,4601.03,0.4971
2026-08-27 23:09:00,1787872140000,4601.03,4601.57,4599.16,4599.16,16.4102
2026-08-27 23:10:00,1787872200000,4598.11,4598.11,4597.43,4597.44,0.0261
2026-08-27 23:11:00,1787872260000,4596.84,4596.84,4596.52,4596.52,0.3583
2026-08-27 23:12:00,1787872320000,4596.52,4596.53,4596.52,4596.53,0.1717
2026-08-27 23:13:00,1787872380000,4596.53,4596.53,4596.53,4596.53,0.5814
2026-08-27 23:14:00,1787872440000,4596.54,4596.54,4596.54,4596.54,0.0018
2026-08-27 23:15:00,1787872500000,4595.84,4595.84,4595.84,4595.84,0.0313
2026-08-27 23:16:00,1787872560000,4595.67,4595.67,4595.66,4595.67,1.1958
2026-08-27 23:17:00,1787872620000,4595.67,4595.67,4595.67,4595.67,0.0878
2026-08-27 23:18:00,1787872680000,4595.67,4595.67,4595.67,4595.67,0.3198
2026-08-27 23:19:00,1787872740000,4595.21,4595.21,4594.66,4595.21,6.6403
2026-08-27 23:20:00,1787872800000,4595.22,4595.22,4592.31,4593.15,1.564
2026-08-27 23:21:00,1787872860000,4593.98,4593.99,4593.98,4593.99,0.1706
2026-08-27 23:22:00,1787872920000,4593.99,4595.14,4593.99,4595.14,0.3645
2026-08-27 23:23:00,1787872980000,4595.14,4595.31,4595.14,4595.31,1.8706
2026-08-27 23:24:00,1787873040000,4595.18,4595.18,4595.18,4595.18,0.0059
2026-08-27 23:25:00,1787873100000,4595.19,4595.19,4595.19,4595.19,0.0047
2026-08-27 23:26:00,1787873160000,4595.18,4595.18,4595.18,4595.18,0.0056
2026-08-27 23:27:00,1787873220000,4595.18,4595.18,4595.18,4595.18,0.0
2026-08-27 23:28:00,1787873280000,4593.98,4593.98,4593.35,4593.35,0.3929
2026-08-27 23:29:00,1787873340000,4593.12,4594.26,4593.12,4594.13,3.0487
2026-08-27 23:30:00,1787873400000,4594.13,4594.13,4594.13,4594.13,0.0
2026-08-27 23:31:00,1787873460000,4594.13,4594.13,4594.13,4594.13,0.0
2026-08-27 23:32:00,1787873520000,4592.89,4592.89,4592.89,4592.89,0.0041
2026-08-27 23:33:00,1787873580000,4592.89,4592.89,4592.89,4592.89,0.0
2026-08-27 23:34:00,1787873640000,4592.68,4592.68,4592.68,4592.68,0.0045
2026-08-27 23:35:00,1787873700000,4592.67,4592.67,4592.25,4592.25,0.0038
2026-08-27 23:36:00,1787873760000,4591.81,4593.53,4591.81,4593.53,0.8629
2026-08-27 23:37:00,1787873820000,4593.52,4593.92,4592.07,4592.63,3.0591
2026-08-27 23:38:00,1787873880000,4592.63,4592.63,4592.63,4592.63,0.0
2026-08-27 23:39:00,1787873940000,4592.18,4593.63,4592.18,4593.63,1.7683
2026-08-27 23:40:00,1787874000000,4593.64,4593.64,4593.36,4593.36,0.0034
2026-08-27 23:41:00,1787874060000,4593.1,4593.1,4593.1,4593.1,0.0054
2026-08-27 23:42:00,1787874120000,4592.68,4592.68,4592.68,4592.68,0.004
2026-08-27 23:43:00,1787874180000,4592.67,4592.67,4592.2,4592.2,0.0273
2026-08-27 23:44:00,1787874240000,4592.2,4592.2,4592.2,4592.2,0.0
2026-08-27 23:45:00,1787874300000,4592.0,4592.0,4591.0,4591.15,0.4443
2026-08-27 23:46:00,1787874360000,4591.14,4591.15,4591.14,4591.15,0.014
2026-08-27 23:47:00,1787874420000,4591.01,4591.01,4590.36,4590.36,0.398
2026-08-27 23:48:00,1787874480000,4590.0,4590.0,4588.04,4588.05,1.4528
2026-08-27 23:49:00,1787874540000,4588.32,4588.53,4588.32,4588.53,0.799
2026-08-27 23:50:00,1787874600000,4588.91,4588.91,4588.9,4588.9,0.085
2026-08-27 23:51:00,1787874660000,4588.08,4588.09,4588.08,4588.09,1.273
2026-08-27 23:52:00,1787874720000,4587.98,4588.02,4587.98,4588.02,0.6932
2026-08-27 23:53:00,1787874780000,4588.02,4588.02,4587.1,4587.1,6.9772
2026-08-27 23:54:00,1787874840000,4586.95,4587.0,4586.16,4586.39,19.408
2026-08-27 23:55:00,1787874900000,4586.62,4586.62,4586.62,4586.62,0.1686
2026-08-27 23:56:00,1787874960000,4586.62,4586.62,4586.62,4586.62,0.0
2026-08-27 23:57:00,1787875020000,4586.61,4586.61,4586.61,4586.61,0.0975
2026-08-27 23:58:00,1787875080000,4586.62,4586.62,4586.62,4586.62,0.0053
2026-08-27 23:59:00,1787875140000,4586.61,4586.62,4586.61,4586.62,0.0666
2026-08-28 00:00:00,1787875200000,4586.61,4588.75,4585.03,4587.73,4.5646
2026-08-28 00:01:00,1787875260000,4587.73,4589.84,4587.39,4588.81,2.1035
2026-08-28 00:02:00,1787875320000,4588.9,4590.88,4588.81,4590.88,4.0264
2026-08-28 00:03:00,1787875380000,4591.16,4591.16,4591.16,4591.16,0.0063
2026-08-28 00:04:00,1787875440000,4591.16,4591.16,4588.77,4588.77,2.0236
2026-08-28 00:05:00,1787875500000,4589.13,4589.13,4588.96,4588.96,0.0191
2026-08-28 00:06:00,1787875560000,4589.85,4589.85,4589.85,4589.85,0.0028
2026-08-28 00:07:00,1787875620000,4589.85,4589.85,4589.85,4589.85,0.0
2026-08-28 00:08:00,1787875680000,4591.01,4591.01,4589.85,4589.85,1.429
2026-08-28 00:09:00,1787875740000,4590.36,4590.87,4590.36,4590.87,0.1577
2026-08-28 00:10:00,1787875800000,4591.16,4591.64,4591.16,4591.64,0.8831
2026-08-28 00:11:00,1787875860000,4594.04,4594.3,4593.35,4593.35,0.5656
2026-08-28 00:12:00,1787875920000,4593.35,4593.85,4593.35,4593.49,3.8514
2026-08-28 00:13:00,1787875980000,4594.27,4594.8,4594.27,4594.8,0.6111
2026-08-28 00:14:00,1787876040000,4593.24,4593.24,4593.24,4593.24,0.0014
2026-08-28 00:15:00,1787876100000,4593.23,4593.23,4591.57,4591.57,0.0486
2026-08-28 00:16:00,1787876160000,4590.05,4590.05,4589.61,4589.84,0.8718
2026-08-28 00:17:00,1787876220000,4589.84,4589.84,4589.84,4589.84,0.0
2026-08-28 00:18:00,1787876280000,4588.0,4588.0,4587.36,4587.71,0.1956
2026-08-28 00:19:00,1787876340000,4588.3,4588.3,4587.01,4587.01,0.2908
2026-08-28 00:20:00,1787876400000,4587.83,4587.83,4587.33,4587.33,0.0061
2026-08-28 00:21:00,1787876460000,4586.14,4586.14,4585.5,4585.5,0.1884
2026-08-28 00:22:00,1787876520000,4585.99,4588.38,4585.99,4588.38,0.695
2026-08-28 00:23:00,1787876580000,4587.84,4587.84,4587.21,4587.21,0.0718
2026-08-28 00:24:00,1787876640000,4587.05,4587.05,4586.18,4586.18,0.0323
2026-08-28 00:25:00,1787876700000,4585.12,4585.29,4585.12,4585.29,0.702
2026-08-28 00:26:00,1787876760000,4585.29,4585.29,4584.61,4584.61,0.9681
2026-08-28 00:27:00,1787876820000,4584.52,4584.52,4584.52,4584.52,1.0061
2026-08-28 00:28:00,1787876880000,4584.52,4585.07,4584.52,4584.68,0.6088
2026-08-28 00:29:00,1787876940000,4584.68,4584.68,4584.68,4584.68,0.0
2026-08-28 00:30:00,1787877000000,4586.95,4586.95,4585.06,4585.06,0.0437
2026-08-28 00:31:00,1787877060000,4584.51,4584.51,4583.58,4583.58,0.5692
2026-08-28 00:32:00,1787877120000,4583.94,4583.94,4583.56,4583.56,0.0076
2026-08-28 00:33:00,1787877180000,4583.56,4583.6,4581.29,4581.75,2.3906
2026-08-28 00:34:00,1787877240000,4581.75,4582.61,4581.75,4581.91,0.4322
2026-08-28 00:35:00,1787877300000,4581.85,4582.44,4581.85,4582.44,0.0232
2026-08-28 00:36:00,1787877360000,4581.85,4581.85,4581.85,4581.85,0.0019
2026-08-28 00:37:00,1787877420000,4581.48,4581.48,4581.48,4581.48,0.0063
2026-08-28 00:38:00,1787877480000,4581.95,4581.95,4581.48,4581.49,0.007
2026-08-28 00:39:00,1787877540000,4581.9,4581.9,4581.9,4581.9,0.1642
2026-08-28 00:40:00,1787877600000,4582.07,4582.77,4582.07,4582.77,0.127
2026-08-28 00:41:00,1787877660000,4582.31,4582.31,4582.31,4582.31,0.0108
2026-08-28 00:42:00,1787877720000,4582.43,4583.06,4582.32,4583.06,0.029
2026-08-28 00:43:00,1787877780000,4583.31,4583.31,4582.38,4582.38,0.1084
2026-08-28 00:44:00,1787877840000,4582.32,4582.6,4582.31,4582.6,7.3389
2026-08-28 00:45:00,1787877900000,4582.6,4582.6,4582.6,4582.6,0.0
2026-08-28 00:46:00,1787877960000,4583.5,4583.5,4581.95,4581.95,1.7683
2026-08-28 00:47:00,1787878020000,4581.44,4581.44,4581.03,4581.03,0.0402
2026-08-28 00:48:00,1787878080000,4581.02,4581.02,4580.34,4580.34,0.67
2026-08-28 00:49:00,1787878140000,4580.4,4580.4,4580.4,4580.4,0.003
2026-08-28 00:50:00,1787878200000,4580.4,4581.93,4580.31,4581.28,3.2813
2026-08-28 00:51:00,1787878260000,4581.71,4581.71,4581.49,4581.49,0.8495
2026-08-28 00:52:00,1787878320000,4581.7,4582.24,4581.7,4582.23,0.1725
2026-08-28 00:53:00,1787878380000,4581.49,4581.49,4581.27,4581.27,0.0083
2026-08-28 00:54:00,1787878440000,4580.92,4580.93,4580.31,4580.31,0.2087
2026-08-28 00:55:00,1787878500000,4580.71,4580.71,4580.71,4580.71,0.0111
2026-08-28 00:56:00,1787878560000,4580.32,4580.32,4580.32,4580.32,0.0032
2026-08-28 00:57:00,1787878620000,4580.3,4580.3,4579.67,4579.68,3.5608
2026-08-28 00:58:00,1787878680000,4579.67,4580.23,4579.67,4580.23,2.4117
2026-08-28 00:59:00,1787878740000,4580.53,4580.53,4580.53,4580.53,0.0093
2026-08-28 01:00:00,1787878800000,4581.5,4583.44,4580.92,4581.39,9.0358
2026-08-28 01:01:00,1787878860000,4580.73,4583.49,4580.42,4583.29,1.9541
2026-08-28 01:02:00,1787878920000,4582.7,4582.7,4581.55,4581.85,0.6679
2026-08-28 01:03:00,1787878980000,4583.5,4586.95,4583.5,4586.95,2.1505
2026-08-28 01:04:00,1787879040000,4587.96,4588.74,4587.5,4588.3,0.2669
2026-08-28 01:05:00,1787879100000,4587.03,4587.96,4587.03,4587.96,0.544
2026-08-28 01:06:00,1787879160000,4585.95,4585.95,4585.06,4585.06,0.0147
2026-08-28 01:07:00,1787879220000,4585.5,4588.75,4585.5,4588.75,0.1411
2026-08-28 01:08:00,1787879280000,4589.99,4590.54,4588.47,4590.54,0.9307
2026-08-28 01:09:00,1787879340000,4590.92,4592.0,4590.92,4592.0,0.0112
2026-08-28 01:10:00,1787879400000,4593.33,4594.99,4592.5,4592.5,7.6899
2026-08-28 01:11:00,1787879460000,4592.5,4592.5,4591.3,4591.3,0.0326
2026-08-28 01:12:00,1787879520000,4590.27,4590.27,4587.86,4587.86,0.8407
2026-08-28 01:13:00,1787879580000,4587.86,4587.86,4587.86,4587.86,0.0
2026-08-28 01:14:00,1787879640000,4587.43,4587.43,4586.19,4586.91,1.6705
2026-08-28 01:15:00,1787879700000,4587.95,4588.28,4587.04,4587.91,1.5478
2026-08-28 01:16:00,1787879760000,4587.57,4587.7,4585.07,4587.7,3.5898
2026-08-28 01:17:00,1787879820000,4586.97,4587.54,4586.31,4587.54,0.6108
2026-08-28 01:18:00,1787879880000,4587.81,4590.45,4587.59,4590.45,0.2067
2026-08-28 01:19:00,1787879940000,4590.69,4591.36,4590.59,4590.7,1.0836
2026-08-28 01:20:00,1787880000000,4588.75,4589.69,4588.29,4589.69,0.078
2026-08-28 01:21:00,1787880060000,4587.94,4589.61,4587.94,4589.51,4.4365
2026-08-28 01:22:00,1787880120000,4589.82,4589.82,4589.76,4589.76,0.0278
2026-08-28 01:23:00,1787880180000,4589.53,4589.53,4587.89,4587.89,0.1186
2026-08-28 01:24:00,1787880240000,4588.16,4588.16,4584.68,4585.45,6.7591
2026-08-28 01:25:00,1787880300000,4585.45,4586.68,4583.22,4583.23,3.5581
2026-08-28 01:26:00,1787880360000,4583.11,4583.6,4582.31,4582.31,0.7808
2026-08-28 01:27:00,1787880420000,4582.16,4582.16,4578.66,4578.66,1.8177
2026-08-28 01:28:00,1787880480000,4578.63,4579.54,4578.31,4578.31,2.489
2026-08-28 01:29:00,1787880540000,4578.25,4578.85,4578.25,4578.25,0.9461
2026-08-28 01:30:00,1787880600000,4579.17,4581.31,4578.12,4580.32,0.6163
2026-08-28 01:31:00,1787880660000,4580.13,4580.13,4579.09,4579.09,0.6229
2026-08-28 01:32:00,1787880720000,4579.76,4581.39,4579.76,4580.77,0.1615
2026-08-28 01:33:00,1787880780000,4579.08,4580.9,4578.65,4580.58,2.2354
2026-08-28 01:34:00,1787880840000,4580.16,4580.4,4579.55,4580.4,2.6105
2026-08-28 01:35:00,1787880900000,4580.55,4582.27,4580.41,4581.15,4.7073
2026-08-28 01:36:00,1787880960000,4580.0,4580.0,4579.09,4579.09,0.0132
2026-08-28 01:37:00,1787881020000,4580.6,4580.6,4580.55,4580.55,0.4583
2026-08-28 01:38:00,1787881080000,4578.63,4578.63,4575.52,4575.92,2.2542
2026-08-28 01:39:00,1787881140000,4575.0,4575.0,4574.43,4574.43,3.0893
2026-08-28 01:40:00,1787881200000,4574.07,4574.07,4572.34,4572.34,0.7583
2026-08-28 01:41:00,1787881260000,4572.35,4572.35,4572.35,4572.35,0.047
2026-08-28 01:42:00,1787881320000,4572.53,4573.52,4572.53,4573.52,0.6562
2026-08-28 01:43:00,1787881380000,4575.5,4575.5,4574.48,4574.48,0.2258
2026-08-28 01:44:00,1787881440000,4575.36,4575.51,4574.95,4574.95,0.0898
2026-08-28 01:45:00,1787881500000,4574.95,4574.95,4572.76,4572.76,0.6034
2026-08-28 01:46:00,1787881560000,4574.49,4574.49,4574.49,4574.49,0.0625
2026-08-28 01:47:00,1787881620000,4574.02,4574.02,4571.64,4571.64,0.851
2026-08-28 01:48:00,1787881680000,4571.42,4573.96,4571.42,4573.48,0.0987
2026-08-28 01:49:00,1787881740000,4573.33,4575.15,4573.33,4573.51,20.2377
2026-08-28 01:50:00,1787881800000,4574.77,4574.77,4574.54,4574.74,0.616
2026-08-28 01:51:00,1787881860000,4575.41,4575.41,4574.02,4574.03,1.0364
2026-08-28 01:52:00,1787881920000,4574.03,4574.03,4572.19,4572.19,1.2845
2026-08-28 01:53:00,1787881980000,4571.42,4571.42,4569.49,4569.49,6.8623
2026-08-28 01:54:00,1787882040000,4569.5,4570.31,4569.5,4569.89,0.0855
2026-08-28 01:55:00,1787882100000,4570.81,4570.81,4570.81,4570.81,0.1531
2026-08-28 01:56:00,1787882160000,4570.81,4570.81,4570.81,4570.81,0.0
2026-08-28 01:57:00,1787882220000,4570.01,4570.01,4569.45,4569.45,0.149
2026-08-28 01:58:00,1787882280000,4569.73,4570.34,4569.73,4570.34,0.3555
2026-08-28 01:59:00,1787882340000,4570.2,4570.2,4569.7,4569.7,0.159
2026-08-28 02:00:00,1787882400000,4569.56,4570.2,4569.56,4569.7,0.1671
2026-08-28 02:01:00,1787882460000,4569.35,4569.64,4569.35,4569.64,0.207
2026-08-28 02:02:00,1787882520000,4569.43,4570.08,4569.43,4569.74,3.5846
2026-08-28 02:03:00,1787882580000,4570.05,4570.8,4570.05,4570.8,0.0183
2026-08-28 02:04:00,1787882640000,4569.35,4569.81,4569.35,4569.81,0.0297
2026-08-28 02:05:00,1787882700000,4571.71,4571.71,4571.71,4571.71,0.1989
2026-08-28 02:06:00,1787882760000,4571.71,4571.71,4571.71,4571.71,0.044
2026-08-28 02:07:00,1787882820000,4571.72,4572.15,4571.72,4572.15,0.0473
2026-08-28 02:08:00,1787882880000,4572.4,4573.27,4572.4,4573.27,0.0278
2026-08-28 02:09:00,1787882940000,4574.41,4574.41,4574.4,4574.4,0.0974
2026-08-28 02:10:00,1787883000000,4574.39,4574.4,4574.39,4574.4,0.018
2026-08-28 02:11:00,1787883060000,4574.71,4574.94,4574.02,4574.02,0.5748
2026-08-28 02:12:00,1787883120000,4572.42,4573.73,4572.42,4573.73,0.0086
2026-08-28 02:13:00,1787883180000,4572.18,4575.41,4572.18,4575.4,0.8418
2026-08-28 02:14:00,1787883240000,4574.48,4574.48,4574.48,4574.48,0.0915
2026-08-28 02:15:00,1787883300000,4574.48,4574.48,4573.1,4573.1,0.2518
2026-08-28 02:16:00,1787883360000,4573.1,4573.1,4571.77,4571.77,0.1033
2026-08-28 02:17:00,1787883420000,4571.78,4572.82,4571.78,4572.82,0.273
2026-08-28 02:18:00,1787883480000,4572.91,4572.91,4572.9,4572.91,0.0191
2026-08-28 02:19:00,1787883540000,4574.49,4574.49,4574.49,4574.49,0.0065
2026-08-28 02:20:00,1787883600000,4574.48,4574.48,4574.48,4574.48,0.1661
2026-08-28 02:21:00,1787883660000,4573.81,4574.47,4573.81,4574.39,0.0219
2026-08-28 02:22:00,1787883720000,4574.13,4574.14,4574.13,4574.14,0.3799
2026-08-28 02:23:00,1787883780000,4574.15,4575.52,4574.15,4575.52,0.1589
2026-08-28 02:24:00,1787883840000,4575.78,4576.99,4575.78,4576.99,0.7569
2026-08-28 02:25:00,1787883900000,4576.98,4577.0,4576.98,4577.0,0.0442
2026-08-28 02:26:00,1787883960000,4577.0,4577.0,4577.0,4577.0,0.0
2026-08-28 02:27:00,1787884020000,4576.33,4576.98,4575.86,4576.98,1.3856
2026-08-28 02:28:00,1787884080000,4577.0,4577.0,4577.0,4577.0,0.3675
2026-08-28 02:29:00,1787884140000,4577.7,4577.7,4576.77,4576.77,0.0974
2026-08-28 02:30:00,1787884200000,4576.89,4579.45,4576.89,4579.45,0.2236
2026-08-28 02:31:00,1787884260000,4579.45,4579.85,4579.45,4579.48,2.36
2026-08-28 02:32:00,1787884320000,4579.47,4579.47,4576.79,4578.04,0.9499
2026-08-28 02:33:00,1787884380000,4578.2,4578.21,4577.26,4577.26,0.4372
2026-08-28 02:34:00,1787884440000,4576.97,4578.16,4576.97,4578.16,0.0728
2026-08-28 02:35:00,1787884500000,4578.21,4578.26,4578.21,4578.26,0.035
2026-08-28 02:36:00,1787884560000,4579.08,4579.08,4579.08,4579.08,0.0055
2026-08-28 02:37:00,1787884620000,4579.71,4579.71,4579.71,4579.71,0.0052
2026-08-28 02:38:00,1787884680000,4579.99,4581.0,4579.99,4580.99,0.059
2026-08-28 02:39:00,1787884740000,4581.0,4582.29,4580.86,4580.86,9.4815
2026-08-28 02:40:00,1787884800000,4580.86,4580.86,4580.0,4580.0,0.008
2026-08-28 02:41:00,1787884860000,4580.0,4580.0,4579.36,4579.36,2.6185
2026-08-28 02:42:00,1787884920000,4579.36,4579.36,4579.36,4579.36,0.0
2026-08-28 02:43:00,1787884980000,4578.85,4578.85,4577.69,4577.69,0.03
2026-08-28 02:44:00,1787885040000,4577.24,4577.24,4577.01,4577.01,0.1776
2026-08-28 02:45:00,1787885100000,4577.01,4577.71,4575.4,4575.81,3.3094
2026-08-28 02:46:00,1787885160000,4575.51,4575.51,4575.18,4575.18,1.0279
2026-08-28 02:47:00,1787885220000,4576.41,4576.41,4574.47,4575.28,5.3295
2026-08-28 02:48:00,1787885280000,4575.72,4575.72,4575.72,4575.72,0.0035
2026-08-28 02:49:00,1787885340000,4575.86,4578.16,4575.47,4578.09,6.5509
2026-08-28 02:50:00,1787885400000,4578.35,4578.35,4577.25,4577.25,1.049
2026-08-28 02:51:00,1787885460000,4578.62,4578.62,4578.62,4578.62,0.011
2026-08-28 02:52:00,1787885520000,4578.63,4578.63,4578.62,4578.62,0.0084
2026-08-28 02:53:00,1787885580000,4578.63,4578.63,4578.1,4578.1,2.5926
2026-08-28 02:54:00,1787885640000,4577.89,4577.89,4577.89,4577.89,0.0218
2026-08-28 02:55:00,1787885700000,4578.1,4578.1,4578.1,4578.1,5.5492
2026-08-28 02:56:00,1787885760000,4576.76,4576.76,4576.76,4576.76,0.0529
2026-08-28 02:57:00,1787885820000,4576.76,4576.76,4576.76,4576.76,0.0178
2026-08-28 02:58:00,1787885880000,4576.76,4577.91,4576.76,4577.91,0.8488
2026-08-28 02:59:00,1787885940000,4578.1,4578.1,4578.1,4578.1,0.0011
2026-08-28 03:00:00,1787886000000,4578.1,4579.55,4578.1,4579.55,1.2405
2026-08-28 03:01:00,1787886060000,4579.54,4579.54,4579.48,4579.48,0.4313
2026-08-28 03:02:00,1787886120000,4579.48,4579.48,4577.7,4577.7,10.8176
2026-08-28 03:03:00,1787886180000,4578.44,4578.44,4577.81,4577.81,0.1772
2026-08-28 03:04:00,1787886240000,4578.63,4579.73,4578.63,4579.73,0.1795
2026-08-28 03:05:00,1787886300000,4580.46,4580.46,4579.57,4579.57,0.1571
2026-08-28 03:06:00,1787886360000,4580.44,4580.45,4579.76,4579.76,0.0764
2026-08-28 03:07:00,1787886420000,4579.25,4579.25,4579.12,4579.12,0.0075
2026-08-28 03:08:00,1787886480000,4579.12,4579.12,4579.11,4579.11,0.0121
2026-08-28 03:09:00,1787886540000,4578.21,4578.21,4578.21,4578.21,0.0243
2026-08-28 03:10:00,1787886600000,4579.07,4579.53,4577.16,4578.91,24.486
2026-08-28 03:11:00,1787886660000,4579.09,4579.54,4579.09,4579.54,0.3057
2026-08-28 03:12:00,1787886720000,4579.69,4580.14,4579.69,4580.14,0.9509
2026-08-28 03:13:00,1787886780000,4577.89,4577.89,4576.32,4576.32,0.1414
2026-08-28 03:14:00,1787886840000,4576.56,4576.56,4576.56,4576.56,0.0467
2026-08-28 03:15:00,1787886900000,4576.77,4578.84,4576.77,4578.84,2.6302
2026-08-28 03:16:00,1787886960000,4578.84,4578.84,4578.84,4578.84,0.0
2026-08-28 03:17:00,1787887020000,4578.6,4579.73,4578.58,4579.13,3.1607
2026-08-28 03:18:00,1787887080000,4580.47,4580.47,4579.08,4579.08,0.0605
2026-08-28 03:19:00,1787887140000,4579.08,4579.08,4579.08,4579.08,0.0
2026-08-28 03:20:00,1787887200000,4579.49,4579.49,4579.21,4579.21,0.0239
2026-08-28 03:21:00,1787887260000,4579.21,4580.47,4579.21,4580.47,0.5424
2026-08-28 03:22:00,1787887320000,4580.68,4580.75,4580.68,4580.75,0.7209
2026-08-28 03:23:00,1787887380000,4581.2,4581.47,4580.93,4580.93,0.8539
2026-08-28 03:24:00,1787887440000,4581.39,4581.39,4581.39,4581.39,0.572
2026-08-28 03:25:00,1787887500000,4581.79,4582.31,4581.79,4582.31,0.0426
2026-08-28 03:26:00,1787887560000,4580.93,4580.93,4580.92,4580.92,0.3857
2026-08-28 03:27:00,1787887620000,4580.16,4580.16,4579.86,4579.86,0.2225
2026-08-28 03:28:00,1787887680000,4579.85,4580.47,4579.85,4580.47,0.1663
2026-08-28 03:29:00,1787887740000,4580.47,4581.38,4580.32,4581.38,0.3629
2026-08-28 03:30:00,1787887800000,4580.98,4580.98,4578.81,4578.81,0.215
2026-08-28 03:31:00,1787887860000,4577.47,4578.16,4577.47,4578.15,0.3392
2026-08-28 03:32:00,1787887920000,4577.48,4577.48,4577.47,4577.47,0.1139
2026-08-28 03:33:00,1787887980000,4577.46,4577.46,4576.24,4576.24,1.1243
2026-08-28 03:34:00,1787888040000,4576.29,4576.29,4576.03,4576.19,1.0308
2026-08-28 03:35:00,1787888100000,4576.19,4576.19,4576.19,4576.19,0.0
2026-08-28 03:36:00,1787888160000,4575.72,4575.72,4575.27,4575.36,0.1837
2026-08-28 03:37:00,1787888220000,4575.87,4575.98,4575.87,4575.98,0.1762
2026-08-28 03:38:00,1787888280000,4575.98,4575.98,4575.86,4575.86,0.7531
2026-08-28 03:39:00,1787888340000,4575.86,4575.86,4575.86,4575.86,0.0
2026-08-28 03:40:00,1787888400000,4575.14,4575.14,4574.67,4574.67,4.7653
2026-08-28 03:41:00,1787888460000,4575.12,4575.35,4574.68,4574.68,0.8444
2026-08-28 03:42:00,1787888520000,4574.67,4574.67,4574.67,4574.67,0.0073
2026-08-28 03:43:00,1787888580000,4574.22,4575.05,4574.22,4574.51,0.278
2026-08-28 03:44:00,1787888640000,4574.51,4574.51,4574.51,4574.51,0.0
2026-08-28 03:45:00,1787888700000,4574.48,4574.48,4573.42,4573.42,1.0355
2026-08-28 03:46:00,1787888760000,4572.71,4572.8,4572.0,4572.34,6.5136
2026-08-28 03:47:00,1787888820000,4572.34,4572.34,4572.34,4572.34,0.352
2026-08-28 03:48:00,1787888880000,4572.35,4572.5,4572.34,4572.5,0.0092
2026-08-28 03:49:00,1787888940000,4572.68,4572.68,4572.68,4572.68,0.0043
2026-08-28 03:50:00,1787889000000,4572.8,4572.8,4572.8,4572.8,0.0076
2026-08-28 03:51:00,1787889060000,4572.79,4572.79,4572.34,4572.34,0.1011
2026-08-28 03:52:00,1787889120000,4572.49,4572.5,4571.77,4572.0,5.8987
2026-08-28 03:53:00,1787889180000,4572.0,4572.0,4572.0,4572.0,0.0
2026-08-28 03:54:00,1787889240000,4571.78,4571.78,4571.72,4571.72,0.0622
2026-08-28 03:55:00,1787889300000,4572.4,4572.4,4572.4,4572.4,0.2777
2026-08-28 03:56:00,1787889360000,4572.07,4572.07,4572.07,4572.07,0.0043
2026-08-28 03:57:00,1787889420000,4572.07,4572.07,4572.07,4572.07,0.0054
2026-08-28 03:58:00,1787889480000,4572.07,4572.07,4572.07,4572.07,0.0
2026-08-28 03:59:00,1787889540000,4571.73,4571.93,4571.73,4571.93,0.0458
2026-08-28 04:00:00,1787889600000,4572.07,4572.07,4572.07,4572.07,0.0565
2026-08-28 04:01:00,1787889660000,4571.74,4571.74,4571.74,4571.74,0.488
2026-08-28 04:02:00,1787889720000,4571.75,4571.75,4571.75,4571.75,0.0146
2026-08-28 04:03:00,1787889780000,4571.74,4571.74,4571.18,4571.68,4.4884
2026-08-28 04:04:00,1787889840000,4571.67,4571.67,4571.61,4571.61,0.9224
2026-08-28 04:05:00,1787889900000,4571.6,4571.6,4571.6,4571.6,0.0463
2026-08-28 04:06:00,1787889960000,4571.6,4571.6,4570.88,4570.88,0.4107
2026-08-28 04:07:00,1787890020000,4570.87,4570.88,4570.69,4570.69,0.3099
2026-08-28 04:08:00,1787890080000,4570.69,4570.69,4570.69,4570.69,0.3122
2026-08-28 04:09:00,1787890140000,4570.69,4571.21,4570.69,4571.0,2.4783
2026-08-28 04:10:00,1787890200000,4571.0,4572.7,4570.99,4572.59,38.9283
2026-08-28 04:11:00,1787890260000,4572.6,4572.6,4572.59,4572.59,0.0224
2026-08-28 04:12:00,1787890320000,4572.6,4572.6,4572.38,4572.38,0.4863
2026-08-28 04:13:00,1787890380000,4572.38,4572.38,4572.38,4572.38,0.0
2026-08-28 04:14:00,1787890440000,4572.38,4572.8,4571.04,4571.04,2.2851
2026-08-28 04:15:00,1787890500000,4571.58,4571.97,4571.58,4571.97,1.256
2026-08-28 04:16:00,1787890560000,4572.87,4573.26,4572.87,4573.26,0.7164
2026-08-28 04:17:00,1787890620000,4573.31,4573.31,4573.31,4573.31,0.003
2026-08-28 04:18:00,1787890680000,4573.32,4574.43,4573.32,4574.43,2.5647
2026-08-28 04:19:00,1787890740000,4574.55,4574.87,4574.55,4574.87,0.0822
2026-08-28 04:20:00,1787890800000,4575.64,4575.65,4575.64,4575.65,0.0073
2026-08-28 04:21:00,1787890860000,4575.87,4575.87,4575.87,4575.87,0.1092
2026-08-28 04:22:00,1787890920000,4575.87,4576.53,4575.87,4576.53,0.6695
2026-08-28 04:23:00,1787890980000,4576.53,4576.53,4576.53,4576.53,0.0051
2026-08-28 04:24:00,1787891040000,4575.66,4576.52,4575.66,4576.51,0.1205
2026-08-28 04:25:00,1787891100000,4576.63,4576.63,4576.62,4576.63,0.0138
2026-08-28 04:26:00,1787891160000,4577.39,4577.39,4577.24,4577.24,0.2149
2026-08-28 04:27:00,1787891220000,4577.24,4577.24,4577.24,4577.24,0.0
2026-08-28 04:28:00,1787891280000,4576.63,4576.63,4576.62,4576.62,0.3274
2026-08-28 04:29:00,1787891340000,4575.87,4576.26,4575.86,4576.26,1.1686
2026-08-28 04:30:00,1787891400000,4576.31,4576.31,4575.41,4575.41,0.7326
2026-08-28 04:31:00,1787891460000,4576.66,4576.68,4576.66,4576.68,0.164
2026-08-28 04:32:00,1787891520000,4576.68,4576.68,4576.68,4576.68,0.0
2026-08-28 04:33:00,1787891580000,4576.68,4576.68,4576.68,4576.68,0.0
2026-08-28 04:34:00,1787891640000,4574.95,4575.4,4574.95,4575.4,1.0259
2026-08-28 04:35:00,1787891700000,4574.94,4574.94,4574.02,4574.02,0.0191
2026-08-28 04:36:00,1787891760000,4573.66,4573.66,4573.11,4573.11,0.0228
2026-08-28 04:37:00,1787891820000,4573.1,4573.1,4573.1,4573.1,0.0017
2026-08-28 04:38:00,1787891880000,4573.1,4573.1,4573.1,4573.1,1.0144
2026-08-28 04:39:00,1787891940000,4573.1,4573.1,4573.1,4573.1,0.0
2026-08-28 04:40:00,1787892000000,4571.0,4571.94,4571.0,4571.94,0.1347
2026-08-28 04:41:00,1787892060000,4572.02,4572.02,4572.02,4572.02,0.125
2026-08-28 04:42:00,1787892120000,4572.02,4572.02,4572.02,4572.02,0.0
2026-08-28 04:43:00,1787892180000,4572.37,4572.65,4572.37,4572.65,0.193
2026-08-28 04:44:00,1787892240000,4572.65,4573.25,4572.65,4573.25,0.2518
2026-08-28 04:45:00,1787892300000,4572.76,4572.76,4571.98,4571.98,0.0459
2026-08-28 04:46:00,1787892360000,4571.94,4571.94,4571.94,4571.94,0.0066
2026-08-28 04:47:00,1787892420000,4571.98,4573.12,4571.98,4573.11,0.6485
2026-08-28 04:48:00,1787892480000,4574.49,4574.62,4574.49,4574.62,0.1664
2026-08-28 04:49:00,1787892540000,4574.93,4574.93,4574.93,4574.93,0.3523
2026-08-28 04:50:00,1787892600000,4574.31,4574.55,4574.31,4574.54,0.0281
2026-08-28 04:51:00,1787892660000,4574.56,4574.56,4574.56,4574.56,0.4371
2026-08-28 04:52:00,1787892720000,4575.4,4575.4,4575.24,4575.24,0.0036
2026-08-28 04:53:00,1787892780000,4575.23,4575.23,4575.23,4575.23,0.0453
2026-08-28 04:54:00,1787892840000,4575.23,4575.23,4575.23,4575.23,0.0016
2026-08-28 04:55:00,1787892900000,4575.23,4575.23,4574.62,4574.63,0.3242
2026-08-28 04:56:00,1787892960000,4574.63,4575.42,4574.63,4575.42,0.5273
2026-08-28 04:57:00,1787893020000,4575.55,4576.0,4575.55,4576.0,0.661
2026-08-28 04:58:00,1787893080000,4576.62,4577.32,4576.62,4577.32,0.1776
2026-08-28 04:59:00,1787893140000,4577.6,4577.6,4577.46,4577.46,0.6008
2026-08-28 05:00:00,1787893200000,4577.05,4577.31,4576.89,4577.07,0.0241
2026-08-28 05:01:00,1787893260000,4577.38,4577.38,4577.38,4577.38,0.0503
2026-08-28 05:02:00,1787893320000,4576.89,4576.89,4575.87,4575.87,0.3381
2026-08-28 05:03:00,1787893380000,4575.87,4575.87,4575.87,4575.87,0.2185
2026-08-28 05:04:00,1787893440000,4575.87,4575.87,4575.46,4575.46,0.0912
2026-08-28 05:05:00,1787893500000,4575.21,4575.21,4575.2,4575.2,0.2191
2026-08-28 05:06:00,1787893560000,4575.17,4575.17,4574.5,4574.5,0.072
2026-08-28 05:07:00,1787893620000,4572.76,4572.76,4572.76,4572.76,0.0012
2026-08-28 05:08:00,1787893680000,4572.75,4572.75,4572.75,4572.75,0.002
2026-08-28 05:09:00,1787893740000,4572.75,4572.75,4572.18,4572.18,0.3474
2026-08-28 05:10:00,1787893800000,4571.73,4571.73,4571.27,4571.27,0.0099
2026-08-28 05:11:00,1787893860000,4571.27,4571.27,4571.27,4571.27,0.0
2026-08-28 05:12:00,1787893920000,4571.99,4571.99,4571.99,4571.99,0.1342
2026-08-28 05:13:00,1787893980000,4571.99,4571.99,4571.99,4571.99,0.0
2026-08-28 05:14:00,1787894040000,4571.99,4571.99,4571.99,4571.99,0.0
2026-08-28 05:15:00,1787894100000,4572.75,4572.75,4572.75,4572.75,0.0022
2026-08-28 05:16:00,1787894160000,4572.3,4572.3,4572.3,4572.3,0.0058
2026-08-28 05:17:00,1787894220000,4572.48,4572.48,4572.47,4572.47,0.169
2026-08-28 05:18:00,1787894280000,4572.64,4572.64,4572.64,4572.64,0.0013
2026-08-28 05:19:00,1787894340000,4572.75,4572.75,4572.75,4572.75,1.042
2026-08-28 05:20:00,1787894400000,4574.47,4574.47,4574.47,4574.47,0.0092
2026-08-28 05:21:00,1787894460000,4573.56,4574.0,4573.56,4574.0,0.6
2026-08-28 05:22:00,1787894520000,4573.67,4573.67,4573.67,4573.67,0.0087
2026-08-28 05:23:00,1787894580000,4574.0,4575.66,4574.0,4575.66,0.1924
2026-08-28 05:24:00,1787894640000,4576.33,4576.74,4576.33,4576.74,0.1683
2026-08-28 05:25:00,1787894700000,4576.73,4576.73,4576.73,4576.73,0.0275
2026-08-28 05:26:00,1787894760000,4576.79,4577.27,4576.79,4577.27,0.164
2026-08-28 05:27:00,1787894820000,4577.95,4577.95,4577.41,4577.41,0.1883
2026-08-28 05:28:00,1787894880000,4576.03,4576.03,4576.02,4576.02,0.0891
2026-08-28 05:29:00,1787894940000,4576.56,4576.56,4576.56,4576.56,0.0158
2026-08-28 05:30:00,1787895000000,4576.63,4576.63,4572.09,4573.59,3.4264
2026-08-28 05:31:00,1787895060000,4574.93,4575.83,4574.48,4574.53,4.8501
2026-08-28 05:32:00,1787895120000,4574.53,4575.81,4574.19,4574.19,1.6447
2026-08-28 05:33:00,1787895180000,4573.56,4573.56,4571.31,4571.31,0.1379
2026-08-28 05:34:00,1787895240000,4571.81,4573.09,4571.27,4571.98,0.9061
2026-08-28 05:35:00,1787895300000,4572.19,4572.41,4571.69,4571.88,0.622
2026-08-28 05:36:00,1787895360000,4572.17,4572.47,4568.58,4569.88,13.1004
2026-08-28 05:37:00,1787895420000,4570.11,4572.18,4570.11,4572.18,0.4794
2026-08-28 05:38:00,1787895480000,4570.51,4570.51,4569.13,4569.13,0.3627
2026-08-28 05:39:00,1787895540000,4568.55,4568.55,4568.27,4568.27,0.0854
2026-08-28 05:40:00,1787895600000,4568.04,4568.96,4567.74,4568.96,0.8462
2026-08-28 05:41:00,1787895660000,4568.17,4568.82,4568.17,4568.82,0.1521
2026-08-28 05:42:00,1787895720000,4568.55,4568.72,4568.04,4568.04,0.4441
2026-08-28 05:43:00,1787895780000,4567.62,4567.62,4566.0,4566.41,1.769
2026-08-28 05:44:00,1787895840000,4566.42,4566.42,4566.0,4566.4,0.1417
2026-08-28 05:45:00,1787895900000,4566.4,4566.4,4566.01,4566.33,4.2322
2026-08-28 05:46:00,1787895960000,4566.43,4566.43,4566.0,4566.27,2.3259
2026-08-28 05:47:00,1787896020000,4566.74,4568.17,4566.74,4568.17,1.4377
2026-08-28 05:48:00,1787896080000,4568.15,4568.15,4566.83,4566.83,0.1213
2026-08-28 05:49:00,1787896140000,4566.67,4566.67,4566.0,4566.0,0.6594
2026-08-28 05:50:00,1787896200000,4567.91,4567.91,4567.91,4567.91,0.0024
2026-08-28 05:51:00,1787896260000,4568.13,4568.43,4568.13,4568.43,0.0864
2026-08-28 05:52:00,1787896320000,4568.42,4568.43,4567.58,4567.83,0.2567
2026-08-28 05:53:00,1787896380000,4567.35,4567.91,4567.35,4567.91,0.004
2026-08-28 05:54:00,1787896440000,4568.32,4568.43,4568.32,4568.43,0.1637
2026-08-28 05:55:00,1787896500000,4569.6,4569.96,4568.97,4569.96,2.1135
2026-08-28 05:56:00,1787896560000,4568.4,4568.4,4568.4,4568.4,0.0025
2026-08-28 05:57:00,1787896620000,4569.21,4569.23,4569.21,4569.23,0.4181
2026-08-28 05:58:00,1787896680000,4569.87,4569.87,4568.61,4568.61,0.3136
2026-08-28 05:59:00,1787896740000,4568.24,4568.24,4566.21,4566.22,1.8369
2026-08-28 06:00:00,1787896800000,4566.54,4567.58,4566.54,4567.58,0.5335
2026-08-28 06:01:00,1787896860000,4567.46,4568.05,4567.46,4568.05,0.0345
2026-08-28 06:02:00,1787896920000,4569.01,4569.42,4568.62,4569.42,0.4915
2026-08-28 06:03:00,1787896980000,4567.71,4568.28,4567.13,4567.13,0.4961
2026-08-28 06:04:00,1787897040000,4569.31,4570.23,4569.31,4570.23,1.8331
2026-08-28 06:05:00,1787897100000,4570.23,4570.23,4570.23,4570.23,0.0
2026-08-28 06:06:00,1787897160000,4568.85,4568.85,4568.85,4568.85,0.025
2026-08-28 06:07:00,1787897220000,4568.85,4569.06,4568.85,4569.06,0.0043
2026-08-28 06:08:00,1787897280000,4570.15,4572.49,4570.15,4572.49,3.3812
2026-08-28 06:09:00,1787897340000,4573.1,4573.11,4573.1,4573.11,0.6162
2026-08-28 06:10:00,1787897400000,4573.77,4574.77,4573.37,4574.31,10.3886
2026-08-28 06:11:00,1787897460000,4574.03,4575.0,4574.03,4575.0,1.7098
2026-08-28 06:12:00,1787897520000,4575.39,4575.88,4575.29,4575.87,0.4704
2026-08-28 06:13:00,1787897580000,4575.92,4575.92,4575.92,4575.92,0.6665
2026-08-28 06:14:00,1787897640000,4574.49,4574.49,4574.49,4574.49,0.4371
2026-08-28 06:15:00,1787897700000,4575.41,4575.41,4575.41,4575.41,0.0022
2026-08-28 06:16:00,1787897760000,4575.87,4576.34,4575.87,4576.34,0.008
2026-08-28 06:17:00,1787897820000,4576.34,4577.1,4576.34,4577.1,0.2958
2026-08-28 06:18:00,1787897880000,4577.68,4577.68,4576.78,4576.78,4.1584
2026-08-28 06:19:00,1787897940000,4576.78,4576.78,4576.78,4576.78,0.0
2026-08-28 06:20:00,1787898000000,4575.99,4576.01,4575.99,4576.01,0.038
2026-08-28 06:21:00,1787898060000,4576.31,4576.32,4576.31,4576.31,0.2875
2026-08-28 06:22:00,1787898120000,4576.69,4576.69,4576.0,4576.0,0.1027
2026-08-28 06:23:00,1787898180000,4576.78,4577.43,4576.78,4577.43,0.0102
2026-08-28 06:24:00,1787898240000,4577.23,4577.23,4576.32,4576.32,0.004
2026-08-28 06:25:00,1787898300000,4576.8,4576.8,4576.8,4576.8,0.011
2026-08-28 06:26:00,1787898360000,4576.8,4576.8,4576.8,4576.8,0.0
2026-08-28 06:27:00,1787898420000,4578.01,4578.11,4578.01,4578.11,0.0093
2026-08-28 06:28:00,1787898480000,4577.25,4577.25,4577.25,4577.25,0.002
2026-08-28 06:29:00,1787898540000,4577.18,4577.71,4577.18,4577.71,0.3703
2026-08-28 06:30:00,1787898600000,4577.72,4577.72,4577.72,4577.72,0.0017
2026-08-28 06:31:00,1787898660000,4578.11,4578.11,4578.1,4578.1,0.0262
2026-08-28 06:32:00,1787898720000,4577.25,4577.25,4577.25,4577.25,0.0014
2026-08-28 06:33:00,1787898780000,4576.33,4576.93,4576.33,4576.92,0.0498
2026-08-28 06:34:00,1787898840000,4576.01,4579.4,4576.01,4576.79,7.3636
2026-08-28 06:35:00,1787898900000,4576.79,4578.88,4576.69,4578.88,0.4233
2026-08-28 06:36:00,1787898960000,4579.34,4579.99,4578.86,4578.87,0.2799
2026-08-28 06:37:00,1787899020000,4578.63,4578.86,4578.37,4578.86,0.0535
2026-08-28 06:38:00,1787899080000,4578.16,4578.39,4578.12,4578.39,0.2233
2026-08-28 06:39:00,1787899140000,4578.17,4578.74,4578.17,4578.74,0.8341
2026-08-28 06:40:00,1787899200000,4578.16,4578.16,4577.24,4577.68,0.0558
2026-08-28 06:41:00,1787899260000,4577.25,4577.25,4577.25,4577.25,0.0192
2026-08-28 06:42:00,1787899320000,4579.08,4579.08,4579.07,4579.07,0.5921
2026-08-28 06:43:00,1787899380000,4577.86,4577.86,4577.86,4577.86,0.0624
2026-08-28 06:44:00,1787899440000,4578.96,4580.53,4578.96,4580.53,5.3503
2026-08-28 06:45:00,1787899500000,4580.88,4582.09,4580.88,4582.09,0.3604
2026-08-28 06:46:00,1787899560000,4583.3,4583.78,4583.3,4583.78,0.0585
2026-08-28 06:47:00,1787899620000,4583.78,4585.71,4583.78,4585.71,0.9382
2026-08-28 06:48:00,1787899680000,4585.84,4586.64,4584.88,4586.64,1.5025
2026-08-28 06:49:00,1787899740000,4586.94,4590.58,4586.94,4590.58,1.2147
2026-08-28 06:50:00,1787899800000,4590.59,4591.72,4589.52,4590.57,2.0361
2026-08-28 06:51:00,1787899860000,4591.45,4594.11,4590.99,4594.11,5.1357
2026-08-28 06:52:00,1787899920000,4594.27,4596.71,4594.27,4596.1,2.8425
2026-08-28 06:53:00,1787899980000,4596.96,4597.65,4596.96,4597.65,0.0303
2026-08-28 06:54:00,1787900040000,4596.25,4596.25,4595.2,4595.2,0.183
2026-08-28 06:55:00,1787900100000,4595.83,4598.44,4595.83,4598.44,3.1128
2026-08-28 06:56:00,1787900160000,4598.45,4600.0,4598.45,4600.0,0.4009
2026-08-28 06:57:00,1787900220000,4600.0,4602.01,4600.0,4602.01,17.1379
2026-08-28 06:58:00,1787900280000,4602.01,4602.47,4602.01,4602.47,0.4725
2026-08-28 06:59:00,1787900340000,4602.35,4604.29,4602.35,4604.29,4.8395
2026-08-28 07:00:00,1787900400000,4604.0,4604.0,4600.55,4600.55,9.2921
2026-08-28 07:01:00,1787900460000,4598.92,4600.54,4597.7,4599.72,1.8267
2026-08-28 07:02:00,1787900520000,4600.54,4600.55,4600.54,4600.55,0.0673
2026-08-28 07:03:00,1787900580000,4599.9,4600.71,4599.9,4600.71,13.2401
2026-08-28 07:04:00,1787900640000,4600.49,4600.71,4599.26,4599.26,0.0129
2026-08-28 07:05:00,1787900700000,4599.4,4599.4,4598.4,4598.4,0.0764
2026-08-28 07:06:00,1787900760000,4597.98,4597.98,4597.03,4597.03,0.216
2026-08-28 07:07:00,1787900820000,4597.28,4597.28,4594.27,4594.3,4.0489
2026-08-28 07:08:00,1787900880000,4594.45,4594.46,4592.58,4592.59,2.7168
2026-08-28 07:09:00,1787900940000,4593.34,4593.34,4592.0,4592.0,0.0079
2026-08-28 07:10:00,1787901000000,4592.84,4593.03,4589.23,4589.23,2.3194
2026-08-28 07:11:00,1787901060000,4589.39,4590.44,4589.39,4590.13,0.3074
2026-08-28 07:12:00,1787901120000,4590.58,4591.93,4590.58,4591.93,3.0778
2026-08-28 07:13:00,1787901180000,4593.36,4594.03,4593.36,4594.03,0.1715
2026-08-28 07:14:00,1787901240000,4594.27,4595.17,4594.27,4595.17,0.0861
2026-08-28 07:15:00,1787901300000,4593.35,4593.61,4592.88,4593.61,2.594
2026-08-28 07:16:00,1787901360000,4593.76,4594.27,4593.34,4593.34,0.194
2026-08-28 07:17:00,1787901420000,4595.93,4597.03,4595.93,4597.02,1.3733
2026-08-28 07:18:00,1787901480000,4596.35,4597.46,4595.53,4597.46,0.3722
2026-08-28 07:19:00,1787901540000,4599.17,4599.17,4598.29,4598.29,0.0912
2026-08-28 07:20:00,1787901600000,4598.59,4599.99,4598.59,4599.99,0.2754
2026-08-28 07:21:00,1787901660000,4599.99,4600.88,4599.99,4600.68,0.0837
2026-08-28 07:22:00,1787901720000,4600.28,4601.68,4600.27,4601.68,1.2066
2026-08-28 07:23:00,1787901780000,4601.23,4601.68,4600.8,4600.8,1.1238
2026-08-28 07:24:00,1787901840000,4600.64,4600.64,4598.88,4598.88,0.1651
2026-08-28 07:25:00,1787901900000,4599.73,4600.64,4599.73,4600.63,0.1118
2026-08-28 07:26:00,1787901960000,4600.64,4601.0,4600.32,4600.4,0.1518
2026-08-28 07:27:00,1787902020000,4600.84,4600.84,4599.78,4599.78,1.6267
2026-08-28 07:28:00,1787902080000,4599.64,4599.93,4599.64,4599.93,0.0327
2026-08-28 07:29:00,1787902140000,4599.64,4599.64,4599.03,4599.03,1.087
2026-08-28 07:30:00,1787902200000,4599.19,4600.39,4599.19,4600.36,22.9576
2026-08-28 07:31:00,1787902260000,4600.43,4602.26,4600.43,4601.92,14.9055
2026-08-28 07:32:00,1787902320000,4601.92,4601.92,4601.42,4601.42,3.1672
2026-08-28 07:33:00,1787902380000,4601.63,4603.99,4601.63,4603.99,6.0563
2026-08-28 07:34:00,1787902440000,4603.99,4604.01,4603.99,4603.99,5.0275
2026-08-28 07:35:00,1787902500000,4603.99,4604.6,4603.98,4604.58,4.6449
2026-08-28 07:36:00,1787902560000,4604.67,4606.66,4604.67,4606.4,12.3839
2026-08-28 07:37:00,1787902620000,4606.37,4606.65,4606.36,4606.36,1.3048
2026-08-28 07:38:00,1787902680000,4605.91,4605.91,4603.99,4604.35,5.8134
2026-08-28 07:39:00,1787902740000,4604.35,4605.19,4603.08,4603.09,2.8999
2026-08-28 07:40:00,1787902800000,4603.16,4603.17,4602.62,4602.62,1.2348
2026-08-28 07:41:00,1787902860000,4602.63,4603.07,4601.89,4601.89,0.7988
2026-08-28 07:42:00,1787902920000,4601.89,4601.89,4601.36,4601.8,4.8156
2026-08-28 07:43:00,1787902980000,4602.17,4602.52,4602.17,4602.52,2.1136
2026-08-28 07:44:00,1787903040000,4602.68,4602.68,4602.3,4602.3,0.999
2026-08-28 07:45:00,1787903100000,4602.31,4603.0,4601.84,4601.84,0.8976
2026-08-28 07:46:00,1787903160000,4601.84,4602.55,4601.84,4602.54,2.0892
2026-08-28 07:47:00,1787903220000,4601.98,4601.98,4600.7,4601.63,2.4835
2026-08-28 07:48:00,1787903280000,4601.63,4603.9,4601.63,4603.9,3.6173
2026-08-28 07:49:00,1787903340000,4603.38,4604.54,4603.38,4604.38,4.106
2026-08-28 07:50:00,1787903400000,4604.02,4604.79,4604.02,4604.63,8.104
2026-08-28 07:51:00,1787903460000,4604.64,4604.64,4604.04,4604.55,1.9131
2026-08-28 07:52:00,1787903520000,4604.55,4604.95,4604.55,4604.95,5.7806
2026-08-28 07:53:00,1787903580000,4604.99,4606.47,4604.99,4606.47,5.4439
2026-08-28 07:54:00,1787903640000,4606.19,4606.19,4604.05,4605.83,8.7026
2026-08-28 07:55:00,1787903700000,4605.72,4606.72,4605.72,4606.72,1.1478
2026-08-28 07:56:00,1787903760000,4606.71,4607.84,4606.22,4607.23,10.7264
2026-08-28 07:57:00,1787903820000,4606.97,4606.97,4604.19,4604.8,3.5056
2026-08-28 07:58:00,1787903880000,4605.06,4605.87,4605.06,4605.87,1.0973
2026-08-28 07:59:00,1787903940000,4606.05,4606.23,4606.05,4606.22,1.975
2026-08-28 08:00:00,1787904000000,4606.22,4607.11,4605.31,4607.11,3.2174
2026-08-28 08:01:00,1787904060000,4607.9,4607.9,4607.63,4607.89,0.0345
2026-08-28 08:02:00,1787904120000,4607.9,4607.9,4607.89,4607.89,0.0856
2026-08-28 08:03:00,1787904180000,4607.64,4607.74,4607.58,4607.58,0.5043
2026-08-28 08:04:00,1787904240000,4606.83,4606.83,4606.25,4606.25,0.0076
2026-08-28 08:05:00,1787904300000,4606.52,4606.9,4606.52,4606.87,2.8608
2026-08-28 08:06:00,1787904360000,4606.24,4607.37,4606.24,4607.37,7.2466
2026-08-28 08:07:00,1787904420000,4606.63,4606.63,4605.93,4605.93,0.8409
2026-08-28 08:08:00,1787904480000,4605.02,4605.02,4603.53,4604.21,1.1117
2026-08-28 08:09:00,1787904540000,4604.89,4604.93,4604.78,4604.93,4.9527
2026-08-28 08:10:00,1787904600000,4604.62,4604.74,4604.61,4604.73,2.2626
2026-08-28 08:11:00,1787904660000,4604.74,4605.92,4604.2,4604.2,3.3314
2026-08-28 08:12:00,1787904720000,4604.32,4604.68,4604.32,4604.67,0.043
2026-08-28 08:13:00,1787904780000,4605.0,4605.0,4604.39,4604.39,0.1047
2026-08-28 08:14:00,1787904840000,4604.39,4605.0,4604.39,4605.0,0.6215
2026-08-28 08:15:00,1787904900000,4604.89,4604.99,4604.89,4604.99,0.0064
2026-08-28 08:16:00,1787904960000,4604.99,4605.0,4604.89,4604.89,0.1061
2026-08-28 08:17:00,1787905020000,4604.57,4604.57,4603.76,4603.76,1.3736
2026-08-28 08:18:00,1787905080000,4603.76,4603.76,4602.75,4602.75,1.9384
2026-08-28 08:19:00,1787905140000,4602.25,4602.25,4602.25,4602.25,0.1167
2026-08-28 08:20:00,1787905200000,4602.09,4602.36,4602.0,4602.36,0.1381
2026-08-28 08:21:00,1787905260000,4602.01,4602.01,4601.92,4601.92,0.1047
2026-08-28 08:22:00,1787905320000,4601.92,4601.92,4601.92,4601.92,0.0
2026-08-28 08:23:00,1787905380000,4601.92,4601.92,4601.92,4601.92,0.0
2026-08-28 08:24:00,1787905440000,4602.27,4603.6,4602.27,4603.6,1.6335
2026-08-28 08:25:00,1787905500000,4603.6,4603.6,4603.59,4603.59,0.2547
2026-08-28 08:26:00,1787905560000,4603.59,4603.59,4602.68,4602.68,0.4548
2026-08-28 08:27:00,1787905620000,4602.15,4602.15,4602.15,4602.15,0.5873
2026-08-28 08:28:00,1787905680000,4603.59,4603.59,4602.48,4602.48,1.0409
2026-08-28 08:29:00,1787905740000,4602.66,4602.66,4602.49,4602.49,0.0305
2026-08-28 08:30:00,1787905800000,4601.68,4601.69,4601.68,4601.69,0.0474
2026-08-28 08:31:00,1787905860000,4603.45,4603.45,4602.72,4602.72,1.0015
2026-08-28 08:32:00,1787905920000,4602.08,4602.33,4602.08,4602.33,0.0765
2026-08-28 08:33:00,1787905980000,4602.61,4602.61,4602.61,4602.61,0.0022
2026-08-28 08:34:00,1787906040000,4602.6,4602.6,4601.6,4601.76,9.8714
2026-08-28 08:35:00,1787906100000,4601.76,4602.02,4601.74,4602.02,3.4459
2026-08-28 08:36:00,1787906160000,4602.02,4603.58,4601.88,4603.27,11.1304
2026-08-28 08:37:00,1787906220000,4603.27,4603.27,4600.3,4600.3,10.6328
2026-08-28 08:38:00,1787906280000,4600.65,4600.65,4599.43,4600.24,11.8803
2026-08-28 08:39:00,1787906340000,4600.24,4600.24,4599.91,4599.91,8.886
2026-08-28 08:40:00,1787906400000,4599.91,4599.91,4598.17,4598.17,10.7658
2026-08-28 08:41:00,1787906460000,4598.17,4598.17,4597.06,4597.06,9.9041
2026-08-28 08:42:00,1787906520000,4597.06,4597.34,4597.06,4597.06,11.2789
2026-08-28 08:43:00,1787906580000,4597.06,4597.06,4596.27,4596.42,10.3805
2026-08-28 08:44:00,1787906640000,4596.56,4596.56,4595.52,4595.52,10.1631
2026-08-28 08:45:00,1787906700000,4595.52,4595.53,4594.32,4594.48,13.1176
2026-08-28 08:46:00,1787906760000,4594.49,4595.29,4593.51,4595.05,19.3314
2026-08-28 08:47:00,1787906820000,4594.66,4595.4,4594.4,4595.11,14.4314
2026-08-28 08:48:00,1787906880000,4595.4,4595.4,4594.7,4594.71,14.7694
2026-08-28 08:49:00,1787906940000,4594.95,4595.18,4594.7,4594.72,12.4946
2026-08-28 08:50:00,1787907000000,4594.82,4595.88,4594.7,4595.87,16.612
2026-08-28 08:51:00,1787907060000,4595.88,4596.94,4595.87,4596.66,13.3121
2026-08-28 08:52:00,1787907120000,4596.63,4596.94,4596.21,4596.94,10.5998
2026-08-28 08:53:00,1787907180000,4597.03,4598.86,4597.03,4598.85,13.4826
2026-08-28 08:54:00,1787907240000,4598.85,4598.85,4598.16,4598.16,2.2136
2026-08-28 08:55:00,1787907300000,4597.77,4597.77,4597.77,4597.77,0.007
2026-08-28 08:56:00,1787907360000,4597.77,4597.77,4595.81,4595.82,2.2326
2026-08-28 08:57:00,1787907420000,4595.82,4596.38,4595.82,4595.83,0.7239
2026-08-28 08:58:00,1787907480000,4595.81,4595.81,4594.72,4594.72,0.412
2026-08-28 08:59:00,1787907540000,4595.65,4595.99,4595.65,4595.99,0.0307
2026-08-28 09:00:00,1787907600000,4595.78,4597.13,4595.78,4597.13,0.0966
2026-08-28 09:01:00,1787907660000,4597.12,4597.12,4596.58,4597.12,0.4998
2026-08-28 09:02:00,1787907720000,4596.85,4596.85,4595.74,4595.8,0.2434
2026-08-28 09:03:00,1787907780000,4595.92,4596.02,4595.92,4596.02,0.1103
2026-08-28 09:04:00,1787907840000,4596.56,4597.42,4596.18,4597.42,1.6966
2026-08-28 09:05:00,1787907900000,4596.78,4596.78,4596.19,4596.19,1.2485
2026-08-28 09:06:00,1787907960000,4596.36,4596.9,4596.36,4596.9,0.0069
2026-08-28 09:07:00,1787908020000,4596.44,4596.67,4596.44,4596.67,0.024
2026-08-28 09:08:00,1787908080000,4596.18,4596.18,4596.18,4596.18,0.0637
2026-08-28 09:09:00,1787908140000,4596.19,4596.19,4595.66,4595.66,2.3663
2026-08-28 09:10:00,1787908200000,4594.83,4595.38,4594.82,4595.38,0.4692
2026-08-28 09:11:00,1787908260000,4595.37,4595.38,4595.37,4595.38,0.7057
2026-08-28 09:12:00,1787908320000,4595.12,4595.12,4594.01,4594.59,1.1633
2026-08-28 09:13:00,1787908380000,4594.6,4594.6,4593.61,4593.96,10.432
2026-08-28 09:14:00,1787908440000,4593.96,4593.97,4593.96,4593.97,0.3514
2026-08-28 09:15:00,1787908500000,4593.97,4594.63,4593.97,4594.63,1.4901
2026-08-28 09:16:00,1787908560000,4594.62,4595.77,4594.62,4594.85,2.3172
2026-08-28 09:17:00,1787908620000,4594.89,4595.1,4594.89,4595.1,0.136
2026-08-28 09:18:00,1787908680000,4594.85,4594.85,4593.83,4593.83,1.3321
2026-08-28 09:19:00,1787908740000,4594.57,4595.19,4594.08,4595.19,5.4887
2026-08-28 09:20:00,1787908800000,4595.19,4595.93,4595.19,4595.85,0.7531
2026-08-28 09:21:00,1787908860000,4594.61,4595.61,4594.59,4595.61,1.9233
2026-08-28 09:22:00,1787908920000,4595.92,4596.96,4595.92,4596.34,1.818
2026-08-28 09:23:00,1787908980000,4596.33,4596.33,4596.33,4596.33,0.0976
2026-08-28 09:24:00,1787909040000,4596.33,4596.33,4595.25,4595.67,1.7831
2026-08-28 09:25:00,1787909100000,4595.86,4595.86,4595.85,4595.86,1.3518
2026-08-28 09:26:00,1787909160000,4596.1,4596.1,4596.1,4596.1,0.1654
2026-08-28 09:27:00,1787909220000,4595.91,4595.91,4595.91,4595.91,0.0011
2026-08-28 09:28:00,1787909280000,4596.08,4596.08,4594.4,4594.4,2.636
2026-08-28 09:29:00,1787909340000,4594.41,4595.19,4594.41,4595.19,0.0086
2026-08-28 09:30:00,1787909400000,4595.19,4596.78,4595.19,4596.78,2.0599
2026-08-28 09:31:00,1787909460000,4596.77,4596.82,4595.9,4596.81,2.7133
2026-08-28 09:32:00,1787909520000,4596.82,4597.49,4596.82,4596.9,0.5627
2026-08-28 09:33:00,1787909580000,4596.82,4596.82,4595.64,4595.64,0.8015
2026-08-28 09:34:00,1787909640000,4595.65,4595.65,4595.65,4595.65,0.0291
2026-08-28 09:35:00,1787909700000,4595.21,4595.21,4595.17,4595.17,0.0177
2026-08-28 09:36:00,1787909760000,4595.94,4597.95,4595.94,4596.57,1.6332
2026-08-28 09:37:00,1787909820000,4596.57,4596.57,4595.94,4596.14,2.1788
2026-08-28 09:38:00,1787909880000,4595.94,4595.94,4595.94,4595.94,0.0014
2026-08-28 09:39:00,1787909940000,4595.94,4596.75,4595.94,4596.75,0.1799
2026-08-28 09:40:00,1787910000000,4596.74,4597.94,4596.6,4597.94,0.5889
2026-08-28 09:41:00,1787910060000,4598.16,4598.16,4597.94,4597.94,0.0229
2026-08-28 09:42:00,1787910120000,4597.93,4597.93,4596.81,4597.25,1.2818
2026-08-28 09:43:00,1787910180000,4597.1,4597.1,4596.39,4597.04,2.7265
2026-08-28 09:44:00,1787910240000,4597.4,4597.41,4597.4,4597.41,0.1363
2026-08-28 09:45:00,1787910300000,4597.41,4597.41,4597.41,4597.41,0.0217
2026-08-28 09:46:00,1787910360000,4597.93,4597.93,4597.7,4597.7,0.9613
2026-08-28 09:47:00,1787910420000,4597.04,4597.23,4597.04,4597.23,0.0165
2026-08-28 09:48:00,1787910480000,4597.23,4597.82,4597.22,4597.82,0.0712
2026-08-28 09:49:00,1787910540000,4597.82,4597.82,4597.58,4597.58,0.3192
2026-08-28 09:50:00,1787910600000,4597.58,4598.67,4597.58,4598.67,0.6937
2026-08-28 09:51:00,1787910660000,4598.67,4598.67,4598.67,4598.67,0.0
2026-08-28 09:52:00,1787910720000,4598.67,4599.59,4598.67,4599.58,0.7469
2026-08-28 09:53:00,1787910780000,4599.58,4599.59,4599.58,4599.59,0.0033
2026-08-28 09:54:00,1787910840000,4600.25,4600.25,4600.24,4600.25,0.9667
2026-08-28 09:55:00,1787910900000,4600.25,4600.81,4599.6,4599.6,1.9222
2026-08-28 09:56:00,1787910960000,4599.6,4599.6,4599.26,4599.26,0.5902
2026-08-28 09:57:00,1787911020000,4599.27,4599.27,4599.27,4599.27,0.1641
2026-08-28 09:58:00,1787911080000,4599.27,4599.59,4599.27,4599.29,0.0299
2026-08-28 09:59:00,1787911140000,4599.29,4599.29,4599.29,4599.29,0.01
2026-08-28 10:00:00,1787911200000,4599.3,4599.3,4598.26,4598.57,0.4974
2026-08-28 10:01:00,1787911260000,4597.7,4597.7,4597.44,4597.44,0.2549
2026-08-28 10:02:00,1787911320000,4597.44,4597.99,4597.44,4597.98,0.7227
2026-08-28 10:03:00,1787911380000,4598.09,4598.71,4598.09,4598.71,0.4616
2026-08-28 10:04:00,1787911440000,4598.51,4599.3,4598.09,4599.3,0.7883
2026-08-28 10:05:00,1787911500000,4598.77,4599.6,4598.77,4599.6,0.3058
2026-08-28 10:06:00,1787911560000,4599.63,4599.89,4598.86,4598.86,0.698
2026-08-28 10:07:00,1787911620000,4598.86,4600.04,4598.86,4600.04,0.9301
2026-08-28 10:08:00,1787911680000,4599.11,4599.11,4598.97,4598.97,0.6911
2026-08-28 10:09:00,1787911740000,4598.97,4599.71,4598.97,4599.71,0.2917
2026-08-28 10:10:00,1787911800000,4600.26,4600.55,4600.26,4600.26,0.7231
2026-08-28 10:11:00,1787911860000,4600.26,4600.94,4600.26,4600.67,11.6229
2026-08-28 10:12:00,1787911920000,4600.66,4600.67,4600.66,4600.66,1.7399
2026-08-28 10:13:00,1787911980000,4600.66,4600.66,4599.95,4600.25,2.9978
2026-08-28 10:14:00,1787912040000,4600.25,4601.4,4600.25,4601.4,6.4976
2026-08-28 10:15:00,1787912100000,4601.41,4602.46,4601.4,4602.45,13.0526
2026-08-28 10:16:00,1787912160000,4602.45,4602.45,4600.69,4600.69,3.8319
2026-08-28 10:17:00,1787912220000,4600.3,4600.3,4594.57,4599.41,91.6132
2026-08-28 10:18:00,1787912280000,4599.41,4599.41,4597.48,4597.48,6.0153
2026-08-28 10:19:00,1787912340000,4597.26,4597.27,4597.02,4597.02,1.0495
2026-08-28 10:20:00,1787912400000,4597.02,4597.03,4595.68,4595.94,2.0521
2026-08-28 10:21:00,1787912460000,4595.69,4595.69,4595.49,4595.49,5.5871
2026-08-28 10:22:00,1787912520000,4595.5,4596.58,4595.5,4596.57,4.1694
2026-08-28 10:23:00,1787912580000,4596.55,4596.56,4596.55,4596.56,0.7364
2026-08-28 10:24:00,1787912640000,4596.55,4596.55,4596.55,4596.55,0.2045
2026-08-28 10:25:00,1787912700000,4596.74,4596.74,4595.79,4595.79,2.5545
2026-08-28 10:26:00,1787912760000,4595.79,4595.79,4595.79,4595.79,0.0127
2026-08-28 10:27:00,1787912820000,4595.78,4595.78,4594.74,4595.64,1.1689
2026-08-28 10:28:00,1787912880000,4595.34,4596.1,4595.34,4596.1,1.2964
2026-08-28 10:29:00,1787912940000,4595.76,4597.48,4595.76,4597.48,1.9021
2026-08-28 10:30:00,1787913000000,4597.76,4600.37,4597.76,4600.37,1.6643
2026-08-28 10:31:00,1787913060000,4599.73,4599.94,4599.71,4599.71,0.9161
2026-08-28 10:32:00,1787913120000,4599.71,4599.71,4598.62,4598.62,7.1628
2026-08-28 10:33:00,1787913180000,4598.67,4599.81,4598.67,4599.81,1.7253
2026-08-28 10:34:00,1787913240000,4600.18,4600.18,4600.18,4600.18,0.0116
2026-08-28 10:35:00,1787913300000,4600.17,4600.17,4598.97,4598.97,0.85
2026-08-28 10:36:00,1787913360000,4598.22,4598.23,4598.22,4598.23,0.023
2026-08-28 10:37:00,1787913420000,4598.38,4598.38,4598.22,4598.22,0.2413
2026-08-28 10:38:00,1787913480000,4597.49,4597.49,4596.6,4596.6,0.3594
2026-08-28 10:39:00,1787913540000,4596.6,4596.6,4596.6,4596.6,0.0
2026-08-28 10:40:00,1787913600000,4596.91,4597.18,4596.6,4596.6,0.6624
2026-08-28 10:41:00,1787913660000,4596.61,4596.61,4596.6,4596.61,0.1994
2026-08-28 10:42:00,1787913720000,4596.61,4596.61,4596.6,4596.61,0.2199
2026-08-28 10:43:00,1787913780000,4596.6,4596.6,4596.0,4596.0,1.2568
2026-08-28 10:44:00,1787913840000,4596.1,4596.11,4596.1,4596.11,0.0027
2026-08-28 10:45:00,1787913900000,4595.9,4595.9,4595.73,4595.73,0.0257
2026-08-28 10:46:00,1787913960000,4595.74,4595.88,4594.72,4594.72,0.1154
2026-08-28 10:47:00,1787914020000,4594.26,4594.26,4594.14,4594.14,0.8646
2026-08-28 10:48:00,1787914080000,4594.26,4594.26,4594.26,4594.26,0.2175
2026-08-28 10:49:00,1787914140000,4594.25,4594.25,4593.2,4593.4,1.9128
2026-08-28 10:50:00,1787914200000,4593.81,4594.57,4593.4,4594.46,6.5162
2026-08-28 10:51:00,1787914260000,4594.46,4594.46,4592.07,4593.34,2.177
2026-08-28 10:52:00,1787914320000,4593.33,4593.33,4590.88,4592.16,1.6898
2026-08-28 10:53:00,1787914380000,4592.15,4592.16,4591.83,4591.83,0.016
2026-08-28 10:54:00,1787914440000,4591.07,4591.83,4591.07,4591.83,1.0916
2026-08-28 10:55:00,1787914500000,4591.14,4592.33,4591.14,4592.33,1.3853
2026-08-28 10:56:00,1787914560000,4592.33,4592.33,4591.14,4591.14,0.998
2026-08-28 10:57:00,1787914620000,4591.73,4591.73,4591.73,4591.73,0.0046
2026-08-28 10:58:00,1787914680000,4591.73,4591.73,4591.73,4591.73,0.0
2026-08-28 10:59:00,1787914740000,4591.47,4592.85,4591.47,4592.85,2.0607
2026-08-28 11:00:00,1787914800000,4592.85,4594.18,4591.33,4592.14,2.6526
2026-08-28 11:01:00,1787914860000,4592.43,4592.94,4591.1,4591.78,2.7706
2026-08-28 11:02:00,1787914920000,4590.83,4591.43,4589.45,4591.43,10.4317
2026-08-28 11:03:00,1787914980000,4591.43,4591.8,4591.42,4591.42,1.2715
2026-08-28 11:04:00,1787915040000,4591.42,4591.42,4590.3,4591.01,0.8813
2026-08-28 11:05:00,1787915100000,4591.01,4591.25,4590.92,4590.92,0.7132
2026-08-28 11:06:00,1787915160000,4590.92,4590.92,4589.87,4589.87,0.5862
2026-08-28 11:07:00,1787915220000,4589.22,4589.46,4588.33,4588.93,1.8452
2026-08-28 11:08:00,1787915280000,4588.94,4588.94,4588.94,4588.94,0.0022
2026-08-28 11:09:00,1787915340000,4588.94,4588.95,4588.44,4588.44,1.0986
2026-08-28 11:10:00,1787915400000,4588.49,4589.23,4588.44,4588.98,1.7155
2026-08-28 11:11:00,1787915460000,4588.98,4588.98,4588.44,4588.44,0.1666
2026-08-28 11:12:00,1787915520000,4588.46,4588.82,4587.95,4588.63,6.1214
2026-08-28 11:13:00,1787915580000,4588.63,4589.45,4588.63,4589.45,0.5205
2026-08-28 11:14:00,1787915640000,4589.45,4590.55,4589.45,4590.55,1.3215
2026-08-28 11:15:00,1787915700000,4590.92,4591.51,4590.92,4591.5,1.1065
2026-08-28 11:16:00,1787915760000,4592.26,4592.27,4592.26,4592.27,0.0031
2026-08-28 11:17:00,1787915820000,4593.14,4593.14,4592.73,4592.9,4.9774
2026-08-28 11:18:00,1787915880000,4592.72,4593.37,4592.72,4593.37,0.248
2026-08-28 11:19:00,1787915940000,4593.37,4593.37,4592.91,4592.91,0.1675
2026-08-28 11:20:00,1787916000000,4592.81,4592.81,4591.04,4591.44,0.8449
2026-08-28 11:21:00,1787916060000,4591.97,4592.43,4591.63,4591.63,0.4686
2026-08-28 11:22:00,1787916120000,4591.63,4591.63,4591.04,4591.05,1.1124
2026-08-28 11:23:00,1787916180000,4591.05,4592.88,4591.05,4592.87,1.6001
2026-08-28 11:24:00,1787916240000,4592.88,4593.2,4592.88,4593.19,11.1373
2026-08-28 11:25:00,1787916300000,4593.34,4593.34,4592.95,4592.95,0.2376
2026-08-28 11:26:00,1787916360000,4592.89,4592.89,4592.89,4592.89,0.433
2026-08-28 11:27:00,1787916420000,4592.42,4592.42,4591.39,4591.39,0.6356
2026-08-28 11:28:00,1787916480000,4591.0,4591.24,4590.58,4590.59,5.4623
2026-08-28 11:29:00,1787916540000,4590.6,4591.19,4590.58,4591.19,6.3313
2026-08-28 11:30:00,1787916600000,4591.19,4593.27,4591.19,4592.97,1.4047
2026-08-28 11:31:00,1787916660000,4592.31,4592.31,4591.61,4591.91,0.4153
2026-08-28 11:32:00,1787916720000,4591.6,4591.97,4591.38,4591.97,0.4979
2026-08-28 11:33:00,1787916780000,4591.6,4591.6,4591.37,4591.37,0.0203
2026-08-28 11:34:00,1787916840000,4591.18,4591.18,4591.18,4591.18,0.0045
2026-08-28 11:35:00,1787916900000,4590.58,4590.59,4590.58,4590.59,0.0396
2026-08-28 11:36:00,1787916960000,4590.59,4590.59,4590.58,4590.58,0.0253
2026-08-28 11:37:00,1787917020000,4590.58,4590.59,4590.58,4590.59,0.109
2026-08-28 11:38:00,1787917080000,4591.04,4591.04,4588.63,4588.63,3.3507
2026-08-28 11:39:00,1787917140000,4588.62,4588.62,4587.2,4587.2,0.9829
2026-08-28 11:40:00,1787917200000,4587.2,4587.2,4585.47,4585.47,2.4672
2026-08-28 11:41:00,1787917260000,4585.3,4586.32,4585.16,4585.53,5.8997
2026-08-28 11:42:00,1787917320000,4585.99,4586.9,4585.99,4586.9,0.5364
2026-08-28 11:43:00,1787917380000,4586.9,4586.9,4586.57,4586.57,0.6069
2026-08-28 11:44:00,1787917440000,4586.18,4586.63,4586.18,4586.63,0.7072
2026-08-28 11:45:00,1787917500000,4586.42,4587.83,4586.42,4587.82,0.9863
2026-08-28 11:46:00,1787917560000,4586.93,4587.83,4586.93,4587.83,0.4794
2026-08-28 11:47:00,1787917620000,4588.3,4588.37,4588.3,4588.37,0.6719
2026-08-28 11:48:00,1787917680000,4588.37,4588.37,4588.37,4588.37,0.0
2026-08-28 11:49:00,1787917740000,4586.66,4587.82,4586.66,4587.81,0.1863
2026-08-28 11:50:00,1787917800000,4587.42,4587.63,4587.42,4587.63,0.1141
2026-08-28 11:51:00,1787917860000,4587.62,4588.73,4587.62,4588.73,0.0713
2026-08-28 11:52:00,1787917920000,4588.1,4588.42,4588.1,4588.42,0.0255
2026-08-28 11:53:00,1787917980000,4586.64,4587.32,4586.64,4587.32,0.0583
2026-08-28 11:54:00,1787918040000,4586.64,4586.64,4586.64,4586.64,0.014
2026-08-28 11:55:00,1787918100000,4587.07,4587.07,4586.63,4586.63,0.3812
2026-08-28 11:56:00,1787918160000,4585.12,4585.12,4584.5,4584.52,22.9846
2026-08-28 11:57:00,1787918220000,4584.65,4585.79,4584.65,4585.79,0.9689
2026-08-28 11:58:00,1787918280000,4585.55,4586.86,4585.55,4586.86,10.3405
2026-08-28 11:59:00,1787918340000,4586.1,4586.1,4584.52,4584.82,1.5173
2026-08-28 12:00:00,1787918400000,4585.59,4586.44,4585.59,4586.0,13.2611
2026-08-28 12:01:00,1787918460000,4585.59,4585.59,4584.99,4584.99,0.7981
2026-08-28 12:02:00,1787918520000,4584.63,4585.81,4584.62,4584.96,13.4737
2026-08-28 12:03:00,1787918580000,4585.44,4588.79,4585.44,4588.79,28.1706
2026-08-28 12:04:00,1787918640000,4588.5,4589.34,4588.29,4588.29,2.1579
2026-08-28 12:05:00,1787918700000,4588.29,4588.3,4588.29,4588.3,0.7702
2026-08-28 12:06:00,1787918760000,4587.89,4589.0,4587.08,4587.08,0.9673
2026-08-28 12:07:00,1787918820000,4587.28,4587.28,4585.75,4586.76,2.4633
2026-08-28 12:08:00,1787918880000,4588.61,4588.72,4588.61,4588.72,0.1064
2026-08-28 12:09:00,1787918940000,4588.73,4589.2,4588.44,4588.44,1.0903
2026-08-28 12:10:00,1787919000000,4588.43,4588.43,4587.42,4587.42,0.2853
2026-08-28 12:11:00,1787919060000,4586.44,4587.83,4586.44,4587.83,1.8005
2026-08-28 12:12:00,1787919120000,4589.19,4589.19,4589.19,4589.19,0.0053
2026-08-28 12:13:00,1787919180000,4588.12,4589.69,4588.09,4589.69,0.2614
2026-08-28 12:14:00,1787919240000,4590.58,4590.58,4588.7,4588.7,0.0386
2026-08-28 12:15:00,1787919300000,4588.42,4588.42,4587.01,4587.01,0.9571
2026-08-28 12:16:00,1787919360000,4586.51,4587.26,4586.51,4587.26,0.0112
2026-08-28 12:17:00,1787919420000,4587.03,4587.03,4586.45,4586.91,0.4688
2026-08-28 12:18:00,1787919480000,4586.91,4587.83,4586.91,4587.83,0.4328
2026-08-28 12:19:00,1787919540000,4588.23,4589.13,4588.23,4589.12,0.7144
2026-08-28 12:20:00,1787919600000,4588.74,4591.72,4588.16,4591.72,1.8191
2026-08-28 12:21:00,1787919660000,4591.72,4592.64,4591.01,4592.56,21.4894
2026-08-28 12:22:00,1787919720000,4592.56,4593.15,4592.56,4592.88,0.9275
2026-08-28 12:23:00,1787919780000,4592.99,4593.79,4592.52,4593.79,2.4315
2026-08-28 12:24:00,1787919840000,4594.19,4594.2,4594.04,4594.04,0.9636
2026-08-28 12:25:00,1787919900000,4595.05,4596.0,4595.05,4596.0,1.7172
2026-08-28 12:26:00,1787919960000,4596.26,4596.26,4595.9,4596.21,0.5022
2026-08-28 12:27:00,1787920020000,4596.68,4596.68,4594.72,4594.72,4.0283
2026-08-28 12:28:00,1787920080000,4594.73,4595.46,4594.73,4595.46,0.3562
2026-08-28 12:29:00,1787920140000,4595.46,4595.63,4594.62,4594.62,7.4982
2026-08-28 12:30:00,1787920200000,4595.3,4595.42,4592.9,4592.9,3.2025
2026-08-28 12:31:00,1787920260000,4591.81,4593.85,4591.81,4593.85,10.2539
2026-08-28 12:32:00,1787920320000,4593.64,4593.64,4587.25,4587.25,0.3492
2026-08-28 12:33:00,1787920380000,4586.91,4587.52,4586.46,4587.52,0.9485
2026-08-28 12:34:00,1787920440000,4586.46,4586.46,4585.62,4585.62,0.6554
2026-08-28 12:35:00,1787920500000,4586.9,4586.91,4585.3,4585.3,0.6223
2026-08-28 12:36:00,1787920560000,4585.0,4585.79,4584.07,4585.79,0.5676
2026-08-28 12:37:00,1787920620000,4584.14,4584.14,4583.58,4583.59,0.0267
2026-08-28 12:38:00,1787920680000,4584.05,4584.05,4583.81,4583.81,1.7661
2026-08-28 12:39:00,1787920740000,4584.14,4584.18,4582.59,4584.18,6.3323
2026-08-28 12:40:00,1787920800000,4582.74,4583.68,4582.74,4583.22,0.1781
2026-08-28 12:41:00,1787920860000,4583.35,4583.56,4582.32,4582.94,2.7902
2026-08-28 12:42:00,1787920920000,4583.12,4583.42,4583.12,4583.16,6.5645
2026-08-28 12:43:00,1787920980000,4583.85,4583.85,4583.28,4583.28,0.0213
2026-08-28 12:44:00,1787921040000,4583.83,4584.8,4583.83,4584.79,2.792
2026-08-28 12:45:00,1787921100000,4584.79,4585.08,4584.79,4584.86,0.1232
2026-08-28 12:46:00,1787921160000,4583.97,4583.97,4583.23,4583.23,2.8721
2026-08-28 12:47:00,1787921220000,4585.05,4585.05,4584.02,4584.36,0.0254
2026-08-28 12:48:00,1787921280000,4585.99,4587.79,4585.98,4587.79,4.2319
2026-08-28 12:49:00,1787921340000,4587.97,4588.23,4587.97,4588.23,0.1743
2026-08-28 12:50:00,1787921400000,4586.98,4586.99,4586.98,4586.99,0.4401
2026-08-28 12:51:00,1787921460000,4587.83,4588.19,4587.13,4587.37,7.0727
2026-08-28 12:52:00,1787921520000,4588.9,4588.9,4588.89,4588.89,0.0045
2026-08-28 12:53:00,1787921580000,4589.12,4589.12,4588.39,4588.39,0.054
2026-08-28 12:54:00,1787921640000,4588.29,4588.29,4587.86,4588.25,0.4975
2026-08-28 12:55:00,1787921700000,4588.94,4593.83,4588.94,4593.83,2.7579
2026-08-28 12:56:00,1787921760000,4592.7,4593.14,4592.7,4593.14,0.0272
2026-08-28 12:57:00,1787921820000,4593.14,4593.14,4593.14,4593.14,0.0168
2026-08-28 12:58:00,1787921880000,4594.32,4594.32,4594.32,4594.32,0.0012
2026-08-28 12:59:00,1787921940000,4594.32,4594.42,4594.32,4594.42,0.0096
2026-08-28 13:00:00,1787922000000,4594.48,4595.64,4591.26,4591.26,1.5352
2026-08-28 13:01:00,1787922060000,4589.55,4592.9,4589.55,4592.9,0.1482
2026-08-28 13:02:00,1787922120000,4591.68,4592.2,4590.3,4592.19,1.4823
2026-08-28 13:03:00,1787922180000,4592.1,4592.6,4592.1,4592.6,0.7003
2026-08-28 13:04:00,1787922240000,4591.64,4592.83,4591.5,4592.83,0.0187
2026-08-28 13:05:00,1787922300000,4592.74,4594.26,4591.97,4591.97,2.7089
2026-08-28 13:06:00,1787922360000,4592.63,4593.24,4592.5,4592.5,0.254
2026-08-28 13:07:00,1787922420000,4593.75,4595.76,4593.75,4595.76,1.2869
2026-08-28 13:08:00,1787922480000,4595.83,4597.49,4595.72,4597.49,1.122
2026-08-28 13:09:00,1787922540000,4597.63,4597.63,4593.64,4593.64,1.5743
2026-08-28 13:10:00,1787922600000,4593.22,4593.22,4592.8,4592.8,0.1983
2026-08-28 13:11:00,1787922660000,4591.79,4592.65,4591.21,4591.96,5.2111
2026-08-28 13:12:00,1787922720000,4592.16,4592.79,4592.16,4592.63,0.2208
2026-08-28 13:13:00,1787922780000,4592.8,4593.34,4592.8,4592.96,0.9611
2026-08-28 13:14:00,1787922840000,4592.84,4593.37,4591.74,4591.97,0.2988
2026-08-28 13:15:00,1787922900000,4592.45,4592.45,4589.13,4589.13,1.4825
2026-08-28 13:16:00,1787922960000,4588.0,4589.33,4588.0,4589.33,0.3677
2026-08-28 13:17:00,1787923020000,4589.33,4589.33,4588.28,4589.31,0.4223
2026-08-28 13:18:00,1787923080000,4589.82,4591.78,4589.82,4590.13,0.0314
2026-08-28 13:19:00,1787923140000,4589.62,4590.88,4589.62,4590.88,0.1499
2026-08-28 13:20:00,1787923200000,4591.37,4591.7,4589.73,4591.7,0.2482
2026-08-28 13:21:00,1787923260000,4592.39,4592.39,4591.5,4591.5,0.3684
2026-08-28 13:22:00,1787923320000,4590.92,4590.92,4590.91,4590.91,0.0329
2026-08-28 13:23:00,1787923380000,4590.0,4590.0,4590.0,4590.0,0.2664
2026-08-28 13:24:00,1787923440000,4589.73,4592.8,4589.73,4592.8,0.5584
2026-08-28 13:25:00,1787923500000,4593.43,4596.55,4593.34,4593.34,13.8731
2026-08-28 13:26:00,1787923560000,4593.06,4593.99,4592.92,4593.33,1.8657
2026-08-28 13:27:00,1787923620000,4592.92,4593.98,4592.84,4592.84,3.507
2026-08-28 13:28:00,1787923680000,4592.85,4594.79,4592.84,4594.3,0.6878
2026-08-28 13:29:00,1787923740000,4593.8,4596.56,4593.8,4596.02,4.2978
2026-08-28 13:30:00,1787923800000,4596.26,4596.73,4594.27,4594.73,0.6244
2026-08-28 13:31:00,1787923860000,4595.64,4595.88,4594.6,4594.6,2.038
2026-08-28 13:32:00,1787923920000,4592.88,4593.51,4592.37,4592.39,3.2373
2026-08-28 13:33:00,1787923980000,4593.74,4594.6,4593.2,4594.6,2.4589
2026-08-28 13:34:00,1787924040000,4593.62,4597.07,4593.62,4597.07,1.5761
2026-08-28 13:35:00,1787924100000,4597.79,4599.18,4597.79,4598.15,0.6163
2026-08-28 13:36:00,1787924160000,4598.15,4599.1,4598.03,4599.09,0.2135
2026-08-28 13:37:00,1787924220000,4599.09,4599.56,4594.96,4594.96,5.5519
2026-08-28 13:38:00,1787924280000,4595.74,4597.21,4595.19,4597.21,0.6014
2026-08-28 13:39:00,1787924340000,4597.21,4598.7,4596.76,4598.23,8.4065
2026-08-28 13:40:00,1787924400000,4597.71,4597.71,4596.35,4596.35,0.6623
2026-08-28 13:41:00,1787924460000,4595.38,4596.25,4594.9,4595.56,6.2926
2026-08-28 13:42:00,1787924520000,4595.71,4599.9,4595.71,4599.9,0.3272
2026-08-28 13:43:00,1787924580000,4598.4,4598.4,4595.95,4595.95,0.0749
2026-08-28 13:44:00,1787924640000,4596.22,4598.83,4596.22,4597.48,0.3935
2026-08-28 13:45:00,1787924700000,4597.94,4600.0,4597.94,4598.97,7.072
2026-08-28 13:46:00,1787924760000,4599.8,4601.0,4599.8,4601.0,0.6452
2026-08-28 13:47:00,1787924820000,4601.16,4602.4,4601.16,4602.39,0.1376
2026-08-28 13:48:00,1787924880000,4602.4,4605.0,4602.4,4604.57,1.5099
2026-08-28 13:49:00,1787924940000,4603.32,4603.91,4602.09,4602.61,12.8305
2026-08-28 13:50:00,1787925000000,4602.96,4603.47,4602.96,4603.46,1.3632
2026-08-28 13:51:00,1787925060000,4603.39,4603.39,4600.93,4602.34,9.3903
2026-08-28 13:52:00,1787925120000,4602.32,4603.0,4601.86,4602.99,2.7289
2026-08-28 13:53:00,1787925180000,4602.58,4605.05,4602.58,4605.05,4.6505
2026-08-28 13:54:00,1787925240000,4605.05,4605.35,4604.24,4604.25,0.722
2026-08-28 13:55:00,1787925300000,4604.24,4605.58,4603.79,4605.58,1.7275
2026-08-28 13:56:00,1787925360000,4605.58,4605.66,4605.57,4605.66,1.0021
2026-08-28 13:57:00,1787925420000,4605.66,4611.42,4605.65,4611.07,15.0699
2026-08-28 13:58:00,1787925480000,4611.34,4618.5,4611.34,4618.04,12.6824
2026-08-28 13:59:00,1787925540000,4617.86,4619.04,4595.01,4596.97,19.499
2026-08-28 14:00:00,1787925600000,4596.44,4623.92,4591.53,4608.99,222.6234
2026-08-28 14:01:00,1787925660000,4607.08,4607.67,4587.5,4587.63,31.7242
2026-08-28 14:02:00,1787925720000,4588.25,4592.98,4575.32,4589.62,24.5798
2026-08-28 14:03:00,1787925780000,4590.0,4591.96,4575.52,4575.52,15.7245
2026-08-28 14:04:00,1787925840000,4575.0,4579.72,4568.78,4571.39,97.9343
2026-08-28 14:05:00,1787925900000,4572.47,4572.47,4551.03,4552.58,100.7988
2026-08-28 14:06:00,1787925960000,4554.13,4554.13,4543.05,4552.64,72.4856
2026-08-28 14:07:00,1787926020000,4553.04,4557.37,4546.22,4557.37,13.8576
2026-08-28 14:08:00,1787926080000,4557.28,4568.55,4554.12,4568.55,8.8405
2026-08-28 14:09:00,1787926140000,4569.21,4574.99,4567.37,4568.23,21.5675
2026-08-28 14:10:00,1787926200000,4567.83,4567.83,4561.84,4563.22,10.0953
2026-08-28 14:11:00,1787926260000,4561.43,4562.14,4552.94,4553.12,7.347
2026-08-28 14:12:00,1787926320000,4553.39,4554.48,4545.02,4553.1,11.1192
2026-08-28 14:13:00,1787926380000,4552.64,4552.64,4538.4,4544.82,91.3851
2026-08-28 14:14:00,1787926440000,4543.9,4543.9,4539.0,4541.04,14.5012
2026-08-28 14:15:00,1787926500000,4540.61,4547.61,4539.3,4546.96,13.2585
2026-08-28 14:16:00,1787926560000,4548.65,4550.03,4544.01,4550.03,6.9303
2026-08-28 14:17:00,1787926620000,4551.99,4559.49,4549.89,4559.4,8.0055
2026-08-28 14:18:00,1787926680000,4559.64,4560.1,4555.96,4559.14,3.917
2026-08-28 14:19:00,1787926740000,4558.45,4558.45,4549.15,4549.33,6.3196
2026-08-28 14:20:00,1787926800000,4548.81,4557.83,4548.25,4556.0,4.4981
2026-08-28 14:21:00,1787926860000,4555.86,4561.95,4555.54,4560.46,11.4364
2026-08-28 14:22:00,1787926920000,4560.45,4561.87,4557.7,4561.87,18.7208
2026-08-28 14:23:00,1787926980000,4558.45,4558.45,4546.44,4547.03,10.0476
2026-08-28 14:24:00,1787927040000,4546.44,4553.08,4545.0,4553.08,6.1027
2026-08-28 14:25:00,1787927100000,4553.08,4555.23,4547.17,4547.17,14.7771
2026-08-28 14:26:00,1787927160000,4545.3,4545.3,4539.53,4544.92,10.092
2026-08-28 14:27:00,1787927220000,4546.36,4546.36,4533.0,4533.0,17.2892
2026-08-28 14:28:00,1787927280000,4533.0,4533.97,4525.83,4530.08,82.112
2026-08-28 14:29:00,1787927340000,4530.18,4549.43,4528.11,4548.43,22.9056
2026-08-28 14:30:00,1787927400000,4548.76,4554.99,4548.76,4554.99,8.4661
2026-08-28 14:31:00,1787927460000,4555.0,4560.3,4554.49,4558.08,20.2309
2026-08-28 14:32:00,1787927520000,4558.1,4561.58,4555.0,4556.59,6.3782
2026-08-28 14:33:00,1787927580000,4555.87,4562.79,4555.63,4562.07,10.7821
2026-08-28 14:34:00,1787927640000,4562.78,4566.02,4562.33,4566.02,9.8684
2026-08-28 14:35:00,1787927700000,4566.14,4570.0,4565.98,4570.0,6.7592
2026-08-28 14:36:00,1787927760000,4570.13,4571.42,4566.7,4566.71,8.5608
2026-08-28 14:37:00,1787927820000,4569.66,4570.1,4566.63,4570.1,5.3134
2026-08-28 14:38:00,1787927880000,4569.66,4571.74,4569.2,4571.34,2.7048
2026-08-28 14:39:00,1787927940000,4571.75,4572.34,4563.43,4563.43,2.7824
2026-08-28 14:40:00,1787928000000,4561.85,4564.42,4560.67,4563.69,10.7183
2026-08-28 14:41:00,1787928060000,4563.23,4563.23,4557.0,4557.36,2.5085
2026-08-28 14:42:00,1787928120000,4559.81,4562.92,4559.81,4560.76,3.06
2026-08-28 14:43:00,1787928180000,4560.49,4561.43,4553.85,4557.24,4.158
2026-08-28 14:44:00,1787928240000,4558.0,4561.42,4556.78,4556.78,4.7671
2026-08-28 14:45:00,1787928300000,4558.24,4558.82,4550.82,4550.82,4.9548
2026-08-28 14:46:00,1787928360000,4550.85,4552.1,4549.54,4551.24,4.0243
2026-08-28 14:47:00,1787928420000,4550.34,4554.32,4549.55,4552.49,2.5503
2026-08-28 14:48:00,1787928480000,4553.61,4554.85,4550.91,4551.81,2.5071
2026-08-28 14:49:00,1787928540000,4550.82,4552.0,4548.53,4548.97,2.0554
2026-08-28 14:50:00,1787928600000,4548.52,4552.6,4547.05,4548.96,2.5102
2026-08-28 14:51:00,1787928660000,4550.51,4557.14,4550.51,4557.14,3.5333
2026-08-28 14:52:00,1787928720000,4555.86,4558.71,4555.86,4558.71,1.7519
2026-08-28 14:53:00,1787928780000,4558.63,4562.99,4558.63,4562.99,2.5232
2026-08-28 14:54:00,1787928840000,4562.55,4565.82,4562.55,4565.82,1.2124
2026-08-28 14:55:00,1787928900000,4566.23,4569.97,4566.23,4569.96,2.5201
2026-08-28 14:56:00,1787928960000,4569.97,4573.64,4569.97,4570.41,4.5169
2026-08-28 14:57:00,1787929020000,4569.21,4574.0,4568.54,4574.0,1.597
2026-08-28 14:58:00,1787929080000,4573.8,4573.85,4572.31,4572.9,5.0433
2026-08-28 14:59:00,1787929140000,4574.13,4574.13,4572.59,4572.59,3.2496
2026-08-28 15:00:00,1787929200000,4573.61,4576.41,4573.6,4575.72,2.3514
2026-08-28 15:01:00,1787929260000,4574.71,4575.68,4571.49,4572.14,6.1769
2026-08-28 15:02:00,1787929320000,4573.12,4573.12,4568.91,4570.04,3.9595
2026-08-28 15:03:00,1787929380000,4569.7,4575.04,4569.69,4571.49,2.4852
2026-08-28 15:04:00,1787929440000,4572.05,4577.49,4572.05,4575.09,3.8673
2026-08-28 15:05:00,1787929500000,4575.22,4576.76,4573.38,4576.76,1.6341
2026-08-28 15:06:00,1787929560000,4573.88,4575.21,4571.09,4571.09,1.664
2026-08-28 15:07:00,1787929620000,4570.25,4570.45,4569.61,4570.37,0.9214
2026-08-28 15:08:00,1787929680000,4569.81,4571.83,4568.94,4571.83,0.6145
2026-08-28 15:09:00,1787929740000,4573.11,4574.58,4569.52,4569.52,0.714
2026-08-28 15:10:00,1787929800000,4569.22,4569.49,4563.09,4563.09,4.5772
2026-08-28 15:11:00,1787929860000,4563.02,4563.02,4559.05,4562.76,2.1988
2026-08-28 15:12:00,1787929920000,4562.62,4563.34,4561.3,4562.13,1.8802
2026-08-28 15:13:00,1787929980000,4561.33,4561.33,4555.91,4557.54,4.4469
2026-08-28 15:14:00,1787930040000,4557.54,4557.54,4552.81,4554.89,15.7963
2026-08-28 15:15:00,1787930100000,4554.3,4558.91,4554.3,4558.46,0.6542
2026-08-28 15:16:00,1787930160000,4558.46,4558.95,4556.19,4558.95,1.6406
2026-08-28 15:17:00,1787930220000,4554.44,4554.72,4551.09,4554.35,5.5696
2026-08-28 15:18:00,1787930280000,4551.24,4552.04,4550.66,4551.38,2.143
2026-08-28 15:19:00,1787930340000,4550.56,4550.93,4550.03,4550.5,0.5145
2026-08-28 15:20:00,1787930400000,4550.04,4553.55,4550.04,4552.01,11.7927
2026-08-28 15:21:00,1787930460000,4552.51,4553.6,4547.1,4549.86,23.7583
2026-08-28 15:22:00,1787930520000,4551.84,4558.03,4551.84,4558.03,2.2423
2026-08-28 15:23:00,1787930580000,4558.46,4561.46,4555.27,4555.32,3.6906
2026-08-28 15:24:00,1787930640000,4558.07,4560.05,4558.03,4560.05,1.6545
2026-08-28 15:25:00,1787930700000,4560.05,4561.81,4557.57,4561.81,0.912
2026-08-28 15:26:00,1787930760000,4561.81,4562.49,4560.79,4561.51,2.0573
2026-08-28 15:27:00,1787930820000,4560.36,4560.76,4555.72,4555.72,8.718
2026-08-28 15:28:00,1787930880000,4558.49,4559.4,4554.01,4556.73,8.6092
2026-08-28 15:29:00,1787930940000,4558.34,4560.07,4556.83,4560.07,4.7183
2026-08-28 15:30:00,1787931000000,4560.72,4560.84,4559.37,4559.93,2.1381
2026-08-28 15:31:00,1787931060000,4559.92,4560.0,4554.59,4554.59,6.4137
2026-08-28 15:32:00,1787931120000,4553.89,4554.17,4550.03,4550.03,5.0414
2026-08-28 15:33:00,1787931180000,4550.01,4555.51,4550.01,4555.16,5.4657
2026-08-28 15:34:00,1787931240000,4553.89,4556.52,4551.74,4551.74,2.1505
2026-08-28 15:35:00,1787931300000,4551.59,4552.88,4550.89,4550.89,0.9118
2026-08-28 15:36:00,1787931360000,4552.75,4555.75,4552.3,4554.81,5.4879
2026-08-28 15:37:00,1787931420000,4553.75,4554.22,4551.21,4551.21,7.0956
2026-08-28 15:38:00,1787931480000,4550.0,4550.91,4545.76,4545.76,3.0262
2026-08-28 15:39:00,1787931540000,4545.63,4545.63,4542.99,4543.0,15.9163
2026-08-28 15:40:00,1787931600000,4542.99,4543.3,4536.84,4537.32,10.4393
2026-08-28 15:41:00,1787931660000,4536.74,4537.83,4532.1,4535.47,16.6348
2026-08-28 15:42:00,1787931720000,4536.06,4537.15,4534.64,4536.43,2.9681
2026-08-28 15:43:00,1787931780000,4536.41,4536.41,4534.22,4535.03,5.9515
2026-08-28 15:44:00,1787931840000,4534.21,4534.21,4530.73,4531.81,3.8433
2026-08-28 15:45:00,1787931900000,4534.79,4536.54,4533.64,4535.72,3.5548
2026-08-28 15:46:00,1787931960000,4537.18,4537.18,4532.27,4535.48,9.2129
2026-08-28 15:47:00,1787932020000,4537.33,4539.74,4536.87,4537.59,1.5424
2026-08-28 15:48:00,1787932080000,4537.3,4537.3,4528.64,4530.09,8.1147
2026-08-28 15:49:00,1787932140000,4530.08,4531.3,4528.29,4531.3,7.839
2026-08-28 15:50:00,1787932200000,4531.29,4532.73,4530.42,4532.73,4.3817
2026-08-28 15:51:00,1787932260000,4533.19,4536.33,4533.19,4535.6,8.2092
2026-08-28 15:52:00,1787932320000,4536.3,4539.79,4536.3,4538.91,16.1579
2026-08-28 15:53:00,1787932380000,4538.91,4538.99,4535.0,4535.0,9.9566
2026-08-28 15:54:00,1787932440000,4534.44,4536.1,4532.39,4534.68,9.5078
2026-08-28 15:55:00,1787932500000,4534.7,4535.59,4527.0,4527.0,10.3524
2026-08-28 15:56:00,1787932560000,4526.66,4528.56,4523.08,4525.37,16.958
2026-08-28 15:57:00,1787932620000,4524.44,4525.16,4520.3,4522.6,11.2159
2026-08-28 15:58:00,1787932680000,4520.39,4522.11,4518.95,4522.11,16.2728
2026-08-28 15:59:00,1787932740000,4523.07,4523.98,4520.09,4520.49,4.5001
2026-08-28 16:00:00,1787932800000,4519.05,4521.51,4517.07,4520.37,10.5118
2026-08-28 16:01:00,1787932860000,4520.0,4520.73,4517.17,4518.85,13.1444
2026-08-28 16:02:00,1787932920000,4519.38,4522.5,4518.0,4521.87,7.5875
2026-08-28 16:03:00,1787932980000,4522.28,4523.37,4518.37,4518.47,5.0746
2026-08-28 16:04:00,1787933040000,4518.93,4521.32,4516.66,4516.67,12.4351
2026-08-28 16:05:00,1787933100000,4516.66,4516.66,4508.85,4508.85,17.7334
2026-08-28 16:06:00,1787933160000,4509.12,4511.57,4508.47,4509.93,46.8572
2026-08-28 16:07:00,1787933220000,4511.18,4513.05,4510.67,4511.47,17.8868
2026-08-28 16:08:00,1787933280000,4511.34,4511.34,4504.49,4506.29,30.3348
2026-08-28 16:09:00,1787933340000,4505.92,4506.33,4504.04,4504.04,5.3548
2026-08-28 16:10:00,1787933400000,4504.0,4504.0,4499.65,4502.89,114.4609
2026-08-28 16:11:00,1787933460000,4503.13,4506.51,4501.83,4506.03,77.1427
2026-08-28 16:12:00,1787933520000,4507.68,4509.4,4503.67,4503.82,8.6133
2026-08-28 16:13:00,1787933580000,4503.65,4503.65,4500.55,4500.55,14.2048
2026-08-28 16:14:00,1787933640000,4500.59,4500.59,4493.57,4493.6,24.4752
2026-08-28 16:15:00,1787933700000,4493.6,4499.08,4491.71,4498.11,16.2249
2026-08-28 16:16:00,1787933760000,4497.62,4499.0,4493.99,4496.04,22.3447
2026-08-28 16:17:00,1787933820000,4496.04,4496.88,4492.74,4493.99,10.7947
2026-08-28 16:18:00,1787933880000,4493.97,4493.98,4480.0,4480.74,51.4704
2026-08-28 16:19:00,1787933940000,4481.32,4484.72,4478.47,4478.47,179.4291
2026-08-28 16:20:00,1787934000000,4478.48,4480.02,4469.87,4470.0,225.7763
2026-08-28 16:21:00,1787934060000,4470.0,4470.0,4463.21,4463.21,124.8295
2026-08-28 16:22:00,1787934120000,4463.51,4468.19,4460.88,4467.91,108.517
2026-08-28 16:23:00,1787934180000,4468.05,4474.92,4467.64,4474.29,37.4787
2026-08-28 16:24:00,1787934240000,4474.29,4474.64,4465.15,4465.93,20.2468
2026-08-28 16:25:00,1787934300000,4465.41,4467.33,4461.42,4467.32,11.9377
2026-08-28 16:26:00,1787934360000,4467.2,4474.37,4467.2,4473.03,67.1977
2026-08-28 16:27:00,1787934420000,4473.07,4478.12,4471.67,4478.12,13.7224
2026-08-28 16:28:00,1787934480000,4478.34,4479.63,4474.59,4476.52,16.8047
2026-08-28 16:29:00,1787934540000,4476.79,4480.51,4476.79,4479.14,11.0856
2026-08-28 16:30:00,1787934600000,4479.46,4483.32,4479.46,4482.22,17.2262
2026-08-28 16:31:00,1787934660000,4482.36,4485.66,4482.17,4485.63,12.6293
2026-08-28 16:32:00,1787934720000,4485.69,4486.4,4482.05,4484.28,14.3096
2026-08-28 16:33:00,1787934780000,4484.71,4484.71,4474.19,4476.71,16.6558
2026-08-28 16:34:00,1787934840000,4476.9,4477.39,4471.71,4473.29,10.7255
2026-08-28 16:35:00,1787934900000,4473.41,4478.1,4473.41,4477.01,5.2811
2026-08-28 16:36:00,1787934960000,4476.68,4481.25,4475.74,4479.33,10.1152
2026-08-28 16:37:00,1787935020000,4479.78,4482.0,4479.32,4481.28,11.4375
2026-08-28 16:38:00,1787935080000,4481.26,4485.06,4480.37,4485.06,15.0696
2026-08-28 16:39:00,1787935140000,4485.11,4486.04,4482.66,4484.72,17.8863
2026-08-28 16:40:00,1787935200000,4484.73,4486.18,4475.11,4476.37,20.3174
2026-08-28 16:41:00,1787935260000,4476.23,4476.24,4473.37,4473.38,13.52
2026-08-28 16:42:00,1787935320000,4474.39,4475.73,4473.47,4474.37,6.006
2026-08-28 16:43:00,1787935380000,4475.27,4475.72,4473.0,4473.0,7.1781
2026-08-28 16:44:00,1787935440000,4472.75,4472.75,4467.78,4469.87,15.9681
2026-08-28 16:45:00,1787935500000,4470.04,4477.35,4470.04,4477.11,134.8095
2026-08-28 16:46:00,1787935560000,4477.8,4478.26,4473.99,4477.01,146.4153
2026-08-28 16:47:00,1787935620000,4477.46,4477.66,4473.27,4474.53,16.8341
2026-08-28 16:48:00,1787935680000,4475.28,4478.74,4474.82,4478.74,5.8416
2026-08-28 16:49:00,1787935740000,4478.74,4479.77,4477.07,4479.02,13.9184
2026-08-28 16:50:00,1787935800000,4480.0,4481.13,4479.36,4479.36,5.6036
2026-08-28 16:51:00,1787935860000,4479.4,4482.76,4479.4,4481.92,2.4489
2026-08-28 16:52:00,1787935920000,4482.48,4483.38,4482.03,4482.03,3.58
2026-08-28 16:53:00,1787935980000,4481.88,4483.37,4481.38,4482.02,3.6948
2026-08-28 16:54:00,1787936040000,4481.87,4482.77,4479.51,4479.51,8.3295
2026-08-28 16:55:00,1787936100000,4480.04,4480.26,4477.31,4478.83,2.8529
2026-08-28 16:56:00,1787936160000,4478.83,4478.88,4475.48,4477.97,1.3203
2026-08-28 16:57:00,1787936220000,4477.54,4481.44,4477.54,4481.44,7.4659
2026-08-28 16:58:00,1787936280000,4481.44,4481.44,4477.53,4477.53,4.4152
2026-08-28 16:59:00,1787936340000,4477.08,4479.44,4476.63,4478.69,8.1019
2026-08-28 17:00:00,1787936400000,4478.09,4478.52,4473.26,4474.74,4.483
2026-08-28 17:01:00,1787936460000,4473.04,4476.48,4473.04,4474.83,16.3423
2026-08-28 17:02:00,1787936520000,4476.0,4478.19,4475.14,4478.19,4.2771
2026-08-28 17:03:00,1787936580000,4477.66,4478.69,4474.96,4476.18,15.2531
2026-08-28 17:04:00,1787936640000,4476.62,4478.43,4474.38,4474.38,9.9945
2026-08-28 17:05:00,1787936700000,4474.83,4475.73,4474.39,4475.48,5.1981
2026-08-28 17:06:00,1787936760000,4476.63,4478.08,4476.63,4476.65,6.8761
2026-08-28 17:07:00,1787936820000,4476.64,4476.64,4474.32,4476.56,3.3252
2026-08-28 17:08:00,1787936880000,4476.63,4481.58,4476.63,4481.3,8.3117
2026-08-28 17:09:00,1787936940000,4480.22,4480.68,4478.72,4479.78,7.0801
2026-08-28 17:10:00,1787937000000,4479.93,4480.23,4475.98,4475.98,5.921
2026-08-28 17:11:00,1787937060000,4475.97,4476.43,4471.25,4476.43,13.4638
2026-08-28 17:12:00,1787937120000,4476.42,4477.52,4474.83,4476.64,1.7672
2026-08-28 17:13:00,1787937180000,4475.98,4475.98,4474.17,4475.55,3.5228
2026-08-28 17:14:00,1787937240000,4475.66,4479.96,4475.25,4479.96,4.9761
2026-08-28 17:15:00,1787937300000,4479.96,4481.13,4477.97,4480.67,7.3907
2026-08-28 17:16:00,1787937360000,4480.67,4480.67,4475.52,4476.41,6.7899
2026-08-28 17:17:00,1787937420000,4477.08,4480.13,4477.08,4480.13,2.2265
2026-08-28 17:18:00,1787937480000,4477.53,4477.55,4476.17,4477.55,0.9411
2026-08-28 17:19:00,1787937540000,4477.55,4480.85,4477.55,4480.85,4.9023
2026-08-28 17:20:00,1787937600000,4480.85,4483.0,4479.44,4479.44,5.8216
2026-08-28 17:21:00,1787937660000,4479.44,4482.79,4479.44,4482.79,2.8558
2026-08-28 17:22:00,1787937720000,4483.5,4485.58,4480.67,4480.67,2.9733
2026-08-28 17:23:00,1787937780000,4481.99,4482.93,4480.9,4482.02,1.5499
2026-08-28 17:24:00,1787937840000,4480.94,4483.72,4480.67,4483.72,1.0798
2026-08-28 17:25:00,1787937900000,4483.72,4484.51,4480.22,4480.22,6.1592
2026-08-28 17:26:00,1787937960000,4479.0,4479.95,4476.18,4479.95,8.565
2026-08-28 17:27:00,1787938020000,4480.61,4480.61,4476.56,4476.56,0.5767
2026-08-28 17:28:00,1787938080000,4476.29,4480.21,4476.0,4480.21,2.0883
2026-08-28 17:29:00,1787938140000,4480.22,4480.68,4477.09,4477.09,4.5938
2026-08-28 17:30:00,1787938200000,4477.98,4479.32,4476.18,4476.18,4.6063
2026-08-28 17:31:00,1787938260000,4476.18,4477.53,4475.94,4475.94,2.9433
2026-08-28 17:32:00,1787938320000,4475.44,4475.83,4474.07,4474.55,2.7112
2026-08-28 17:33:00,1787938380000,4477.09,4480.26,4476.93,4479.21,3.3605
2026-08-28 17:34:00,1787938440000,4479.2,4479.32,4477.79,4478.89,0.9795
2026-08-28 17:35:00,1787938500000,4479.22,4480.67,4479.22,4480.22,0.2187
2026-08-28 17:36:00,1787938560000,4480.23,4480.23,4476.79,4476.79,0.439
2026-08-28 17:37:00,1787938620000,4477.53,4477.97,4476.01,4477.97,2.5558
2026-08-28 17:38:00,1787938680000,4478.03,4480.0,4477.44,4479.1,0.4328
2026-08-28 17:39:00,1787938740000,4477.28,4477.48,4472.17,4473.32,4.2875
2026-08-28 17:40:00,1787938800000,4472.16,4474.23,4471.09,4473.9,4.3232
2026-08-28 17:41:00,1787938860000,4472.61,4472.61,4468.8,4468.8,1.6437
2026-08-28 17:42:00,1787938920000,4468.34,4468.34,4461.21,4464.43,7.6736
2026-08-28 17:43:00,1787938980000,4465.05,4465.98,4464.03,4464.42,1.4716
2026-08-28 17:44:00,1787939040000,4464.42,4466.83,4464.42,4466.27,11.1031
2026-08-28 17:45:00,1787939100000,4466.7,4469.35,4466.34,4468.97,13.0976
2026-08-28 17:46:00,1787939160000,4468.36,4473.37,4468.36,4473.36,6.0819
2026-08-28 17:47:00,1787939220000,4473.64,4474.37,4473.64,4474.21,0.672
2026-08-28 17:48:00,1787939280000,4473.94,4474.75,4472.49,4473.02,5.0028
2026-08-28 17:49:00,1787939340000,4473.02,4474.34,4473.02,4473.48,0.8319
2026-08-28 17:50:00,1787939400000,4473.47,4474.14,4473.34,4473.93,2.0206
2026-08-28 17:51:00,1787939460000,4474.16,4474.8,4473.35,4473.47,5.4074
2026-08-28 17:52:00,1787939520000,4473.75,4474.21,4472.98,4473.61,0.8014
2026-08-28 17:53:00,1787939580000,4472.58,4473.23,4472.27,4472.9,1.2469
2026-08-28 17:54:00,1787939640000,4473.43,4473.43,4471.5,4471.5,0.0248
2026-08-28 17:55:00,1787939700000,4471.22,4471.22,4469.43,4469.63,2.0541
2026-08-28 17:56:00,1787939760000,4470.32,4470.77,4466.6,4466.6,1.0561
2026-08-28 17:57:00,1787939820000,4465.88,4468.33,4465.88,4468.33,1.0018
2026-08-28 17:58:00,1787939880000,4469.44,4470.01,4469.44,4470.01,0.194
2026-08-28 17:59:00,1787939940000,4470.77,4471.0,4470.77,4470.77,2.4347
2026-08-28 18:00:00,1787940000000,4469.88,4470.32,4469.14,4469.14,0.1622
2026-08-28 18:01:00,1787940060000,4469.01,4469.01,4465.54,4465.83,0.1765
2026-08-28 18:02:00,1787940120000,4465.33,4465.33,4462.0,4463.2,9.1286
2026-08-28 18:03:00,1787940180000,4462.23,4462.38,4461.8,4461.8,0.8411
2026-08-28 18:04:00,1787940240000,4461.8,4462.25,4460.73,4460.92,12.4392
2026-08-28 18:05:00,1787940300000,4461.34,4466.48,4460.46,4463.44,20.252
2026-08-28 18:06:00,1787940360000,4462.54,4464.85,4460.43,4460.43,0.981
2026-08-28 18:07:00,1787940420000,4460.38,4463.12,4460.2,4463.12,0.3902
2026-08-28 18:08:00,1787940480000,4462.13,4462.13,4460.2,4460.53,1.8771
2026-08-28 18:09:00,1787940540000,4461.32,4463.46,4460.9,4462.63,5.0868
2026-08-28 18:10:00,1787940600000,4461.52,4463.07,4460.58,4463.07,0.9676
2026-08-28 18:11:00,1787940660000,4463.37,4464.22,4463.37,4464.22,0.2304
2026-08-28 18:12:00,1787940720000,4461.42,4462.68,4461.42,4462.68,0.0051
2026-08-28 18:13:00,1787940780000,4462.97,4462.97,4461.01,4461.01,1.538
2026-08-28 18:14:00,1787940840000,4461.0,4461.0,4460.01,4460.87,5.4325
2026-08-28 18:15:00,1787940900000,4460.88,4462.22,4460.67,4460.67,5.794
2026-08-28 18:16:00,1787940960000,4461.77,4461.78,4460.77,4460.77,1.6191
2026-08-28 18:17:00,1787941020000,4460.0,4460.01,4455.02,4459.7,20.613
2026-08-28 18:18:00,1787941080000,4459.29,4462.41,4459.28,4460.47,4.2636
2026-08-28 18:19:00,1787941140000,4459.98,4460.42,4457.89,4458.73,3.533
2026-08-28 18:20:00,1787941200000,4458.62,4462.5,4458.62,4462.49,0.7345
2026-08-28 18:21:00,1787941260000,4462.08,4462.67,4461.74,4462.24,2.0355
2026-08-28 18:22:00,1787941320000,4462.7,4462.72,4461.32,4461.66,2.8764
2026-08-28 18:23:00,1787941380000,4462.68,4462.68,4455.01,4455.01,5.0259
2026-08-28 18:24:00,1787941440000,4455.02,4455.78,4454.39,4454.94,5.1039
2026-08-28 18:25:00,1787941500000,4454.38,4456.43,4454.01,4456.43,2.0939
2026-08-28 18:26:00,1787941560000,4456.43,4463.43,4456.43,4462.23,15.6228
2026-08-28 18:27:00,1787941620000,4462.41,4462.41,4460.44,4460.44,2.0624
2026-08-28 18:28:00,1787941680000,4459.29,4461.07,4459.29,4460.33,1.8331
2026-08-28 18:29:00,1787941740000,4458.77,4458.77,4456.84,4456.84,0.9302
2026-08-28 18:30:00,1787941800000,4456.33,4457.51,4456.32,4456.92,21.2204
2026-08-28 18:31:00,1787941860000,4456.5,4458.53,4456.49,4456.82,2.7904
2026-08-28 18:32:00,1787941920000,4456.19,4456.19,4454.49,4455.03,0.9112
2026-08-28 18:33:00,1787941980000,4454.01,4455.92,4453.31,4455.92,3.3636
2026-08-28 18:34:00,1787942040000,4456.38,4458.32,4456.38,4457.38,1.1033
2026-08-28 18:35:00,1787942100000,4455.48,4455.92,4455.46,4455.48,1.306
2026-08-28 18:36:00,1787942160000,4453.75,4454.57,4452.99,4453.14,1.9402
2026-08-28 18:37:00,1787942220000,4453.14,4453.59,4453.0,4453.0,0.0736
2026-08-28 18:38:00,1787942280000,4453.0,4454.41,4452.96,4453.67,11.0267
2026-08-28 18:39:00,1787942340000,4453.67,4453.67,4452.76,4452.96,4.1977
2026-08-28 18:40:00,1787942400000,4452.74,4454.13,4452.1,4454.13,11.4362
2026-08-28 18:41:00,1787942460000,4454.13,4454.36,4452.32,4452.32,2.7671
2026-08-28 18:42:00,1787942520000,4452.01,4452.01,4448.03,4448.91,25.8038
2026-08-28 18:43:00,1787942580000,4448.91,4449.12,4447.48,4449.1,21.2705
2026-08-28 18:44:00,1787942640000,4449.09,4451.87,4448.72,4451.87,7.2948
2026-08-28 18:45:00,1787942700000,4451.52,4454.86,4451.52,4454.86,1.5076
2026-08-28 18:46:00,1787942760000,4454.87,4454.99,4450.75,4450.75,1.2492
2026-08-28 18:47:00,1787942820000,4450.74,4452.33,4450.18,4452.33,1.0866
2026-08-28 18:48:00,1787942880000,4451.44,4452.21,4450.98,4451.66,1.0128
2026-08-28 18:49:00,1787942940000,4451.66,4454.68,4451.66,4453.89,1.4789
2026-08-28 18:50:00,1787943000000,4453.88,4454.69,4453.2,4453.2,8.8345
2026-08-28 18:51:00,1787943060000,4452.33,4455.48,4452.33,4455.48,1.3506
2026-08-28 18:52:00,1787943120000,4455.29,4455.29,4452.95,4453.68,0.6342
2026-08-28 18:53:00,1787943180000,4453.81,4455.68,4453.81,4455.67,7.4203
2026-08-28 18:54:00,1787943240000,4457.27,4457.27,4454.58,4454.58,0.7711
2026-08-28 18:55:00,1787943300000,4454.89,4455.03,4454.12,4454.57,0.9855
2026-08-28 18:56:00,1787943360000,4454.08,4455.93,4453.95,4455.93,1.2636
2026-08-28 18:57:00,1787943420000,4456.19,4456.61,4453.98,4455.13,3.8744
2026-08-28 18:58:00,1787943480000,4455.13,4455.26,4455.09,4455.09,3.0205
2026-08-28 18:59:00,1787943540000,4455.1,4458.18,4455.1,4458.17,1.991
2026-08-28 19:00:00,1787943600000,4456.82,4457.96,4454.04,4455.61,3.3966
2026-08-28 19:01:00,1787943660000,4457.44,4460.78,4457.44,4460.71,5.0292
2026-08-28 19:02:00,1787943720000,4461.2,4461.2,4458.5,4459.51,6.4651
2026-08-28 19:03:00,1787943780000,4460.73,4460.75,4457.27,4460.75,3.1448
2026-08-28 19:04:00,1787943840000,4461.21,4462.02,4459.51,4459.51,11.7241
2026-08-28 19:05:00,1787943900000,4457.55,4461.05,4457.55,4460.05,1.3592
2026-08-28 19:06:00,1787943960000,4459.5,4461.77,4459.19,4459.39,2.3129
2026-08-28 19:07:00,1787944020000,4459.38,4461.77,4459.38,4460.45,1.7739
2026-08-28 19:08:00,1787944080000,4460.53,4462.49,4460.53,4462.16,0.4282
2026-08-28 19:09:00,1787944140000,4461.06,4462.49,4461.06,4462.49,0.2673
2026-08-28 19:10:00,1787944200000,4462.49,4462.49,4458.62,4460.07,1.0092
2026-08-28 19:11:00,1787944260000,4460.0,4460.0,4457.5,4458.18,6.1042
2026-08-28 19:12:00,1787944320000,4459.53,4460.3,4457.08,4457.46,1.2442
2026-08-28 19:13:00,1787944380000,4456.9,4458.18,4455.88,4458.17,0.8617
2026-08-28 19:14:00,1787944440000,4457.73,4458.12,4456.69,4458.12,0.3613
2026-08-28 19:15:00,1787944500000,4457.57,4458.95,4457.57,4458.01,0.533
2026-08-28 19:16:00,1787944560000,4457.84,4458.79,4457.31,4457.31,0.1925
2026-08-28 19:17:00,1787944620000,4457.32,4458.18,4457.19,4458.18,0.7495
2026-08-28 19:18:00,1787944680000,4456.81,4457.73,4455.75,4457.73,0.5765
2026-08-28 19:19:00,1787944740000,4458.18,4460.73,4458.18,4460.51,0.2382
2026-08-28 19:20:00,1787944800000,4461.21,4461.21,4460.44,4460.61,0.0217
2026-08-28 19:21:00,1787944860000,4460.92,4461.74,4460.45,4461.06,0.16
2026-08-28 19:22:00,1787944920000,4461.06,4461.06,4460.45,4460.45,0.0685
2026-08-28 19:23:00,1787944980000,4460.44,4460.44,4458.79,4459.06,2.4081
2026-08-28 19:24:00,1787945040000,4457.96,4461.19,4457.73,4461.19,3.287
2026-08-28 19:25:00,1787945100000,4459.74,4462.49,4459.74,4461.32,3.0761
2026-08-28 19:26:00,1787945160000,4462.49,4462.5,4461.96,4462.5,3.2932
2026-08-28 19:27:00,1787945220000,4463.12,4463.63,4463.12,4463.12,0.1181
2026-08-28 19:28:00,1787945280000,4463.53,4463.54,4463.12,4463.12,1.602
2026-08-28 19:29:00,1787945340000,4462.18,4462.37,4461.86,4462.24,1.3014
2026-08-28 19:30:00,1787945400000,4461.54,4464.67,4461.54,4464.67,1.2059
2026-08-28 19:31:00,1787945460000,4464.67,4464.67,4462.17,4462.17,0.0987
2026-08-28 19:32:00,1787945520000,4462.55,4463.4,4462.55,4462.68,0.4708
2026-08-28 19:33:00,1787945580000,4463.86,4464.02,4463.12,4463.26,1.0117
2026-08-28 19:34:00,1787945640000,4463.9,4463.91,4463.9,4463.91,0.0406
2026-08-28 19:35:00,1787945700000,4462.68,4463.14,4462.68,4463.12,0.0374
2026-08-28 19:36:00,1787945760000,4462.92,4463.9,4462.92,4463.9,0.1264
2026-08-28 19:37:00,1787945820000,4463.47,4464.47,4462.61,4464.47,0.3439
2026-08-28 19:38:00,1787945880000,4464.68,4465.56,4464.68,4465.56,0.0329
2026-08-28 19:39:00,1787945940000,4465.73,4466.66,4465.73,4466.02,5.2774
2026-08-28 19:40:00,1787946000000,4466.16,4466.66,4465.52,4465.52,0.2946
2026-08-28 19:41:00,1787946060000,4464.77,4466.28,4464.77,4466.28,1.0474
2026-08-28 19:42:00,1787946120000,4466.38,4466.38,4466.38,4466.38,0.0012
2026-08-28 19:43:00,1787946180000,4466.39,4466.39,4466.39,4466.39,0.002
2026-08-28 19:44:00,1787946240000,4466.39,4466.39,4464.93,4465.0,0.7254
2026-08-28 19:45:00,1787946300000,4464.86,4464.86,4462.44,4462.44,1.1771
2026-08-28 19:46:00,1787946360000,4462.0,4462.0,4456.82,4459.21,95.0531
2026-08-28 19:47:00,1787946420000,4459.2,4459.2,4456.77,4456.77,6.3542
2026-08-28 19:48:00,1787946480000,4456.17,4458.63,4455.19,4458.63,36.3919
2026-08-28 19:49:00,1787946540000,4458.05,4458.62,4456.05,4457.69,14.982
2026-08-28 19:50:00,1787946600000,4457.87,4459.44,4456.95,4457.59,10.4659
2026-08-28 19:51:00,1787946660000,4457.5,4458.85,4455.01,4455.93,24.1591
2026-08-28 19:52:00,1787946720000,4456.82,4460.26,4455.94,4460.26,3.4757
2026-08-28 19:53:00,1787946780000,4459.75,4459.75,4457.69,4457.87,5.8336
2026-08-28 19:54:00,1787946840000,4457.81,4458.47,4457.44,4457.44,1.8914
2026-08-28 19:55:00,1787946900000,4458.02,4458.87,4457.05,4458.17,7.7114
2026-08-28 19:56:00,1787946960000,4458.17,4460.18,4458.17,4460.18,0.2996
2026-08-28 19:57:00,1787947020000,4461.32,4461.33,4460.27,4460.44,1.5257
2026-08-28 19:58:00,1787947080000,4460.5,4461.33,4458.36,4458.36,3.4665
2026-08-28 19:59:00,1787947140000,4458.36,4460.43,4458.36,4459.77,14.7633
2026-08-28 20:00:00,1787947200000,4459.76,4459.77,4457.09,4457.55,0.393
2026-08-28 20:01:00,1787947260000,4458.63,4459.42,4458.63,4458.63,0.7088
2026-08-28 20:02:00,1787947320000,4458.97,4461.91,4458.97,4461.91,4.1024
2026-08-28 20:03:00,1787947380000,4462.53,4462.77,4462.53,4462.77,0.011
2026-08-28 20:04:00,1787947440000,4462.77,4462.81,4461.38,4461.38,0.5793
2026-08-28 20:05:00,1787947500000,4460.89,4461.78,4460.89,4461.78,1.3007
2026-08-28 20:06:00,1787947560000,4461.83,4461.83,4461.0,4461.12,0.8656
2026-08-28 20:07:00,1787947620000,4461.99,4461.99,4461.33,4461.34,0.0204
2026-08-28 20:08:00,1787947680000,4461.39,4462.23,4461.39,4461.86,0.0168
2026-08-28 20:09:00,1787947740000,4461.57,4461.81,4461.57,4461.77,0.1588
2026-08-28 20:10:00,1787947800000,4462.23,4462.23,4462.23,4462.23,0.0021
2026-08-28 20:11:00,1787947860000,4462.33,4462.33,4459.75,4459.76,1.1562
2026-08-28 20:12:00,1787947920000,4459.87,4459.87,4458.96,4459.53,0.7282
2026-08-28 20:13:00,1787947980000,4459.98,4459.98,4459.98,4459.98,0.0233
2026-08-28 20:14:00,1787948040000,4459.98,4459.98,4459.97,4459.97,0.0394
2026-08-28 20:15:00,1787948100000,4459.84,4460.87,4459.84,4460.87,0.2056
2026-08-28 20:16:00,1787948160000,4461.06,4461.07,4461.06,4461.06,0.1494
2026-08-28 20:17:00,1787948220000,4461.05,4461.33,4461.05,4461.33,0.0163
2026-08-28 20:18:00,1787948280000,4461.32,4461.51,4461.32,4461.5,1.8487
2026-08-28 20:19:00,1787948340000,4461.49,4461.49,4460.52,4460.52,0.2142
2026-08-28 20:20:00,1787948400000,4459.64,4459.64,4456.45,4456.45,1.2316
2026-08-28 20:21:00,1787948460000,4456.84,4456.84,4456.64,4456.83,1.0096
2026-08-28 20:22:00,1787948520000,4456.83,4456.98,4456.63,4456.63,1.7568
2026-08-28 20:23:00,1787948580000,4455.94,4455.94,4455.94,4455.94,0.0016
2026-08-28 20:24:00,1787948640000,4456.38,4456.38,4455.89,4455.89,0.0336
2026-08-28 20:25:00,1787948700000,4455.89,4455.89,4455.89,4455.89,0.1031
2026-08-28 20:26:00,1787948760000,4455.49,4455.49,4455.49,4455.49,0.0465
2026-08-28 20:27:00,1787948820000,4455.49,4456.83,4455.49,4456.83,0.1971
2026-08-28 20:28:00,1787948880000,4456.82,4456.96,4456.82,4456.96,1.5472
2026-08-28 20:29:00,1787948940000,4457.84,4459.07,4457.84,4459.07,0.8814
2026-08-28 20:30:00,1787949000000,4459.08,4459.08,4457.84,4457.85,4.3968
2026-08-28 20:31:00,1787949060000,4457.84,4457.84,4457.84,4457.84,1.2993
2026-08-28 20:32:00,1787949120000,4457.84,4457.84,4455.3,4455.71,18.0439
2026-08-28 20:33:00,1787949180000,4455.71,4456.91,4455.71,4456.91,1.4586
2026-08-28 20:34:00,1787949240000,4456.57,4456.57,4455.94,4455.94,0.2267
2026-08-28 20:35:00,1787949300000,4455.94,4456.11,4455.94,4456.11,0.4513
2026-08-28 20:36:00,1787949360000,4456.11,4457.01,4456.11,4457.01,0.596
2026-08-28 20:37:00,1787949420000,4457.72,4457.72,4456.95,4456.95,0.0079
2026-08-28 20:38:00,1787949480000,4456.14,4457.01,4455.61,4455.64,2.1972
2026-08-28 20:39:00,1787949540000,4455.64,4456.05,4455.64,4455.65,0.6066
2026-08-28 20:40:00,1787949600000,4455.64,4456.11,4454.55,4454.55,3.7475
2026-08-28 20:41:00,1787949660000,4454.87,4454.88,4454.87,4454.88,0.0885
2026-08-28 20:42:00,1787949720000,4454.88,4454.88,4454.87,4454.87,0.0098
2026-08-28 20:43:00,1787949780000,4454.88,4455.97,4454.88,4455.93,1.3025
2026-08-28 20:44:00,1787949840000,4456.49,4456.49,4456.49,4456.49,0.0012
2026-08-28 20:45:00,1787949900000,4457.0,4457.28,4456.07,4457.04,7.1392
2026-08-28 20:46:00,1787949960000,4457.08,4458.17,4457.08,4458.17,4.6349
2026-08-28 20:47:00,1787950020000,4456.84,4456.84,4456.84,4456.84,0.0019
2026-08-28 20:48:00,1787950080000,4456.62,4459.87,4456.62,4459.03,4.5715
2026-08-28 20:49:00,1787950140000,4459.07,4459.53,4459.07,4459.52,0.2786
2026-08-28 20:50:00,1787950200000,4459.57,4459.57,4457.31,4457.31,0.2604
2026-08-28 20:51:00,1787950260000,4457.32,4458.46,4457.32,4457.7,4.4307
2026-08-28 20:52:00,1787950320000,4457.73,4457.73,4454.55,4454.55,4.5416
2026-08-28 20:53:00,1787950380000,4454.54,4454.54,4454.14,4454.15,0.7514
2026-08-28 20:54:00,1787950440000,4455.26,4455.26,4454.16,4454.69,1.2164
2026-08-28 20:55:00,1787950500000,4455.14,4455.48,4454.92,4454.92,0.8232
2026-08-28 20:56:00,1787950560000,4454.92,4454.92,4453.69,4454.48,0.6532
2026-08-28 20:57:00,1787950620000,4454.21,4455.9,4454.21,4455.9,1.0738
2026-08-28 20:58:00,1787950680000,4455.9,4456.16,4455.53,4455.53,0.4386
2026-08-28 20:59:00,1787950740000,4455.04,4457.46,4454.58,4456.64,14.5408
2026-08-28 21:00:00,1787950800000,4456.64,4459.08,4456.64,4459.08,2.2446
2026-08-28 21:01:00,1787950860000,4459.08,4459.53,4459.07,4459.53,0.1255
2026-08-28 21:02:00,1787950920000,4459.97,4459.97,4458.23,4458.23,5.6372
2026-08-28 21:03:00,1787950980000,4458.49,4458.54,4458.49,4458.54,0.1352
2026-08-28 21:04:00,1787951040000,4458.54,4458.54,4458.54,4458.54,0.0285
2026-08-28 21:05:00,1787951100000,4458.53,4458.54,4458.53,4458.54,0.0396
2026-08-28 21:06:00,1787951160000,4458.53,4458.54,4458.53,4458.54,0.032
2026-08-28 21:07:00,1787951220000,4458.53,4458.54,4458.53,4458.54,0.0319
2026-08-28 21:08:00,1787951280000,4458.53,4458.54,4458.53,4458.53,1.025
2026-08-28 21:09:00,1787951340000,4458.54,4458.54,4458.54,4458.54,0.0018
2026-08-28 21:10:00,1787951400000,4458.67,4458.97,4458.67,4458.97,0.1787
2026-08-28 21:11:00,1787951460000,4458.97,4458.97,4458.96,4458.97,0.011
2026-08-28 21:12:00,1787951520000,4458.97,4458.97,4458.96,4458.97,0.7692
2026-08-28 21:13:00,1787951580000,4458.97,4458.97,4458.97,4458.97,0.008
2026-08-28 21:14:00,1787951640000,4458.97,4459.15,4458.97,4459.15,0.9899
2026-08-28 21:15:00,1787951700000,4459.15,4459.15,4459.14,4459.15,0.1085
2026-08-28 21:16:00,1787951760000,4459.15,4459.15,4459.15,4459.15,0.0031
2026-08-28 21:17:00,1787951820000,4459.15,4460.42,4459.15,4460.42,0.9275
2026-08-28 21:18:00,1787951880000,4460.43,4460.43,4460.43,4460.43,0.0013
2026-08-28 21:19:00,1787951940000,4460.42,4460.42,4460.42,4460.42,0.321
2026-08-28 21:20:00,1787952000000,4460.43,4461.13,4460.42,4461.13,6.4306
2026-08-28 21:21:00,1787952060000,4461.13,4461.13,4461.13,4461.13,0.0015
2026-08-28 21:22:00,1787952120000,4461.13,4461.13,4460.0,4460.0,1.6458
2026-08-28 21:23:00,1787952180000,4459.82,4459.82,4459.71,4459.71,0.6705
2026-08-28 21:24:00,1787952240000,4459.72,4459.72,4458.97,4458.97,3.4074
2026-08-28 21:25:00,1787952300000,4458.96,4459.34,4457.45,4459.34,4.042
2026-08-28 21:26:00,1787952360000,4459.25,4459.26,4459.25,4459.26,1.6959
2026-08-28 21:27:00,1787952420000,4459.36,4459.97,4459.36,4459.97,0.1772
2026-08-28 21:28:00,1787952480000,4459.97,4459.97,4459.72,4459.96,0.6954
2026-08-28 21:29:00,1787952540000,4459.97,4459.97,4459.97,4459.97,0.4609
2026-08-28 21:30:00,1787952600000,4459.97,4460.43,4459.97,4460.43,0.7424
2026-08-28 21:31:00,1787952660000,4460.43,4461.78,4460.43,4461.78,3.2859
2026-08-28 21:32:00,1787952720000,4461.78,4461.82,4461.77,4461.82,0.1499
2026-08-28 21:33:00,1787952780000,4461.81,4461.82,4461.78,4461.78,0.6688
2026-08-28 21:34:00,1787952840000,4461.78,4461.78,4461.78,4461.78,0.0047
2026-08-28 21:35:00,1787952900000,4461.78,4461.78,4461.43,4461.44,0.9021
2026-08-28 21:36:00,1787952960000,4461.44,4461.44,4461.43,4461.44,0.016
2026-08-28 21:37:00,1787953020000,4461.43,4461.44,4461.43,4461.44,0.1813
2026-08-28 21:38:00,1787953080000,4461.44,4462.91,4461.44,4462.91,6.0669
2026-08-28 21:39:00,1787953140000,4462.61,4462.62,4462.61,4462.62,0.751
2026-08-28 21:40:00,1787953200000,4462.62,4463.18,4462.62,4463.18,0.8388
2026-08-28 21:41:00,1787953260000,4463.18,4463.18,4463.17,4463.17,0.6656
2026-08-28 21:42:00,1787953320000,4463.18,4463.18,4462.61,4462.61,2.6583
2026-08-28 21:43:00,1787953380000,4462.28,4462.28,4461.48,4462.23,1.9053
2026-08-28 21:44:00,1787953440000,4462.02,4462.02,4461.9,4461.9,2.7821
2026-08-28 21:45:00,1787953500000,4461.91,4461.91,4461.91,4461.91,0.0096
2026-08-28 21:46:00,1787953560000,4461.48,4461.48,4461.48,4461.48,0.325
2026-08-28 21:47:00,1787953620000,4461.48,4461.67,4461.48,4461.66,1.2107
2026-08-28 21:48:00,1787953680000,4461.67,4461.67,4461.67,4461.67,0.0446
2026-08-28 21:49:00,1787953740000,4461.67,4461.67,4460.35,4460.35,0.1003
2026-08-28 21:50:00,1787953800000,4460.35,4460.35,4460.34,4460.35,0.0612
2026-08-28 21:51:00,1787953860000,4460.35,4460.35,4460.34,4460.34,0.1133
2026-08-28 21:52:00,1787953920000,4460.35,4460.35,4460.35,4460.35,0.3887
2026-08-28 21:53:00,1787953980000,4460.35,4460.35,4460.35,4460.35,0.0507
2026-08-28 21:54:00,1787954040000,4460.35,4460.35,4460.35,4460.35,0.7019
2026-08-28 21:55:00,1787954100000,4460.55,4460.55,4460.54,4460.55,1.0546
2026-08-28 21:56:00,1787954160000,4460.55,4460.55,4460.55,4460.55,0.5029
2026-08-28 21:57:00,1787954220000,4460.55,4460.55,4460.55,4460.55,0.1146
2026-08-28 21:58:00,1787954280000,4460.55,4460.55,4460.02,4460.2,2.2866
2026-08-28 21:59:00,1787954340000,4460.19,4460.2,4460.19,4460.2,0.648
2026-08-28 22:00:00,1787954400000,4460.2,4460.2,4460.19,4460.19,0.1783
2026-08-28 22:01:00,1787954460000,4460.2,4460.2,4460.19,4460.19,0.0573
2026-08-28 22:02:00,1787954520000,4460.2,4460.43,4460.2,4460.43,0.721
2026-08-28 22:03:00,1787954580000,4460.43,4460.43,4460.43,4460.43,0.5888
2026-08-28 22:04:00,1787954640000,4460.43,4460.7,4460.43,4460.7,1.0061
2026-08-28 22:05:00,1787954700000,4460.7,4460.7,4460.69,4460.7,0.6842
2026-08-28 22:06:00,1787954760000,4460.69,4460.7,4460.69,4460.7,0.0029
2026-08-28 22:07:00,1787954820000,4460.69,4460.69,4460.69,4460.69,0.0183
2026-08-28 22:08:00,1787954880000,4461.43,4463.25,4461.43,4463.12,1.445
2026-08-28 22:09:00,1787954940000,4463.11,4463.12,4462.27,4463.12,0.1594
2026-08-28 22:10:00,1787955000000,4463.63,4464.86,4463.63,4464.86,1.4891
2026-08-28 22:11:00,1787955060000,4464.85,4464.86,4461.51,4462.0,2.5781
2026-08-28 22:12:00,1787955120000,4462.01,4462.01,4462.01,4462.01,0.0296
2026-08-28 22:13:00,1787955180000,4462.01,4462.01,4462.0,4462.01,0.0346
2026-08-28 22:14:00,1787955240000,4462.05,4462.05,4462.05,4462.05,0.0233
2026-08-28 22:15:00,1787955300000,4462.23,4462.23,4462.23,4462.23,0.1552
2026-08-28 22:16:00,1787955360000,4462.23,4464.11,4462.23,4464.11,1.2235
2026-08-28 22:17:00,1787955420000,4463.14,4464.48,4463.14,4464.12,6.2673
2026-08-28 22:18:00,1787955480000,4464.36,4464.36,4464.36,4464.36,0.009
2026-08-28 22:19:00,1787955540000,4464.0,4464.0,4463.99,4464.0,0.4842
2026-08-28 22:20:00,1787955600000,4464.48,4464.48,4464.48,4464.48,0.0014
2026-08-28 22:21:00,1787955660000,4464.48,4464.48,4464.48,4464.48,0.0351
2026-08-28 22:22:00,1787955720000,4464.48,4464.48,4464.47,4464.48,0.0701
2026-08-28 22:23:00,1787955780000,4464.48,4464.48,4464.47,4464.47,0.4314
2026-08-28 22:24:00,1787955840000,4464.48,4464.48,4464.47,4464.47,0.8546
2026-08-28 22:25:00,1787955900000,4464.48,4464.48,4464.48,4464.48,0.033
2026-08-28 22:26:00,1787955960000,4464.48,4464.48,4464.48,4464.48,0.0137
2026-08-28 22:27:00,1787956020000,4464.47,4464.47,4464.47,4464.47,0.019
2026-08-28 22:28:00,1787956080000,4464.48,4464.48,4464.48,4464.48,0.0201
2026-08-28 22:29:00,1787956140000,4464.47,4464.47,4463.9,4463.9,0.1594
2026-08-28 22:30:00,1787956200000,4463.89,4463.89,4461.82,4462.37,2.3144
2026-08-28 22:31:00,1787956260000,4462.37,4462.37,4462.37,4462.37,0.0901
2026-08-28 22:32:00,1787956320000,4462.36,4462.37,4462.36,4462.37,0.5989
2026-08-28 22:33:00,1787956380000,4462.37,4462.37,4462.37,4462.37,0.0035
2026-08-28 22:34:00,1787956440000,4462.37,4462.37,4462.36,4462.36,0.1081
2026-08-28 22:35:00,1787956500000,4462.37,4462.37,4462.37,4462.37,0.04
2026-08-28 22:36:00,1787956560000,4462.37,4462.37,4462.36,4462.36,0.1664
2026-08-28 22:37:00,1787956620000,4462.36,4462.58,4462.36,4462.58,0.1759
2026-08-28 22:38:00,1787956680000,4462.57,4462.58,4462.57,4462.58,0.3579
2026-08-28 22:39:00,1787956740000,4462.58,4464.09,4462.58,4463.58,5.2756
2026-08-28 22:40:00,1787956800000,4462.37,4462.37,4462.36,4462.36,0.0054
2026-08-28 22:41:00,1787956860000,4462.37,4462.37,4462.37,4462.37,0.0134
2026-08-28 22:42:00,1787956920000,4462.37,4462.37,4462.37,4462.37,0.0018
2026-08-28 22:43:00,1787956980000,4462.37,4462.37,4462.37,4462.37,0.0503
2026-08-28 22:44:00,1787957040000,4462.37,4462.37,4462.37,4462.37,0.0511
2026-08-28 22:45:00,1787957100000,4462.37,4462.37,4462.34,4462.34,0.8823
2026-08-28 22:46:00,1787957160000,4462.37,4462.37,4462.37,4462.37,0.113
2026-08-28 22:47:00,1787957220000,4462.37,4462.37,4462.36,4462.36,0.0349
2026-08-28 22:48:00,1787957280000,4462.37,4462.37,4462.36,4462.37,0.0527
2026-08-28 22:49:00,1787957340000,4462.37,4462.68,4462.37,4462.68,1.0175
2026-08-28 22:50:00,1787957400000,4462.68,4462.68,4462.68,4462.68,0.0
2026-08-28 22:51:00,1787957460000,4462.68,4462.68,4462.67,4462.67,0.0183
2026-08-28 22:52:00,1787957520000,4462.68,4462.68,4462.68,4462.68,0.0033
2026-08-28 22:53:00,1787957580000,4462.68,4462.68,4462.4,4462.4,0.0213
2026-08-28 22:54:00,1787957640000,4462.4,4462.4,4462.4,4462.4,0.0892
2026-08-28 22:55:00,1787957700000,4462.39,4462.39,4462.39,4462.39,0.0061
2026-08-28 22:56:00,1787957760000,4462.39,4462.88,4462.39,4462.88,6.1705
2026-08-28 22:57:00,1787957820000,4462.88,4462.88,4462.88,4462.88,0.017
2026-08-28 22:58:00,1787957880000,4462.88,4462.88,4462.88,4462.88,0.047
2026-08-28 22:59:00,1787957940000,4462.88,4462.88,4462.88,4462.88,0.0223
2026-08-28 23:00:00,1787958000000,4462.88,4462.88,4462.87,4462.88,0.1933
2026-08-28 23:01:00,1787958060000,4462.88,4462.88,4462.88,4462.88,0.1014
2026-08-28 23:02:00,1787958120000,4462.88,4462.88,4462.88,4462.88,0.6629
2026-08-28 23:03:00,1787958180000,4462.88,4462.88,4462.88,4462.88,1.04
2026-08-28 23:04:00,1787958240000,4462.88,4462.88,4462.37,4462.37,0.5913
2026-08-28 23:05:00,1787958300000,4462.37,4462.37,4461.82,4461.82,0.6798
2026-08-28 23:06:00,1787958360000,4461.83,4461.83,4461.83,4461.83,1.0012
2026-08-28 23:07:00,1787958420000,4461.83,4462.06,4461.83,4462.06,0.6996
2026-08-28 23:08:00,1787958480000,4462.06,4462.06,4462.05,4462.05,0.0198
2026-08-28 23:09:00,1787958540000,4462.05,4462.06,4462.05,4462.06,0.2813
2026-08-28 23:10:00,1787958600000,4462.06,4462.06,4462.06,4462.06,0.0196
2026-08-28 23:11:00,1787958660000,4462.06,4462.06,4462.06,4462.06,0.3438
2026-08-28 23:12:00,1787958720000,4462.05,4462.06,4462.05,4462.05,0.3919
2026-08-28 23:13:00,1787958780000,4462.06,4463.12,4462.06,4463.12,7.1299
2026-08-28 23:14:00,1787958840000,4463.12,4463.13,4463.12,4463.12,0.0332
2026-08-28 23:15:00,1787958900000,4463.13,4463.13,4463.12,4463.12,0.0172
2026-08-28 23:16:00,1787958960000,4463.13,4463.57,4463.07,4463.07,4.0362
2026-08-28 23:17:00,1787959020000,4462.99,4463.38,4462.99,4463.38,1.6987
2026-08-28 23:18:00,1787959080000,4463.39,4463.39,4463.39,4463.39,0.3497
2026-08-28 23:19:00,1787959140000,4463.39,4463.39,4463.38,4463.38,0.0571
2026-08-28 23:20:00,1787959200000,4463.39,4463.78,4463.38,4463.38,12.3055
2026-08-28 23:21:00,1787959260000,4463.37,4463.38,4463.37,4463.38,0.0187
2026-08-28 23:22:00,1787959320000,4463.37,4463.38,4463.37,4463.38,5.6978
2026-08-28 23:23:00,1787959380000,4463.38,4463.38,4463.38,4463.38,0.0
2026-08-28 23:24:00,1787959440000,4463.38,4463.38,4463.37,4463.37,0.0078
2026-08-28 23:25:00,1787959500000,4463.38,4463.38,4463.38,4463.38,0.0094
2026-08-28 23:26:00,1787959560000,4463.38,4463.38,4463.37,4463.38,0.0328
2026-08-28 23:27:00,1787959620000,4463.38,4463.38,4463.38,4463.38,0.0031
2026-08-28 23:28:00,1787959680000,4463.37,4463.38,4463.03,4463.03,6.0335
2026-08-28 23:29:00,1787959740000,4463.04,4463.05,4463.04,4463.04,0.262
2026-08-28 23:30:00,1787959800000,4463.04,4463.05,4463.04,4463.05,3.0375
2026-08-28 23:31:00,1787959860000,4463.05,4463.77,4463.05,4463.55,11.4607
2026-08-28 23:32:00,1787959920000,4463.54,4463.54,4463.35,4463.35,13.6345
2026-08-28 23:33:00,1787959980000,4463.34,4463.35,4463.32,4463.35,4.3982
2026-08-28 23:34:00,1787960040000,4463.34,4463.53,4463.34,4463.53,1.6304
2026-08-28 23:35:00,1787960100000,4463.53,4463.53,4463.53,4463.53,0.0
2026-08-28 23:36:00,1787960160000,4463.96,4463.96,4463.96,4463.96,0.0127
2026-08-28 23:37:00,1787960220000,4464.2,4464.64,4464.2,4464.64,1.0798
2026-08-28 23:38:00,1787960280000,4464.64,4464.64,4464.64,4464.64,0.1868
2026-08-28 23:39:00,1787960340000,4464.64,4464.64,4464.64,4464.64,0.1098
2026-08-28 23:40:00,1787960400000,4464.64,4464.65,4464.64,4464.64,0.9597
2026-08-28 23:41:00,1787960460000,4464.65,4464.65,4464.64,4464.64,0.0301
2026-08-28 23:42:00,1787960520000,4464.65,4464.65,4464.64,4464.64,0.3821
2026-08-28 23:43:00,1787960580000,4464.65,4464.86,4464.64,4464.64,1.8544
2026-08-28 23:44:00,1787960640000,4464.64,4464.64,4464.03,4464.04,2.478
2026-08-28 23:45:00,1787960700000,4464.04,4464.3,4464.04,4464.3,1.3571
2026-08-28 23:46:00,1787960760000,4464.04,4464.04,4464.04,4464.04,0.0057
2026-08-28 23:47:00,1787960820000,4464.03,4464.03,4463.13,4463.13,1.8432
2026-08-28 23:48:00,1787960880000,4463.13,4463.14,4463.13,4463.13,0.138
2026-08-28 23:49:00,1787960940000,4463.13,4463.14,4463.13,4463.14,0.155
2026-08-28 23:50:00,1787961000000,4463.14,4463.14,4463.13,4463.13,0.018
2026-08-28 23:51:00,1787961060000,4463.13,4463.13,4463.13,4463.13,0.0336
2026-08-28 23:52:00,1787961120000,4463.13,4463.13,4463.13,4463.13,0.0
2026-08-28 23:53:00,1787961180000,4463.14,4463.14,4463.14,4463.14,0.0947
2026-08-28 23:54:00,1787961240000,4463.13,4463.13,4463.0,4463.01,2.5703
2026-08-28 23:55:00,1787961300000,4463.0,4463.0,4463.0,4463.0,0.0078
2026-08-28 23:56:00,1787961360000,4463.0,4463.01,4463.0,4463.01,0.1848
2026-08-28 23:57:00,1787961420000,4463.0,4463.01,4461.96,4462.28,10.4249
2026-08-28 23:58:00,1787961480000,4461.93,4461.93,4461.92,4461.92,0.1189
2026-08-28 23:59:00,1787961540000,4461.92,4461.92,4461.92,4461.92,0.0
2026-08-29 00:00:00,1787961600000,4461.79,4462.68,4461.79,4462.34,8.1178
2026-08-29 00:01:00,1787961660000,4462.23,4462.23,4461.99,4461.99,0.1583
2026-08-29 00:02:00,1787961720000,4461.79,4462.67,4461.79,4462.66,4.5051
2026-08-29 00:03:00,1787961780000,4462.07,4462.27,4462.07,4462.27,5.5227
2026-08-29 00:04:00,1787961840000,4462.07,4463.13,4462.07,4462.56,10.4978
2026-08-29 00:05:00,1787961900000,4462.56,4463.57,4462.56,4463.34,3.8272
2026-08-29 00:06:00,1787961960000,4462.87,4464.85,4462.87,4464.49,5.1289
2026-08-29 00:07:00,1787962020000,4464.48,4464.48,4463.85,4463.85,0.0964
2026-08-29 00:08:00,1787962080000,4463.85,4463.85,4463.3,4463.3,0.1596
2026-08-29 00:09:00,1787962140000,4463.3,4463.3,4463.29,4463.29,0.1369
2026-08-29 00:10:00,1787962200000,4463.3,4463.3,4463.3,4463.3,0.0634
2026-08-29 00:11:00,1787962260000,4463.29,4463.3,4463.29,4463.3,0.1101
2026-08-29 00:12:00,1787962320000,4463.3,4463.3,4463.29,4463.29,0.0196
2026-08-29 00:13:00,1787962380000,4463.3,4463.3,4463.29,4463.29,0.0137
2026-08-29 00:14:00,1787962440000,4463.3,4463.3,4463.3,4463.3,1.0397
2026-08-29 00:15:00,1787962500000,4463.3,4463.31,4462.63,4463.06,5.7659
2026-08-29 00:16:00,1787962560000,4463.05,4463.05,4463.0,4463.0,0.3103
2026-08-29 00:17:00,1787962620000,4463.0,4463.05,4463.0,4463.05,1.3424
2026-08-29 00:18:00,1787962680000,4463.06,4463.06,4463.06,4463.06,0.4481
2026-08-29 00:19:00,1787962740000,4463.26,4463.49,4463.26,4463.49,0.3445
2026-08-29 00:20:00,1787962800000,4463.81,4463.81,4463.81,4463.81,0.0298
2026-08-29 00:21:00,1787962860000,4463.81,4463.81,4463.81,4463.81,0.4593
2026-08-29 00:22:00,1787962920000,4463.81,4463.81,4463.81,4463.81,0.1215
2026-08-29 00:23:00,1787962980000,4463.81,4463.81,4463.14,4463.14,0.586
2026-08-29 00:24:00,1787963040000,4463.14,4463.47,4463.14,4463.47,5.4434
2026-08-29 00:25:00,1787963100000,4463.46,4463.46,4462.42,4462.42,1.8565
2026-08-29 00:26:00,1787963160000,4462.43,4462.43,4462.43,4462.43,0.0242
2026-08-29 00:27:00,1787963220000,4462.43,4462.43,4462.43,4462.43,0.0017
2026-08-29 00:28:00,1787963280000,4462.43,4462.43,4462.43,4462.43,0.0014
2026-08-29 00:29:00,1787963340000,4462.43,4462.43,4462.24,4462.24,0.8296
2026-08-29 00:30:00,1787963400000,4462.24,4463.47,4462.24,4463.47,6.8686
2026-08-29 00:31:00,1787963460000,4462.72,4462.72,4462.71,4462.71,0.2137
2026-08-29 00:32:00,1787963520000,4462.69,4462.71,4462.69,4462.69,5.0176
2026-08-29 00:33:00,1787963580000,4462.69,4462.69,4462.68,4462.68,0.1
2026-08-29 00:34:00,1787963640000,4462.24,4462.24,4462.24,4462.24,0.1014
2026-08-29 00:35:00,1787963700000,4462.24,4462.24,4461.65,4461.65,0.1421
2026-08-29 00:36:00,1787963760000,4461.66,4461.66,4461.66,4461.66,0.2571
2026-08-29 00:37:00,1787963820000,4461.65,4462.31,4461.65,4462.31,3.5185
2026-08-29 00:38:00,1787963880000,4462.97,4462.97,4462.97,4462.97,0.0072
2026-08-29 00:39:00,1787963940000,4462.96,4462.96,4462.96,4462.96,0.0053
2026-08-29 00:40:00,1787964000000,4462.97,4462.97,4462.96,4462.96,0.0042
2026-08-29 00:41:00,1787964060000,4462.96,4462.96,4462.96,4462.96,0.0
2026-08-29 00:42:00,1787964120000,4462.96,4462.96,4462.63,4462.63,0.4506
2026-08-29 00:43:00,1787964180000,4462.63,4462.63,4462.62,4462.62,0.1154
2026-08-29 00:44:00,1787964240000,4462.63,4462.63,4462.62,4462.62,0.1647
2026-08-29 00:45:00,1787964300000,4462.62,4462.62,4462.62,4462.62,0.0
2026-08-29 00:46:00,1787964360000,4462.62,4462.62,4462.35,4462.35,0.3927
2026-08-29 00:47:00,1787964420000,4462.36,4462.36,4462.0,4462.0,0.0066
2026-08-29 00:48:00,1787964480000,4462.0,4462.0,4462.0,4462.0,0.0
2026-08-29 00:49:00,1787964540000,4462.0,4462.0,4461.66,4461.66,0.6409
2026-08-29 00:50:00,1787964600000,4461.67,4461.67,4461.66,4461.66,0.0742
2026-08-29 00:51:00,1787964660000,4461.67,4461.67,4461.66,4461.66,0.4385
2026-08-29 00:52:00,1787964720000,4461.67,4461.67,4461.67,4461.67,0.1383
2026-08-29 00:53:00,1787964780000,4461.67,4461.67,4461.66,4461.67,0.106
2026-08-29 00:54:00,1787964840000,4461.67,4461.67,4461.66,4461.66,0.0127
2026-08-29 00:55:00,1787964900000,4461.66,4461.66,4461.66,4461.66,0.0
2026-08-29 00:56:00,1787964960000,4461.67,4461.67,4461.67,4461.67,0.0032
2026-08-29 00:57:00,1787965020000,4461.66,4461.66,4461.66,4461.66,0.0017
2026-08-29 00:58:00,1787965080000,4461.67,4461.67,4461.67,4461.67,0.0014
2026-08-29 00:59:00,1787965140000,4461.66,4461.67,4461.66,4461.67,0.5841
2026-08-29 01:00:00,1787965200000,4461.66,4461.67,4461.66,4461.67,0.0508
2026-08-29 01:01:00,1787965260000,4461.67,4462.0,4461.67,4462.0,2.0035
2026-08-29 01:02:00,1787965320000,4462.0,4462.26,4462.0,4462.15,2.6432
2026-08-29 01:03:00,1787965380000,4462.15,4462.15,4462.14,4462.15,0.7446
2026-08-29 01:04:00,1787965440000,4462.15,4462.15,4462.15,4462.15,0.2005
2026-08-29 01:05:00,1787965500000,4462.15,4462.15,4462.14,4462.14,0.0083
2026-08-29 01:06:00,1787965560000,4462.14,4462.14,4462.14,4462.14,0.0
2026-08-29 01:07:00,1787965620000,4462.15,4462.15,4462.15,4462.15,0.0014
2026-08-29 01:08:00,1787965680000,4462.15,4462.15,4462.14,4462.14,0.003
2026-08-29 01:09:00,1787965740000,4462.15,4462.72,4462.15,4462.72,4.7689
2026-08-29 01:10:00,1787965800000,4462.81,4462.81,4462.0,4462.0,0.341
2026-08-29 01:11:00,1787965860000,4462.01,4462.01,4462.01,4462.01,0.0024
2026-08-29 01:12:00,1787965920000,4462.01,4462.01,4462.01,4462.01,0.0046
2026-08-29 01:13:00,1787965980000,4462.01,4462.01,4462.01,4462.01,0.0067
2026-08-29 01:14:00,1787966040000,4462.01,4462.01,4462.01,4462.01,0.0724
2026-08-29 01:15:00,1787966100000,4462.01,4462.01,4462.01,4462.01,0.0202
2026-08-29 01:16:00,1787966160000,4462.01,4462.01,4462.01,4462.01,0.0182
2026-08-29 01:17:00,1787966220000,4462.0,4462.0,4462.0,4462.0,0.0235
2026-08-29 01:18:00,1787966280000,4462.01,4462.01,4462.0,4462.0,0.009
2026-08-29 01:19:00,1787966340000,4462.0,4462.01,4462.0,4462.01,1.3559
2026-08-29 01:20:00,1787966400000,4462.01,4462.01,4462.01,4462.01,0.0584
2026-08-29 01:21:00,1787966460000,4462.01,4462.01,4462.01,4462.01,0.0508
2026-08-29 01:22:00,1787966520000,4462.01,4462.01,4462.01,4462.01,0.1672
2026-08-29 01:23:00,1787966580000,4462.01,4462.01,4462.01,4462.01,1.0978
2026-08-29 01:24:00,1787966640000,4462.01,4462.01,4462.01,4462.01,0.044
2026-08-29 01:25:00,1787966700000,4462.01,4462.01,4462.01,4462.01,0.0084
2026-08-29 01:26:00,1787966760000,4462.01,4462.01,4462.0,4462.0,0.0183
2026-08-29 01:27:00,1787966820000,4462.0,4462.0,4462.0,4462.0,0.0
2026-08-29 01:28:00,1787966880000,4462.0,4462.0,4460.99,4461.67,4.3391
2026-08-29 01:29:00,1787966940000,4461.68,4461.68,4461.68,4461.68,0.0051
2026-08-29 01:30:00,1787967000000,4461.67,4461.68,4461.67,4461.68,0.0197
2026-08-29 01:31:00,1787967060000,4461.68,4461.68,4461.67,4461.68,0.3314
2026-08-29 01:32:00,1787967120000,4461.68,4461.68,4461.68,4461.68,0.127
2026-08-29 01:33:00,1787967180000,4461.68,4461.68,4461.68,4461.68,0.3784
2026-08-29 01:34:00,1787967240000,4461.67,4461.67,4461.1,4461.1,0.3441
2026-08-29 01:35:00,1787967300000,4461.1,4461.1,4461.1,4461.1,1.1868
2026-08-29 01:36:00,1787967360000,4461.1,4461.1,4461.1,4461.1,0.29
2026-08-29 01:37:00,1787967420000,4461.1,4461.1,4461.1,4461.1,0.3513
2026-08-29 01:38:00,1787967480000,4461.1,4461.3,4461.1,4461.3,0.3932
2026-08-29 01:39:00,1787967540000,4461.3,4461.3,4461.29,4461.3,2.2211
2026-08-29 01:40:00,1787967600000,4461.3,4461.3,4461.3,4461.3,0.4401
2026-08-29 01:41:00,1787967660000,4461.3,4461.89,4461.3,4461.89,0.8848
2026-08-29 01:42:00,1787967720000,4461.89,4461.89,4461.89,4461.89,0.6539
2026-08-29 01:43:00,1787967780000,4461.89,4461.89,4461.89,4461.89,1.7588
2026-08-29 01:44:00,1787967840000,4461.89,4461.89,4461.89,4461.89,0.7247
2026-08-29 01:45:00,1787967900000,4461.89,4462.09,4461.89,4462.09,1.7124
2026-08-29 01:46:00,1787967960000,4462.09,4462.09,4461.89,4461.9,0.686
2026-08-29 01:47:00,1787968020000,4461.9,4461.9,4461.9,4461.9,0.8766
2026-08-29 01:48:00,1787968080000,4461.9,4461.9,4461.9,4461.9,0.7646
2026-08-29 01:49:00,1787968140000,4461.9,4461.9,4461.54,4461.54,1.1992
2026-08-29 01:50:00,1787968200000,4461.54,4461.54,4461.54,4461.54,0.7044
2026-08-29 01:51:00,1787968260000,4461.54,4461.57,4461.54,4461.57,0.8266
2026-08-29 01:52:00,1787968320000,4461.61,4461.9,4461.61,4461.9,0.6892
2026-08-29 01:53:00,1787968380000,4461.9,4462.17,4461.9,4462.17,0.4972
2026-08-29 01:54:00,1787968440000,4462.17,4462.17,4462.16,4462.17,0.5674
2026-08-29 01:55:00,1787968500000,4462.17,4462.17,4462.17,4462.17,0.5898
2026-08-29 01:56:00,1787968560000,4462.17,4462.17,4462.17,4462.17,0.5503
2026-08-29 01:57:00,1787968620000,4462.17,4462.36,4462.17,4462.36,0.8962
2026-08-29 01:58:00,1787968680000,4462.36,4462.5,4462.36,4462.5,0.3073
2026-08-29 01:59:00,1787968740000,4462.5,4462.77,4462.5,4462.77,0.4572
2026-08-29 02:00:00,1787968800000,4463.03,4463.86,4463.03,4463.85,3.8664
2026-08-29 02:01:00,1787968860000,4463.56,4463.56,4463.2,4463.2,0.171
2026-08-29 02:02:00,1787968920000,4463.2,4463.2,4463.19,4463.2,0.6255
2026-08-29 02:03:00,1787968980000,4463.2,4463.2,4463.2,4463.2,0.1351
2026-08-29 02:04:00,1787969040000,4463.2,4463.2,4463.2,4463.2,0.272
2026-08-29 02:05:00,1787969100000,4463.2,4463.2,4463.2,4463.2,0.4452
2026-08-29 02:06:00,1787969160000,4463.2,4463.2,4463.2,4463.2,0.0422
2026-08-29 02:07:00,1787969220000,4463.2,4463.2,4463.2,4463.2,0.0423
2026-08-29 02:08:00,1787969280000,4463.2,4463.2,4463.2,4463.2,0.0515
2026-08-29 02:09:00,1787969340000,4463.2,4463.2,4463.2,4463.2,0.2112
2026-08-29 02:10:00,1787969400000,4463.2,4463.2,4463.19,4463.19,0.0948
2026-08-29 02:11:00,1787969460000,4463.2,4463.2,4463.07,4463.07,0.5471
2026-08-29 02:12:00,1787969520000,4463.08,4463.08,4463.08,4463.08,0.0594
2026-08-29 02:13:00,1787969580000,4463.08,4463.08,4463.08,4463.08,0.0643
2026-08-29 02:14:00,1787969640000,4463.08,4463.08,4463.08,4463.08,0.066
2026-08-29 02:15:00,1787969700000,4463.08,4463.08,4463.08,4463.08,0.0529
2026-08-29 02:16:00,1787969760000,4463.08,4463.08,4463.06,4463.06,0.7774
2026-08-29 02:17:00,1787969820000,4463.06,4463.06,4462.69,4462.69,0.9149
2026-08-29 02:18:00,1787969880000,4462.69,4462.69,4462.69,4462.69,0.0771
2026-08-29 02:19:00,1787969940000,4462.69,4462.69,4462.68,4462.68,0.0207
2026-08-29 02:20:00,1787970000000,4462.23,4462.24,4462.23,4462.24,0.02
2026-08-29 02:21:00,1787970060000,4462.24,4462.24,4462.24,4462.24,0.0224
2026-08-29 02:22:00,1787970120000,4462.24,4462.24,4462.24,4462.24,0.0139
2026-08-29 02:23:00,1787970180000,4462.23,4462.24,4462.23,4462.23,0.1852
2026-08-29 02:24:00,1787970240000,4462.23,4462.23,4462.23,4462.23,0.0
2026-08-29 02:25:00,1787970300000,4461.79,4461.79,4461.34,4461.34,0.1003
2026-08-29 02:26:00,1787970360000,4461.34,4461.75,4461.34,4461.75,7.1765
2026-08-29 02:27:00,1787970420000,4461.75,4461.75,4461.75,4461.75,0.0089
2026-08-29 02:28:00,1787970480000,4461.75,4461.75,4461.75,4461.75,0.0
2026-08-29 02:29:00,1787970540000,4461.34,4461.34,4461.34,4461.34,0.0015
2026-08-29 02:30:00,1787970600000,4461.33,4461.33,4460.94,4460.94,2.3248
2026-08-29 02:31:00,1787970660000,4460.94,4460.94,4460.94,4460.94,0.3841
2026-08-29 02:32:00,1787970720000,4460.95,4460.95,4460.95,4460.95,0.0019
2026-08-29 02:33:00,1787970780000,4460.95,4460.95,4460.95,4460.95,0.0
2026-08-29 02:34:00,1787970840000,4460.95,4460.95,4460.95,4460.95,0.0047
2026-08-29 02:35:00,1787970900000,4460.95,4460.95,4460.95,4460.95,0.0012
2026-08-29 02:36:00,1787970960000,4460.95,4460.95,4460.95,4460.95,0.0
2026-08-29 02:37:00,1787971020000,4460.95,4460.95,4460.94,4460.95,0.0101
2026-08-29 02:38:00,1787971080000,4460.95,4460.95,4460.94,4460.94,1.2277
2026-08-29 02:39:00,1787971140000,4460.94,4460.94,4460.94,4460.94,0.014
2026-08-29 02:40:00,1787971200000,4460.95,4460.95,4460.95,4460.95,0.0017
2026-08-29 02:41:00,1787971260000,4460.95,4460.95,4460.95,4460.95,0.0203
2026-08-29 02:42:00,1787971320000,4460.95,4460.95,4460.95,4460.95,0.2041
2026-08-29 02:43:00,1787971380000,4460.95,4460.95,4460.95,4460.95,0.0
2026-08-29 02:44:00,1787971440000,4460.95,4460.95,4460.95,4460.95,0.0157
2026-08-29 02:45:00,1787971500000,4460.95,4460.95,4460.95,4460.95,0.0483
2026-08-29 02:46:00,1787971560000,4460.95,4460.95,4460.95,4460.95,0.0367
2026-08-29 02:47:00,1787971620000,4460.95,4460.95,4460.95,4460.95,0.0365
2026-08-29 02:48:00,1787971680000,4460.95,4460.95,4460.95,4460.95,0.0474
2026-08-29 02:49:00,1787971740000,4460.95,4460.95,4460.95,4460.95,0.0266
2026-08-29 02:50:00,1787971800000,4460.94,4460.95,4460.94,4460.95,1.0411
2026-08-29 02:51:00,1787971860000,4460.9,4460.9,4460.67,4460.67,0.0601
2026-08-29 02:52:00,1787971920000,4460.67,4460.67,4460.67,4460.67,0.0393
2026-08-29 02:53:00,1787971980000,4460.66,4460.66,4460.38,4460.39,0.059
2026-08-29 02:54:00,1787972040000,4460.39,4460.39,4460.39,4460.39,0.0766
2026-08-29 02:55:00,1787972100000,4460.39,4460.39,4460.39,4460.39,0.0298
2026-08-29 02:56:00,1787972160000,4460.39,4460.39,4460.39,4460.39,0.0302
2026-08-29 02:57:00,1787972220000,4460.39,4460.39,4459.71,4459.71,0.238
2026-08-29 02:58:00,1787972280000,4459.71,4459.71,4459.71,4459.71,0.0487
2026-08-29 02:59:00,1787972340000,4459.71,4459.71,4459.71,4459.71,0.0294
2026-08-29 03:00:00,1787972400000,4459.71,4459.76,4459.71,4459.76,0.6312
2026-08-29 03:01:00,1787972460000,4459.76,4459.76,4459.76,4459.76,0.0383
2026-08-29 03:02:00,1787972520000,4459.76,4459.76,4459.76,4459.76,0.0271
2026-08-29 03:03:00,1787972580000,4459.76,4459.76,4459.76,4459.76,0.0069
2026-08-29 03:04:00,1787972640000,4459.76,4459.76,4459.76,4459.76,0.0065
2026-08-29 03:05:00,1787972700000,4459.75,4459.75,4459.71,4459.71,0.938
2026-08-29 03:06:00,1787972760000,4459.71,4459.72,4459.71,4459.71,0.1019
2026-08-29 03:07:00,1787972820000,4459.71,4459.72,4459.71,4459.71,0.0244
2026-08-29 03:08:00,1787972880000,4459.72,4459.72,4459.37,4459.37,3.2669
2026-08-29 03:09:00,1787972940000,4459.37,4459.37,4459.35,4459.35,1.0764
2026-08-29 03:10:00,1787973000000,4459.35,4459.35,4459.35,4459.35,0.0
2026-08-29 03:11:00,1787973060000,4459.37,4459.37,4459.09,4459.09,8.1208
2026-08-29 03:12:00,1787973120000,4459.09,4459.09,4459.09,4459.09,0.3897
2026-08-29 03:13:00,1787973180000,4459.08,4459.08,4458.72,4458.72,0.0649
2026-08-29 03:14:00,1787973240000,4458.72,4458.72,4458.72,4458.72,0.0537
2026-08-29 03:15:00,1787973300000,4458.73,4458.73,4458.72,4458.72,0.0087
2026-08-29 03:16:00,1787973360000,4458.73,4458.73,4458.73,4458.73,0.013
2026-08-29 03:17:00,1787973420000,4458.73,4458.91,4458.73,4458.91,1.3828
2026-08-29 03:18:00,1787973480000,4459.0,4459.0,4459.0,4459.0,0.004
2026-08-29 03:19:00,1787973540000,4459.0,4459.0,4459.0,4459.0,0.09
2026-08-29 03:20:00,1787973600000,4459.0,4459.0,4459.0,4459.0,0.0085
2026-08-29 03:21:00,1787973660000,4458.99,4458.99,4458.99,4458.99,0.0709
2026-08-29 03:22:00,1787973720000,4458.99,4458.99,4458.67,4458.68,0.3756
2026-08-29 03:23:00,1787973780000,4458.68,4458.68,4458.68,4458.68,0.0401
2026-08-29 03:24:00,1787973840000,4458.67,4458.67,4458.21,4458.21,0.0808
2026-08-29 03:25:00,1787973900000,4458.21,4458.21,4458.2,4458.2,0.0107
2026-08-29 03:26:00,1787973960000,4458.21,4458.21,4458.21,4458.21,0.0227
2026-08-29 03:27:00,1787974020000,4458.21,4458.21,4458.21,4458.21,0.0112
2026-08-29 03:28:00,1787974080000,4458.21,4458.21,4458.21,4458.21,0.0239
2026-08-29 03:29:00,1787974140000,4458.21,4458.21,4458.21,4458.21,0.2617
2026-08-29 03:30:00,1787974200000,4458.2,4458.21,4458.2,4458.2,0.2554
2026-08-29 03:31:00,1787974260000,4458.21,4459.57,4458.21,4459.57,14.1171
2026-08-29 03:32:00,1787974320000,4459.63,4460.09,4459.63,4460.09,4.3105
2026-08-29 03:33:00,1787974380000,4460.53,4460.68,4460.53,4460.53,1.1906
2026-08-29 03:34:00,1787974440000,4460.53,4460.53,4460.52,4460.53,0.6942
2026-08-29 03:35:00,1787974500000,4460.53,4461.02,4460.53,4461.01,5.6233
2026-08-29 03:36:00,1787974560000,4461.02,4461.3,4461.02,4461.3,5.5908
2026-08-29 03:37:00,1787974620000,4461.49,4461.49,4461.49,4461.49,0.1
2026-08-29 03:38:00,1787974680000,4461.5,4461.5,4461.49,4461.5,0.6972
2026-08-29 03:39:00,1787974740000,4461.49,4461.49,4461.49,4461.49,0.009
2026-08-29 03:40:00,1787974800000,4461.5,4461.5,4461.49,4461.49,0.1819
2026-08-29 03:41:00,1787974860000,4461.49,4461.49,4461.49,4461.49,0.0
2026-08-29 03:42:00,1787974920000,4461.5,4461.91,4461.49,4461.91,2.6305
2026-08-29 03:43:00,1787974980000,4461.91,4461.91,4461.91,4461.91,0.0
2026-08-29 03:44:00,1787975040000,4461.91,4461.92,4461.91,4461.92,0.0259
2026-08-29 03:45:00,1787975100000,4461.91,4461.91,4461.57,4461.57,0.5885
2026-08-29 03:46:00,1787975160000,4461.56,4461.56,4461.56,4461.56,0.0015
2026-08-29 03:47:00,1787975220000,4461.56,4461.56,4461.56,4461.56,0.0011
2026-08-29 03:48:00,1787975280000,4461.56,4461.56,4461.56,4461.56,0.0075
2026-08-29 03:49:00,1787975340000,4461.56,4461.56,4461.55,4461.55,0.0623
2026-08-29 03:50:00,1787975400000,4461.56,4461.56,4461.56,4461.56,0.004
2026-08-29 03:51:00,1787975460000,4461.56,4461.56,4461.56,4461.56,0.0
2026-08-29 03:52:00,1787975520000,4461.56,4461.56,4461.56,4461.56,0.0023
2026-08-29 03:53:00,1787975580000,4461.56,4461.56,4461.56,4461.56,0.0688
2026-08-29 03:54:00,1787975640000,4461.56,4461.56,4461.56,4461.56,0.045
2026-08-29 03:55:00,1787975700000,4461.56,4461.56,4461.56,4461.56,0.0016
2026-08-29 03:56:00,1787975760000,4461.56,4461.56,4461.56,4461.56,0.0691
2026-08-29 03:57:00,1787975820000,4461.55,4461.55,4461.55,4461.55,0.0062
2026-08-29 03:58:00,1787975880000,4461.55,4461.55,4461.55,4461.55,0.11
2026-08-29 03:59:00,1787975940000,4461.55,4461.55,4461.55,4461.55,0.0
2026-08-29 04:00:00,1787976000000,4461.55,4461.56,4461.55,4461.56,0.1044
2026-08-29 04:01:00,1787976060000,4461.56,4461.56,4461.56,4461.56,0.1164
2026-08-29 04:02:00,1787976120000,4461.56,4461.56,4461.56,4461.56,0.0186
2026-08-29 04:03:00,1787976180000,4461.56,4461.56,4461.56,4461.56,0.0
2026-08-29 04:04:00,1787976240000,4461.56,4461.56,4461.56,4461.56,0.0137
2026-08-29 04:05:00,1787976300000,4461.56,4461.56,4461.55,4461.55,0.0105
2026-08-29 04:06:00,1787976360000,4461.55,4461.55,4461.55,4461.55,0.0
2026-08-29 04:07:00,1787976420000,4461.56,4461.56,4461.56,4461.56,1.5264
2026-08-29 04:08:00,1787976480000,4461.57,4461.58,4461.57,4461.58,0.4777
2026-08-29 04:09:00,1787976540000,4461.57,4461.57,4461.57,4461.57,0.4472
2026-08-29 04:10:00,1787976600000,4461.58,4461.58,4461.58,4461.58,0.045
2026-08-29 04:11:00,1787976660000,4461.57,4461.58,4461.57,4461.58,0.0058
2026-08-29 04:12:00,1787976720000,4461.57,4461.57,4460.64,4460.65,0.3578
2026-08-29 04:13:00,1787976780000,4460.65,4460.65,4460.64,4460.64,0.0265
2026-08-29 04:14:00,1787976840000,4460.65,4460.65,4460.65,4460.65,0.0198
2026-08-29 04:15:00,1787976900000,4460.65,4460.65,4460.64,4460.64,0.0316
2026-08-29 04:16:00,1787976960000,4460.64,4460.64,4460.64,4460.64,0.172
2026-08-29 04:17:00,1787977020000,4460.64,4460.64,4460.64,4460.64,0.0
2026-08-29 04:18:00,1787977080000,4460.64,4460.64,4460.64,4460.64,0.0
2026-08-29 04:19:00,1787977140000,4460.64,4460.65,4460.64,4460.65,0.1821
2026-08-29 04:20:00,1787977200000,4460.65,4460.65,4460.65,4460.65,0.955
2026-08-29 04:21:00,1787977260000,4460.65,4460.65,4460.65,4460.65,0.0172
2026-08-29 04:22:00,1787977320000,4460.64,4460.64,4460.64,4460.64,0.0336
2026-08-29 04:23:00,1787977380000,4460.65,4460.65,4460.65,4460.65,0.0224
2026-08-29 04:24:00,1787977440000,4460.65,4460.65,4460.65,4460.65,0.1279
2026-08-29 04:25:00,1787977500000,4460.65,4460.65,4460.13,4460.14,5.385
2026-08-29 04:26:00,1787977560000,4460.14,4460.63,4460.13,4460.63,1.8898
2026-08-29 04:27:00,1787977620000,4461.54,4461.57,4461.54,4461.57,1.5047
2026-08-29 04:28:00,1787977680000,4461.56,4461.56,4461.56,4461.56,0.112
2026-08-29 04:29:00,1787977740000,4461.56,4461.56,4461.56,4461.56,0.0
2026-08-29 04:30:00,1787977800000,4461.56,4461.56,4461.56,4461.56,0.8194
2026-08-29 04:31:00,1787977860000,4461.56,4461.56,4461.56,4461.56,0.011
2026-08-29 04:32:00,1787977920000,4461.56,4461.56,4461.55,4461.55,0.1248
2026-08-29 04:33:00,1787977980000,4461.55,4461.55,4461.55,4461.55,0.0
2026-08-29 04:34:00,1787978040000,4461.56,4461.56,4461.56,4461.56,0.0047
2026-08-29 04:35:00,1787978100000,4461.56,4461.56,4461.56,4461.56,0.0117
2026-08-29 04:36:00,1787978160000,4461.56,4461.56,4461.56,4461.56,0.0
2026-08-29 04:37:00,1787978220000,4461.55,4461.55,4461.55,4461.55,0.0086
2026-08-29 04:38:00,1787978280000,4461.56,4461.56,4461.56,4461.56,0.0222
2026-08-29 04:39:00,1787978340000,4461.56,4461.56,4461.56,4461.56,0.0019
2026-08-29 04:40:00,1787978400000,4461.56,4461.56,4461.54,4461.54,0.5877
2026-08-29 04:41:00,1787978460000,4461.54,4461.54,4461.54,4461.54,0.0
2026-08-29 04:42:00,1787978520000,4461.42,4461.42,4460.52,4460.52,0.2111
2026-08-29 04:43:00,1787978580000,4460.53,4460.53,4460.52,4460.53,0.3125
2026-08-29 04:44:00,1787978640000,4460.53,4460.53,4460.53,4460.53,0.0
2026-08-29 04:45:00,1787978700000,4460.52,4460.52,4460.52,4460.52,0.01
2026-08-29 04:46:00,1787978760000,4460.52,4460.53,4460.52,4460.53,0.3804
2026-08-29 04:47:00,1787978820000,4460.53,4460.53,4460.53,4460.53,0.0
2026-08-29 04:48:00,1787978880000,4461.31,4461.31,4460.53,4460.54,0.6339
2026-08-29 04:49:00,1787978940000,4460.53,4460.65,4460.53,4460.65,1.5541
2026-08-29 04:50:00,1787979000000,4460.64,4460.64,4460.64,4460.64,0.3781
2026-08-29 04:51:00,1787979060000,4460.64,4460.65,4460.64,4460.65,0.0053
2026-08-29 04:52:00,1787979120000,4460.65,4460.65,4460.65,4460.65,0.0
2026-08-29 04:53:00,1787979180000,4460.65,4460.74,4460.65,4460.74,3.3627
2026-08-29 04:54:00,1787979240000,4460.65,4460.65,4460.65,4460.65,0.5278
2026-08-29 04:55:00,1787979300000,4460.64,4460.65,4460.53,4460.54,0.6283
2026-08-29 04:56:00,1787979360000,4460.54,4460.54,4460.54,4460.54,0.0394
2026-08-29 04:57:00,1787979420000,4460.53,4460.53,4460.53,4460.53,0.0105
2026-08-29 04:58:00,1787979480000,4460.54,4460.54,4460.54,4460.54,0.0022
2026-08-29 04:59:00,1787979540000,4460.54,4460.54,4460.54,4460.54,0.2255
2026-08-29 05:00:00,1787979600000,4460.54,4460.98,4460.54,4460.98,5.2685
2026-08-29 05:01:00,1787979660000,4460.97,4460.97,4460.97,4460.97,0.0015
2026-08-29 05:02:00,1787979720000,4460.98,4460.98,4460.97,4460.98,1.6155
2026-08-29 05:03:00,1787979780000,4460.98,4460.98,4460.98,4460.98,0.0231
2026-08-29 05:04:00,1787979840000,4460.98,4460.98,4460.98,4460.98,0.0061
2026-08-29 05:05:00,1787979900000,4460.97,4460.97,4460.91,4460.91,0.7176
2026-08-29 05:06:00,1787979960000,4460.91,4460.91,4460.91,4460.91,0.0
2026-08-29 05:07:00,1787980020000,4460.56,4460.56,4460.56,4460.56,0.1139
2026-08-29 05:08:00,1787980080000,4460.55,4460.55,4460.55,4460.55,0.0022
2026-08-29 05:09:00,1787980140000,4460.56,4460.56,4460.56,4460.56,0.0224
2026-08-29 05:10:00,1787980200000,4460.56,4460.56,4460.53,4460.53,1.5172
2026-08-29 05:11:00,1787980260000,4460.53,4460.54,4460.53,4460.53,0.1067
2026-08-29 05:12:00,1787980320000,4460.53,4460.53,4459.99,4459.99,0.4564
2026-08-29 05:13:00,1787980380000,4459.99,4459.99,4459.98,4459.98,0.008
2026-08-29 05:14:00,1787980440000,4459.99,4459.99,4459.99,4459.99,0.0036
2026-08-29 05:15:00,1787980500000,4459.99,4459.99,4459.98,4459.99,0.2857
2026-08-29 05:16:00,1787980560000,4459.99,4459.99,4459.99,4459.99,0.0
2026-08-29 05:17:00,1787980620000,4459.99,4459.99,4459.99,4459.99,0.0
2026-08-29 05:18:00,1787980680000,4459.99,4459.99,4459.98,4459.98,0.2063
2026-08-29 05:19:00,1787980740000,4459.92,4459.93,4459.0,4459.0,0.207
2026-08-29 05:20:00,1787980800000,4459.01,4459.01,4459.0,4459.01,1.0683
2026-08-29 05:21:00,1787980860000,4459.01,4459.01,4459.01,4459.01,0.0
2026-08-29 05:22:00,1787980920000,4459.01,4459.01,4459.0,4459.0,0.0312
2026-08-29 05:23:00,1787980980000,4459.0,4459.01,4459.0,4459.01,0.08
2026-08-29 05:24:00,1787981040000,4459.01,4459.01,4459.0,4459.0,0.0661
2026-08-29 05:25:00,1787981100000,4459.01,4459.01,4459.0,4459.01,0.1297
2026-08-29 05:26:00,1787981160000,4459.01,4459.01,4459.01,4459.01,0.0566
2026-08-29 05:27:00,1787981220000,4459.01,4459.01,4459.0,4459.01,0.1792
2026-08-29 05:28:00,1787981280000,4459.01,4459.01,4459.01,4459.01,0.016
2026-08-29 05:29:00,1787981340000,4459.01,4459.01,4459.01,4459.01,0.095
2026-08-29 05:30:00,1787981400000,4459.01,4459.01,4458.88,4459.0,0.7179
2026-08-29 05:31:00,1787981460000,4459.01,4459.01,4459.01,4459.01,0.0433
2026-08-29 05:32:00,1787981520000,4459.01,4459.01,4459.01,4459.01,0.4808
2026-08-29 05:33:00,1787981580000,4459.08,4459.47,4459.08,4459.47,0.4957
2026-08-29 05:34:00,1787981640000,4459.47,4459.47,4459.47,4459.47,0.1713
2026-08-29 05:35:00,1787981700000,4459.47,4459.47,4459.47,4459.47,0.0556
2026-08-29 05:36:00,1787981760000,4459.47,4459.51,4459.46,4459.51,2.7459
2026-08-29 05:37:00,1787981820000,4459.78,4459.78,4459.77,4459.77,0.1087
2026-08-29 05:38:00,1787981880000,4459.78,4459.78,4459.78,4459.78,0.0045
2026-08-29 05:39:00,1787981940000,4459.78,4459.78,4459.78,4459.78,0.0
2026-08-29 05:40:00,1787982000000,4459.78,4459.78,4459.78,4459.78,0.0012
2026-08-29 05:41:00,1787982060000,4459.78,4459.78,4459.78,4459.78,0.0
2026-08-29 05:42:00,1787982120000,4459.78,4459.78,4459.77,4459.77,0.0541
2026-08-29 05:43:00,1787982180000,4459.77,4459.77,4459.77,4459.77,0.0132
2026-08-29 05:44:00,1787982240000,4459.78,4459.78,4459.78,4459.78,0.0409
2026-08-29 05:45:00,1787982300000,4459.78,4459.78,4459.78,4459.78,0.0
2026-08-29 05:46:00,1787982360000,4459.78,4459.78,4459.78,4459.78,0.0
2026-08-29 05:47:00,1787982420000,4459.78,4459.78,4459.77,4459.77,0.0056
2026-08-29 05:48:00,1787982480000,4459.78,4459.78,4459.78,4459.78,0.3991
2026-08-29 05:49:00,1787982540000,4459.78,4459.78,4459.78,4459.78,0.0
2026-08-29 05:50:00,1787982600000,4459.81,4459.83,4459.81,4459.83,0.4026
2026-08-29 05:51:00,1787982660000,4459.83,4459.83,4459.83,4459.83,0.0
2026-08-29 05:52:00,1787982720000,4459.98,4459.99,4459.98,4459.99,0.0196
2026-08-29 05:53:00,1787982780000,4459.99,4459.99,4459.99,4459.99,1.0
2026-08-29 05:54:00,1787982840000,4459.99,4459.99,4459.99,4459.99,0.0
2026-08-29 05:55:00,1787982900000,4459.99,4459.99,4459.99,4459.99,0.0
2026-08-29 05:56:00,1787982960000,4460.25,4460.25,4460.25,4460.25,0.0105
2026-08-29 05:57:00,1787983020000,4460.26,4460.26,4460.26,4460.26,0.0049
2026-08-29 05:58:00,1787983080000,4460.26,4460.26,4460.26,4460.26,0.0076
2026-08-29 05:59:00,1787983140000,4460.26,4460.26,4460.25,4460.26,1.0365
2026-08-29 06:00:00,1787983200000,4460.6,4460.6,4460.6,4460.6,1.0028
2026-08-29 06:01:00,1787983260000,4460.6,4460.71,4460.6,4460.71,2.66
2026-08-29 06:02:00,1787983320000,4460.71,4460.71,4460.71,4460.71,0.0
2026-08-29 06:03:00,1787983380000,4460.6,4460.6,4459.77,4460.0,10.0053
2026-08-29 06:04:00,1787983440000,4460.0,4460.01,4459.99,4460.01,1.106
2026-08-29 06:05:00,1787983500000,4460.0,4460.01,4460.0,4460.01,0.0163
2026-08-29 06:06:00,1787983560000,4460.0,4460.01,4460.0,4460.01,0.0184
2026-08-29 06:07:00,1787983620000,4460.0,4460.0,4459.77,4459.77,1.3811
2026-08-29 06:08:00,1787983680000,4459.77,4459.77,4459.77,4459.77,2.215
2026-08-29 06:09:00,1787983740000,4459.77,4459.77,4459.02,4459.02,5.9835
2026-08-29 06:10:00,1787983800000,4459.02,4459.02,4458.63,4458.64,1.9755
2026-08-29 06:11:00,1787983860000,4458.64,4458.64,4458.26,4458.26,0.1137
2026-08-29 06:12:00,1787983920000,4458.27,4458.27,4458.26,4458.26,0.6131
2026-08-29 06:13:00,1787983980000,4458.26,4458.27,4458.26,4458.27,0.2618
2026-08-29 06:14:00,1787984040000,4458.27,4458.27,4457.39,4457.39,4.3716
2026-08-29 06:15:00,1787984100000,4457.39,4457.4,4457.39,4457.4,0.0039
2026-08-29 06:16:00,1787984160000,4457.39,4457.4,4457.39,4457.4,0.1546
2026-08-29 06:17:00,1787984220000,4457.4,4457.4,4457.4,4457.4,0.0
2026-08-29 06:18:00,1787984280000,4457.4,4457.4,4457.4,4457.4,0.0
2026-08-29 06:19:00,1787984340000,4457.4,4457.4,4457.4,4457.4,0.0112
2026-08-29 06:20:00,1787984400000,4457.4,4457.4,4457.4,4457.4,0.0
2026-08-29 06:21:00,1787984460000,4457.4,4457.41,4457.4,4457.41,0.9862
2026-08-29 06:22:00,1787984520000,4457.41,4457.41,4457.41,4457.41,0.0
2026-08-29 06:23:00,1787984580000,4457.41,4457.41,4457.41,4457.41,0.0022
2026-08-29 06:24:00,1787984640000,4457.41,4457.41,4457.4,4457.4,0.2976
2026-08-29 06:25:00,1787984700000,4457.4,4457.41,4457.4,4457.41,0.0851
2026-08-29 06:26:00,1787984760000,4457.41,4457.63,4457.41,4457.63,1.9772
2026-08-29 06:27:00,1787984820000,4457.62,4457.63,4457.62,4457.63,0.0112
2026-08-29 06:28:00,1787984880000,4457.63,4457.63,4457.63,4457.63,0.0831
2026-08-29 06:29:00,1787984940000,4457.63,4457.92,4457.63,4457.92,1.9772
2026-08-29 06:30:00,1787985000000,4457.92,4457.93,4457.92,4457.93,0.2735
2026-08-29 06:31:00,1787985060000,4457.92,4457.92,4457.47,4457.47,4.0
2026-08-29 06:32:00,1787985120000,4457.47,4457.47,4457.24,4457.26,10.0013
2026-08-29 06:33:00,1787985180000,4457.26,4457.26,4457.26,4457.26,0.0056
2026-08-29 06:34:00,1787985240000,4457.27,4457.27,4457.27,4457.27,0.0047
2026-08-29 06:35:00,1787985300000,4457.27,4457.27,4457.27,4457.27,0.5429
2026-08-29 06:36:00,1787985360000,4457.29,4457.29,4457.29,4457.29,0.003
2026-08-29 06:37:00,1787985420000,4457.29,4457.47,4457.29,4457.47,0.9443
2026-08-29 06:38:00,1787985480000,4457.47,4457.48,4457.47,4457.48,1.0735
2026-08-29 06:39:00,1787985540000,4457.48,4457.48,4457.47,4457.47,0.0204
2026-08-29 06:40:00,1787985600000,4457.48,4457.48,4457.47,4457.47,0.0104
2026-08-29 06:41:00,1787985660000,4457.48,4457.48,4457.47,4457.47,0.0368
2026-08-29 06:42:00,1787985720000,4457.48,4457.48,4457.47,4457.47,0.0231
2026-08-29 06:43:00,1787985780000,4457.47,4459.09,4457.47,4459.09,2.5269
2026-08-29 06:44:00,1787985840000,4459.09,4459.09,4459.09,4459.09,0.0
2026-08-29 06:45:00,1787985900000,4459.09,4459.09,4459.09,4459.09,0.0117
2026-08-29 06:46:00,1787985960000,4459.09,4459.09,4459.09,4459.09,0.0224
2026-08-29 06:47:00,1787986020000,4459.08,4459.08,4459.08,4459.08,0.0056
2026-08-29 06:48:00,1787986080000,4459.09,4459.09,4459.08,4459.08,0.0473
2026-08-29 06:49:00,1787986140000,4459.09,4459.09,4458.19,4458.19,0.4608
2026-08-29 06:50:00,1787986200000,4458.19,4458.19,4458.19,4458.19,0.2605
2026-08-29 06:51:00,1787986260000,4458.18,4458.18,4458.18,4458.18,0.5327
2026-08-29 06:52:00,1787986320000,4458.19,4458.19,4458.19,4458.19,0.0186
2026-08-29 06:53:00,1787986380000,4458.19,4458.19,4458.18,4458.18,0.0818
2026-08-29 06:54:00,1787986440000,4458.19,4458.19,4458.18,4458.18,0.9202
2026-08-29 06:55:00,1787986500000,4458.18,4458.19,4458.18,4458.19,0.1271
2026-08-29 06:56:00,1787986560000,4458.18,4458.18,4458.18,4458.18,0.0616
2026-08-29 06:57:00,1787986620000,4458.18,4458.19,4458.18,4458.18,0.2823
2026-08-29 06:58:00,1787986680000,4458.19,4458.19,4458.19,4458.19,0.0055
2026-08-29 06:59:00,1787986740000,4458.19,4458.19,4458.0,4458.0,1.0528
2026-08-29 07:00:00,1787986800000,4458.01,4458.01,4458.0,4458.0,0.0091
2026-08-29 07:01:00,1787986860000,4458.01,4458.01,4458.01,4458.01,0.0044
2026-08-29 07:02:00,1787986920000,4458.0,4458.0,4458.0,4458.0,0.0451
2026-08-29 07:03:00,1787986980000,4458.0,4458.01,4458.0,4458.0,0.3602
2026-08-29 07:04:00,1787987040000,4457.74,4457.74,4457.73,4457.74,0.4553
2026-08-29 07:05:00,1787987100000,4457.74,4457.74,4457.74,4457.74,0.0167
2026-08-29 07:06:00,1787987160000,4457.74,4457.74,4457.74,4457.74,1.1593
2026-08-29 07:07:00,1787987220000,4457.74,4457.74,4457.73,4457.73,0.1229
2026-08-29 07:08:00,1787987280000,4457.73,4457.73,4457.73,4457.73,0.2288
2026-08-29 07:09:00,1787987340000,4457.73,4457.73,4457.73,4457.73,0.0
2026-08-29 07:10:00,1787987400000,4457.74,4457.74,4457.73,4457.73,0.0045
2026-08-29 07:11:00,1787987460000,4457.73,4457.73,4457.73,4457.73,0.14
2026-08-29 07:12:00,1787987520000,4457.73,4457.73,4457.73,4457.73,0.015
2026-08-29 07:13:00,1787987580000,4457.73,4457.74,4457.73,4457.73,0.0896
2026-08-29 07:14:00,1787987640000,4457.73,4457.73,4457.73,4457.73,0.0013
2026-08-29 07:15:00,1787987700000,4457.73,4457.73,4457.47,4457.47,0.0195
2026-08-29 07:16:00,1787987760000,4457.47,4457.48,4457.47,4457.48,0.003
2026-08-29 07:17:00,1787987820000,4457.48,4457.48,4457.47,4457.47,0.5512
2026-08-29 07:18:00,1787987880000,4457.47,4457.47,4457.47,4457.47,0.0
2026-08-29 07:19:00,1787987940000,4457.47,4457.47,4457.47,4457.47,0.0
2026-08-29 07:20:00,1787988000000,4457.48,4457.48,4457.48,4457.48,1.3368
2026-08-29 07:21:00,1787988060000,4457.48,4457.48,4457.48,4457.48,0.0064
2026-08-29 07:22:00,1787988120000,4457.47,4457.47,4457.47,4457.47,0.9589
2026-08-29 07:23:00,1787988180000,4457.47,4457.47,4457.47,4457.47,0.0
2026-08-29 07:24:00,1787988240000,4457.4,4457.4,4457.4,4457.4,0.0056
2026-08-29 07:25:00,1787988300000,4457.4,4457.4,4457.23,4457.24,0.0421
2026-08-29 07:26:00,1787988360000,4457.23,4457.23,4457.23,4457.23,0.0046
2026-08-29 07:27:00,1787988420000,4457.23,4457.23,4457.23,4457.23,0.0
2026-08-29 07:28:00,1787988480000,4457.23,4457.23,4456.46,4456.46,2.6647
2026-08-29 07:29:00,1787988540000,4456.46,4456.46,4456.46,4456.46,0.0082
2026-08-29 07:30:00,1787988600000,4456.47,4456.47,4456.46,4456.46,0.0247
2026-08-29 07:31:00,1787988660000,4456.46,4456.46,4456.46,4456.46,0.0
2026-08-29 07:32:00,1787988720000,4456.46,4456.46,4456.46,4456.46,0.0
2026-08-29 07:33:00,1787988780000,4456.46,4456.46,4456.46,4456.46,0.0
2026-08-29 07:34:00,1787988840000,4456.47,4456.47,4456.46,4456.46,0.1336
2026-08-29 07:35:00,1787988900000,4456.46,4456.46,4456.46,4456.46,0.7101
2026-08-29 07:36:00,1787988960000,4456.38,4456.39,4456.38,4456.39,1.1532
2026-08-29 07:37:00,1787989020000,4456.41,4456.41,4456.41,4456.41,0.0144
2026-08-29 07:38:00,1787989080000,4456.42,4456.42,4456.41,4456.42,0.0613
2026-08-29 07:39:00,1787989140000,4456.42,4456.42,4456.42,4456.42,0.0
2026-08-29 07:40:00,1787989200000,4456.42,4456.42,4456.41,4456.41,0.0065
2026-08-29 07:41:00,1787989260000,4456.41,4456.41,4456.41,4456.41,0.0
2026-08-29 07:42:00,1787989320000,4456.41,4456.41,4456.41,4456.41,0.515
2026-08-29 07:43:00,1787989380000,4456.42,4456.42,4456.42,4456.42,0.0125
2026-08-29 07:44:00,1787989440000,4456.42,4456.42,4456.42,4456.42,0.0028
2026-08-29 07:45:00,1787989500000,4456.41,4456.41,4456.41,4456.41,0.0358
2026-08-29 07:46:00,1787989560000,4456.42,4456.42,4456.42,4456.42,0.01
2026-08-29 07:47:00,1787989620000,4456.42,4456.62,4456.42,4456.62,1.3405
2026-08-29 07:48:00,1787989680000,4456.62,4456.63,4456.62,4456.62,0.7242
2026-08-29 07:49:00,1787989740000,4456.62,4456.82,4456.62,4456.82,2.56
2026-08-29 07:50:00,1787989800000,4457.02,4457.02,4457.02,4457.02,0.4487
2026-08-29 07:51:00,1787989860000,4457.39,4457.4,4457.39,4457.4,0.0099
2026-08-29 07:52:00,1787989920000,4457.4,4457.4,4457.4,4457.4,0.0025
2026-08-29 07:53:00,1787989980000,4457.4,4457.4,4457.4,4457.4,0.0
2026-08-29 07:54:00,1787990040000,4457.4,4457.4,4457.4,4457.4,0.7091
2026-08-29 07:55:00,1787990100000,4457.4,4457.4,4457.4,4457.4,0.0
2026-08-29 07:56:00,1787990160000,4457.47,4457.57,4457.47,4457.57,0.7644
2026-08-29 07:57:00,1787990220000,4457.57,4457.57,4457.57,4457.57,0.0
2026-08-29 07:58:00,1787990280000,4457.58,4457.58,4457.57,4457.57,0.215
2026-08-29 07:59:00,1787990340000,4457.58,4457.58,4457.5,4457.5,0.6614
2026-08-29 08:00:00,1787990400000,4457.51,4457.51,4455.54,4455.55,26.5289
2026-08-29 08:01:00,1787990460000,4455.55,4456.03,4454.57,4454.92,29.0209
2026-08-29 08:02:00,1787990520000,4455.03,4455.04,4455.03,4455.04,0.839
2026-08-29 08:03:00,1787990580000,4455.04,4455.04,4455.04,4455.04,0.0186
2026-08-29 08:04:00,1787990640000,4455.04,4455.04,4455.04,4455.04,0.1431
2026-08-29 08:05:00,1787990700000,4455.04,4456.37,4455.04,4456.37,1.7093
2026-08-29 08:06:00,1787990760000,4456.37,4456.37,4456.37,4456.37,0.0
2026-08-29 08:07:00,1787990820000,4456.37,4456.37,4456.37,4456.37,0.0014
2026-08-29 08:08:00,1787990880000,4456.37,4456.38,4456.37,4456.38,0.003
2026-08-29 08:09:00,1787990940000,4456.38,4456.38,4456.38,4456.38,0.0
2026-08-29 08:10:00,1787991000000,4456.38,4456.38,4456.38,4456.38,0.003
2026-08-29 08:11:00,1787991060000,4456.38,4456.38,4456.38,4456.38,0.0039
2026-08-29 08:12:00,1787991120000,4456.38,4456.38,4456.37,4456.38,0.0777
2026-08-29 08:13:00,1787991180000,4456.38,4457.1,4456.38,4457.09,4.6058
2026-08-29 08:14:00,1787991240000,4457.1,4457.1,4457.09,4457.1,0.181
2026-08-29 08:15:00,1787991300000,4457.1,4457.1,4457.1,4457.1,0.0212
2026-08-29 08:16:00,1787991360000,4457.1,4457.1,4457.1,4457.1,0.2514
2026-08-29 08:17:00,1787991420000,4457.1,4457.1,4457.1,4457.1,0.0
2026-08-29 08:18:00,1787991480000,4457.1,4457.41,4456.89,4457.41,4.949
2026-08-29 08:19:00,1787991540000,4457.41,4457.41,4457.41,4457.41,0.0
2026-08-29 08:20:00,1787991600000,4457.97,4457.97,4457.97,4457.97,0.0032
2026-08-29 08:21:00,1787991660000,4457.97,4458.15,4457.97,4458.15,0.7526
2026-08-29 08:22:00,1787991720000,4458.15,4458.15,4458.15,4458.15,0.1964
2026-08-29 08:23:00,1787991780000,4458.15,4458.15,4458.15,4458.15,0.0
2026-08-29 08:24:00,1787991840000,4458.2,4458.2,4458.2,4458.2,0.0522
2026-08-29 08:25:00,1787991900000,4458.19,4458.19,4458.19,4458.19,0.2642
2026-08-29 08:26:00,1787991960000,4458.19,4458.19,4458.19,4458.19,0.0
2026-08-29 08:27:00,1787992020000,4458.2,4458.2,4458.19,4458.19,1.1422
2026-08-29 08:28:00,1787992080000,4458.19,4458.2,4458.19,4458.2,0.1231
2026-08-29 08:29:00,1787992140000,4458.2,4458.2,4458.2,4458.2,0.003
2026-08-29 08:30:00,1787992200000,4458.2,4458.2,4458.2,4458.2,0.0
2026-08-29 08:31:00,1787992260000,4458.19,4458.19,4458.19,4458.19,0.0012
2026-08-29 08:32:00,1787992320000,4458.19,4458.19,4458.19,4458.19,0.0
2026-08-29 08:33:00,1787992380000,4458.19,4458.19,4458.19,4458.19,0.0049
2026-08-29 08:34:00,1787992440000,4458.19,4458.2,4458.19,4458.2,0.0077
2026-08-29 08:35:00,1787992500000,4458.2,4458.2,4458.2,4458.2,0.1121
2026-08-29 08:36:00,1787992560000,4458.2,4458.2,4458.2,4458.2,0.0
2026-08-29 08:37:00,1787992620000,4458.2,4458.2,4458.2,4458.2,0.0
2026-08-29 08:38:00,1787992680000,4458.2,4458.2,4458.2,4458.2,0.1273
2026-08-29 08:39:00,1787992740000,4458.2,4458.2,4458.2,4458.2,0.0
2026-08-29 08:40:00,1787992800000,4458.79,4458.8,4458.79,4458.8,0.0334
2026-08-29 08:41:00,1787992860000,4458.8,4458.8,4458.8,4458.8,0.0
2026-08-29 08:42:00,1787992920000,4458.79,4458.8,4458.79,4458.8,0.0599
2026-08-29 08:43:00,1787992980000,4458.8,4459.26,4458.8,4458.99,2.6339
2026-08-29 08:44:00,1787993040000,4458.99,4459.0,4458.99,4458.99,0.0597
2026-08-29 08:45:00,1787993100000,4459.0,4459.0,4459.0,4459.0,0.0065
2026-08-29 08:46:00,1787993160000,4459.0,4459.0,4459.0,4459.0,0.0038
2026-08-29 08:47:00,1787993220000,4459.0,4459.0,4458.99,4458.99,0.0146
2026-08-29 08:48:00,1787993280000,4458.99,4459.0,4458.99,4459.0,0.0418
2026-08-29 08:49:00,1787993340000,4459.0,4459.0,4458.99,4459.0,2.3505
2026-08-29 08:50:00,1787993400000,4459.0,4459.0,4459.0,4459.0,0.0448
2026-08-29 08:51:00,1787993460000,4458.99,4459.0,4458.99,4459.0,0.0093
2026-08-29 08:52:00,1787993520000,4458.99,4458.99,4458.99,4458.99,0.0056
2026-08-29 08:53:00,1787993580000,4459.0,4459.0,4459.0,4459.0,0.0717
2026-08-29 08:54:00,1787993640000,4458.99,4459.0,4458.99,4459.0,0.0111
2026-08-29 08:55:00,1787993700000,4458.99,4459.0,4458.99,4458.99,0.0084
2026-08-29 08:56:00,1787993760000,4459.0,4459.0,4459.0,4459.0,0.0094
2026-08-29 08:57:00,1787993820000,4459.0,4459.0,4459.0,4459.0,0.0
2026-08-29 08:58:00,1787993880000,4459.0,4459.0,4458.99,4458.99,0.0213
2026-08-29 08:59:00,1787993940000,4458.99,4458.99,4458.99,4458.99,0.0
2026-08-29 09:00:00,1787994000000,4459.0,4459.0,4459.0,4459.0,0.013
2026-08-29 09:01:00,1787994060000,4458.99,4458.99,4458.63,4458.63,0.2641
2026-08-29 09:02:00,1787994120000,4458.21,4458.21,4458.21,4458.21,0.4485
2026-08-29 09:03:00,1787994180000,4458.21,4458.23,4458.21,4458.23,1.3521
2026-08-29 09:04:00,1787994240000,4458.22,4458.6,4458.22,4458.6,2.5745
2026-08-29 09:05:00,1787994300000,4458.59,4458.6,4458.59,4458.6,0.067
2026-08-29 09:06:00,1787994360000,4459.0,4459.0,4459.0,4459.0,0.0016
2026-08-29 09:07:00,1787994420000,4459.0,4459.0,4458.99,4458.99,0.3584
2026-08-29 09:08:00,1787994480000,4458.99,4458.99,4458.99,4458.99,0.0369
2026-08-29 09:09:00,1787994540000,4459.0,4459.0,4459.0,4459.0,0.7493
2026-08-29 09:10:00,1787994600000,4459.0,4459.0,4458.99,4458.99,0.0406
2026-08-29 09:11:00,1787994660000,4458.99,4458.99,4458.99,4458.99,0.0
2026-08-29 09:12:00,1787994720000,4459.0,4459.0,4459.0,4459.0,0.0016
2026-08-29 09:13:00,1787994780000,4458.99,4458.99,4458.99,4458.99,2.3239
2026-08-29 09:14:00,1787994840000,4459.0,4459.0,4459.0,4459.0,0.9109
2026-08-29 09:15:00,1787994900000,4459.0,4459.0,4459.0,4459.0,0.0
2026-08-29 09:16:00,1787994960000,4459.4,4459.4,4459.01,4459.01,1.4586
2026-08-29 09:17:00,1787995020000,4459.01,4459.01,4459.01,4459.01,0.026
2026-08-29 09:18:00,1787995080000,4459.01,4459.01,4459.01,4459.01,0.0
2026-08-29 09:19:00,1787995140000,4459.0,4459.0,4459.0,4459.0,0.0055
2026-08-29 09:20:00,1787995200000,4459.01,4459.01,4459.01,4459.01,0.0027
2026-08-29 09:21:00,1787995260000,4459.0,4459.01,4459.0,4459.01,0.0291
2026-08-29 09:22:00,1787995320000,4459.01,4459.01,4459.01,4459.01,0.0079
2026-08-29 09:23:00,1787995380000,4459.0,4459.0,4459.0,4459.0,0.8615
2026-08-29 09:24:00,1787995440000,4459.01,4459.01,4459.01,4459.01,0.0386
2026-08-29 09:25:00,1787995500000,4459.01,4459.2,4459.01,4459.01,1.1025
2026-08-29 09:26:00,1787995560000,4459.0,4459.01,4459.0,4459.01,0.1223
2026-08-29 09:27:00,1787995620000,4459.01,4459.01,4459.01,4459.01,0.226
2026-08-29 09:28:00,1787995680000,4459.01,4459.01,4459.0,4459.0,0.6478
2026-08-29 09:29:00,1787995740000,4459.0,4459.01,4459.0,4459.01,0.0156
2026-08-29 09:30:00,1787995800000,4459.01,4459.19,4459.01,4459.02,1.6219
2026-08-29 09:31:00,1787995860000,4459.02,4459.02,4459.02,4459.02,0.0
2026-08-29 09:32:00,1787995920000,4459.02,4459.02,4459.02,4459.02,0.005
2026-08-29 09:33:00,1787995980000,4459.02,4459.02,4459.02,4459.02,0.0011
2026-08-29 09:34:00,1787996040000,4459.02,4459.02,4458.99,4458.99,0.7922
2026-08-29 09:35:00,1787996100000,4458.99,4458.99,4458.99,4458.99,0.0
2026-08-29 09:36:00,1787996160000,4458.63,4458.63,4458.63,4458.63,0.0181
2026-08-29 09:37:00,1787996220000,4458.63,4458.63,4458.63,4458.63,0.0037
2026-08-29 09:38:00,1787996280000,4458.64,4458.64,4458.63,4458.63,0.0774
2026-08-29 09:39:00,1787996340000,4458.48,4458.48,4458.38,4458.38,0.6945
2026-08-29 09:40:00,1787996400000,4458.39,4458.39,4458.39,4458.39,0.3181
2026-08-29 09:41:00,1787996460000,4458.39,4458.39,4458.38,4458.39,1.383
2026-08-29 09:42:00,1787996520000,4458.39,4458.39,4458.39,4458.39,1.1218
2026-08-29 09:43:00,1787996580000,4458.39,4458.39,4458.39,4458.39,1.2931
2026-08-29 09:44:00,1787996640000,4458.39,4458.39,4458.19,4458.19,3.0456
2026-08-29 09:45:00,1787996700000,4458.19,4458.49,4458.19,4458.48,1.8349
2026-08-29 09:46:00,1787996760000,4458.49,4458.49,4458.49,4458.49,0.0706
2026-08-29 09:47:00,1787996820000,4458.49,4458.49,4458.49,4458.49,0.0124
2026-08-29 09:48:00,1787996880000,4458.49,4458.49,4458.49,4458.49,0.0221
2026-08-29 09:49:00,1787996940000,4458.49,4458.49,4458.0,4458.01,2.0333
2026-08-29 09:50:00,1787997000000,4458.0,4458.0,4458.0,4458.0,0.1
2026-08-29 09:51:00,1787997060000,4458.01,4458.01,4458.0,4458.01,0.3555
2026-08-29 09:52:00,1787997120000,4458.01,4458.01,4458.01,4458.01,2.1254
2026-08-29 09:53:00,1787997180000,4458.01,4458.01,4458.01,4458.01,0.0
2026-08-29 09:54:00,1787997240000,4458.0,4458.0,4458.0,4458.0,0.045
2026-08-29 09:55:00,1787997300000,4458.0,4458.0,4458.0,4458.0,0.0
2026-08-29 09:56:00,1787997360000,4458.18,4458.19,4458.18,4458.19,0.0083
2026-08-29 09:57:00,1787997420000,4458.19,4458.19,4458.19,4458.19,0.0523
2026-08-29 09:58:00,1787997480000,4458.19,4458.19,4458.19,4458.19,0.0685
2026-08-29 09:59:00,1787997540000,4458.19,4458.19,4458.19,4458.19,0.0456
2026-08-29 10:00:00,1787997600000,4458.19,4458.19,4458.18,4458.18,0.047
2026-08-29 10:01:00,1787997660000,4458.18,4458.19,4458.02,4458.03,1.0878
2026-08-29 10:02:00,1787997720000,4458.02,4458.03,4458.02,4458.02,0.5954
2026-08-29 10:03:00,1787997780000,4458.02,4458.03,4458.02,4458.02,0.6188
2026-08-29 10:04:00,1787997840000,4458.02,4458.03,4457.73,4457.73,0.4651
2026-08-29 10:05:00,1787997900000,4457.73,4457.73,4457.28,4457.28,0.7523
2026-08-29 10:06:00,1787997960000,4457.18,4457.18,4457.11,4457.12,7.6299
2026-08-29 10:07:00,1787998020000,4457.11,4457.12,4457.11,4457.12,0.5193
2026-08-29 10:08:00,1787998080000,4457.12,4457.12,4457.11,4457.12,3.2192
2026-08-29 10:09:00,1787998140000,4457.11,4457.12,4456.86,4456.86,1.3962
2026-08-29 10:10:00,1787998200000,4456.86,4456.86,4456.85,4456.86,2.0549
2026-08-29 10:11:00,1787998260000,4456.86,4456.86,4456.86,4456.86,0.1062
2026-08-29 10:12:00,1787998320000,4456.86,4456.86,4456.86,4456.86,0.1015
2026-08-29 10:13:00,1787998380000,4456.86,4456.86,4456.86,4456.86,0.0403
2026-08-29 10:14:00,1787998440000,4456.86,4456.86,4456.84,4456.84,1.9959
2026-08-29 10:15:00,1787998500000,4456.83,4456.84,4456.83,4456.83,0.6751
2026-08-29 10:16:00,1787998560000,4456.84,4456.84,4456.56,4456.56,0.158
2026-08-29 10:17:00,1787998620000,4456.56,4456.56,4456.56,4456.56,0.0691
2026-08-29 10:18:00,1787998680000,4456.56,4456.56,4456.56,4456.56,0.0631
2026-08-29 10:19:00,1787998740000,4456.55,4456.56,4456.3,4456.31,1.4542
2026-08-29 10:20:00,1787998800000,4456.3,4456.31,4456.3,4456.31,1.7402
2026-08-29 10:21:00,1787998860000,4456.31,4456.31,4456.3,4456.31,0.0421
2026-08-29 10:22:00,1787998920000,4456.31,4456.31,4456.3,4456.3,0.1739
2026-08-29 10:23:00,1787998980000,4456.31,4456.31,4456.3,4456.31,0.1433
2026-08-29 10:24:00,1787999040000,4456.3,4456.31,4456.3,4456.31,0.3012
2026-08-29 10:25:00,1787999100000,4456.31,4456.31,4456.3,4456.31,0.1437
2026-08-29 10:26:00,1787999160000,4456.3,4456.31,4456.01,4456.01,0.1272
2026-08-29 10:27:00,1787999220000,4456.01,4456.01,4456.01,4456.01,0.0787
2026-08-29 10:28:00,1787999280000,4456.01,4456.01,4456.0,4456.0,0.0779
2026-08-29 10:29:00,1787999340000,4456.01,4456.01,4456.0,4456.0,0.4359
2026-08-29 10:30:00,1787999400000,4456.01,4456.01,4454.86,4454.87,4.4707
2026-08-29 10:31:00,1787999460000,4454.87,4454.87,4454.87,4454.87,0.0466
2026-08-29 10:32:00,1787999520000,4454.86,4454.86,4454.86,4454.86,0.0058
2026-08-29 10:33:00,1787999580000,4454.86,4454.87,4454.86,4454.87,0.0257
2026-08-29 10:34:00,1787999640000,4454.87,4454.87,4454.87,4454.87,0.007
2026-08-29 10:35:00,1787999700000,4454.86,4454.86,4454.86,4454.86,0.0961
2026-08-29 10:36:00,1787999760000,4454.86,4454.86,4454.86,4454.86,0.0
2026-08-29 10:37:00,1787999820000,4454.86,4455.66,4454.86,4455.66,2.9008
2026-08-29 10:38:00,1787999880000,4456.0,4456.0,4455.99,4455.99,0.1901
2026-08-29 10:39:00,1787999940000,4456.0,4456.0,4456.0,4456.0,0.0034
2026-08-29 10:40:00,1788000000000,4456.0,4456.31,4456.0,4456.3,0.2784
2026-08-29 10:41:00,1788000060000,4456.3,4456.31,4456.3,4456.31,0.1487
2026-08-29 10:42:00,1788000120000,4456.31,4456.85,4456.31,4456.85,8.6226
2026-08-29 10:43:00,1788000180000,4457.75,4457.76,4457.75,4457.75,0.2819
2026-08-29 10:44:00,1788000240000,4457.76,4457.76,4457.76,4457.76,0.0573
2026-08-29 10:45:00,1788000300000,4457.75,4457.76,4457.75,4457.76,0.276
2026-08-29 10:46:00,1788000360000,4457.76,4457.76,4457.76,4457.76,0.0
2026-08-29 10:47:00,1788000420000,4457.76,4457.76,4457.76,4457.76,0.0
2026-08-29 10:48:00,1788000480000,4457.75,4457.76,4457.75,4457.76,0.0091
2026-08-29 10:49:00,1788000540000,4457.76,4457.76,4457.76,4457.76,0.2796
2026-08-29 10:50:00,1788000600000,4457.76,4457.76,4457.76,4457.76,0.0172
2026-08-29 10:51:00,1788000660000,4457.76,4457.76,4457.76,4457.76,0.1997
2026-08-29 10:52:00,1788000720000,4457.75,4457.75,4457.75,4457.75,0.5403
2026-08-29 10:53:00,1788000780000,4457.75,4457.75,4457.48,4457.48,0.6109
2026-08-29 10:54:00,1788000840000,4457.47,4457.47,4457.47,4457.47,0.0047
2026-08-29 10:55:00,1788000900000,4457.47,4457.47,4457.47,4457.47,0.6101
2026-08-29 10:56:00,1788000960000,4457.47,4457.47,4457.47,4457.47,0.0
2026-08-29 10:57:00,1788001020000,4457.12,4457.12,4457.12,4457.12,0.0033
2026-08-29 10:58:00,1788001080000,4457.12,4457.12,4457.12,4457.12,0.0058
2026-08-29 10:59:00,1788001140000,4457.11,4457.11,4456.84,4456.84,0.6261
2026-08-29 11:00:00,1788001200000,4456.83,4456.83,4456.38,4456.39,1.1937
2026-08-29 11:01:00,1788001260000,4456.39,4456.39,4456.39,4456.39,0.0175
2026-08-29 11:02:00,1788001320000,4456.39,4456.39,4456.3,4456.3,0.4103
2026-08-29 11:03:00,1788001380000,4456.0,4456.0,4456.0,4456.0,0.022
2026-08-29 11:04:00,1788001440000,4456.0,4456.0,4456.0,4456.0,0.0047
2026-08-29 11:05:00,1788001500000,4456.0,4456.0,4456.0,4456.0,0.0
2026-08-29 11:06:00,1788001560000,4456.0,4456.0,4455.99,4456.0,0.8741
2026-08-29 11:07:00,1788001620000,4456.0,4456.0,4456.0,4456.0,0.9024
2026-08-29 11:08:00,1788001680000,4455.99,4456.0,4455.99,4456.0,0.0242
2026-08-29 11:09:00,1788001740000,4456.0,4456.0,4456.0,4456.0,0.0
2026-08-29 11:10:00,1788001800000,4456.0,4456.0,4456.0,4456.0,0.0
2026-08-29 11:11:00,1788001860000,4456.0,4456.0,4456.0,4456.0,0.0258
2026-08-29 11:12:00,1788001920000,4456.0,4456.04,4456.0,4456.04,0.8954
2026-08-29 11:13:00,1788001980000,4456.04,4456.04,4456.04,4456.04,0.0023
2026-08-29 11:14:00,1788002040000,4456.04,4456.04,4456.04,4456.04,0.0248
2026-08-29 11:15:00,1788002100000,4456.04,4456.04,4456.04,4456.04,0.0131
2026-08-29 11:16:00,1788002160000,4456.04,4456.04,4456.03,4456.03,0.0231
2026-08-29 11:17:00,1788002220000,4456.04,4456.3,4456.04,4456.3,1.2575
2026-08-29 11:18:00,1788002280000,4456.3,4456.3,4456.3,4456.3,0.0
2026-08-29 11:19:00,1788002340000,4456.29,4456.29,4456.29,4456.29,0.1162
2026-08-29 11:20:00,1788002400000,4456.3,4456.3,4456.3,4456.3,0.0688
2026-08-29 11:21:00,1788002460000,4456.3,4456.3,4456.3,4456.3,0.0139
2026-08-29 11:22:00,1788002520000,4456.3,4456.3,4456.3,4456.3,0.6778
2026-08-29 11:23:00,1788002580000,4456.62,4456.62,4456.62,4456.62,0.0268
2026-08-29 11:24:00,1788002640000,4456.61,4456.61,4456.61,4456.61,0.0207
2026-08-29 11:25:00,1788002700000,4456.61,4456.61,4456.61,4456.61,0.0
2026-08-29 11:26:00,1788002760000,4456.61,4456.61,4456.61,4456.61,0.0023
2026-08-29 11:27:00,1788002820000,4456.61,4456.61,4456.61,4456.61,0.0
2026-08-29 11:28:00,1788002880000,4456.62,4456.62,4456.62,4456.62,0.339
2026-08-29 11:29:00,1788002940000,4456.62,4456.62,4456.62,4456.62,0.0
2026-08-29 11:30:00,1788003000000,4456.83,4456.83,4456.83,4456.83,0.08
2026-08-29 11:31:00,1788003060000,4456.87,4456.87,4456.87,4456.87,0.0015
2026-08-29 11:32:00,1788003120000,4456.88,4456.88,4456.88,4456.88,0.0026
2026-08-29 11:33:00,1788003180000,4456.88,4456.88,4456.87,4456.88,0.0391
2026-08-29 11:34:00,1788003240000,4456.88,4456.88,4456.88,4456.88,0.0047
2026-08-29 11:35:00,1788003300000,4456.88,4456.88,4456.88,4456.88,0.0101
2026-08-29 11:36:00,1788003360000,4457.17,4457.17,4457.16,4457.16,0.2195
2026-08-29 11:37:00,1788003420000,4457.16,4457.16,4457.16,4457.16,0.0014
2026-08-29 11:38:00,1788003480000,4457.16,4457.16,4457.16,4457.16,0.0563
2026-08-29 11:39:00,1788003540000,4457.16,4457.17,4457.16,4457.17,0.2268
2026-08-29 11:40:00,1788003600000,4457.17,4457.17,4457.16,4457.16,0.0271
2026-08-29 11:41:00,1788003660000,4457.17,4457.17,4457.17,4457.17,0.045
2026-08-29 11:42:00,1788003720000,4457.17,4457.17,4457.17,4457.17,0.0271
2026-08-29 11:43:00,1788003780000,4457.17,4457.17,4457.17,4457.17,0.0
2026-08-29 11:44:00,1788003840000,4457.17,4457.17,4457.17,4457.17,0.0064
2026-08-29 11:45:00,1788003900000,4457.17,4457.17,4457.16,4457.17,0.0317
2026-08-29 11:46:00,1788003960000,4457.16,4457.16,4457.16,4457.16,0.3682
2026-08-29 11:47:00,1788004020000,4457.17,4457.17,4457.17,4457.17,0.0244
2026-08-29 11:48:00,1788004080000,4457.16,4457.16,4457.16,4457.16,0.0142
2026-08-29 11:49:00,1788004140000,4457.16,4457.17,4457.16,4457.17,1.0331
2026-08-29 11:50:00,1788004200000,4457.17,4457.17,4457.17,4457.17,0.0022
2026-08-29 11:51:00,1788004260000,4457.16,4457.16,4457.16,4457.16,0.2691
2026-08-29 11:52:00,1788004320000,4457.16,4457.16,4457.16,4457.16,0.1794
2026-08-29 11:53:00,1788004380000,4457.16,4457.16,4457.16,4457.16,0.3644
2026-08-29 11:54:00,1788004440000,4457.16,4457.17,4457.16,4457.16,0.738
2026-08-29 11:55:00,1788004500000,4457.16,4457.16,4457.16,4457.16,0.0
2026-08-29 11:56:00,1788004560000,4457.17,4457.17,4457.17,4457.17,0.003
2026-08-29 11:57:00,1788004620000,4457.17,4457.17,4457.17,4457.17,0.0044
2026-08-29 11:58:00,1788004680000,4457.17,4457.21,4457.17,4457.21,1.4834
2026-08-29 11:59:00,1788004740000,4457.21,4457.21,4457.21,4457.21,0.0582
2026-08-29 12:00:00,1788004800000,4457.21,4457.21,4457.21,4457.21,0.0711
2026-08-29 12:01:00,1788004860000,4457.21,4457.21,4456.87,4456.87,3.1575
2026-08-29 12:02:00,1788004920000,4456.63,4456.63,4456.09,4456.09,0.3261
2026-08-29 12:03:00,1788004980000,4456.18,4456.18,4456.18,4456.18,0.0083
2026-08-29 12:04:00,1788005040000,4456.18,4456.18,4456.17,4456.17,0.0394
2026-08-29 12:05:00,1788005100000,4456.17,4456.17,4456.17,4456.17,0.0307
2026-08-29 12:06:00,1788005160000,4456.17,4456.17,4456.17,4456.17,0.0
2026-08-29 12:07:00,1788005220000,4456.17,4456.17,4456.17,4456.17,0.5287
2026-08-29 12:08:00,1788005280000,4456.17,4456.18,4456.17,4456.18,0.041
2026-08-29 12:09:00,1788005340000,4456.18,4456.18,4456.18,4456.18,0.1346
2026-08-29 12:10:00,1788005400000,4456.18,4456.29,4456.18,4456.29,0.6092
2026-08-29 12:11:00,1788005460000,4456.29,4456.29,4456.29,4456.29,0.0683
2026-08-29 12:12:00,1788005520000,4456.29,4456.29,4456.29,4456.29,0.0
2026-08-29 12:13:00,1788005580000,4456.29,4456.29,4456.29,4456.29,0.0
2026-08-29 12:14:00,1788005640000,4456.29,4456.29,4456.29,4456.29,0.0025
2026-08-29 12:15:00,1788005700000,4456.48,4456.48,4456.48,4456.48,0.0051
2026-08-29 12:16:00,1788005760000,4456.48,4456.48,4456.48,4456.48,0.0014
2026-08-29 12:17:00,1788005820000,4456.48,4456.48,4456.48,4456.48,0.0448
2026-08-29 12:18:00,1788005880000,4456.48,4456.48,4456.48,4456.48,0.0067
2026-08-29 12:19:00,1788005940000,4456.48,4456.48,4456.48,4456.48,0.0522
2026-08-29 12:20:00,1788006000000,4456.48,4456.61,4456.47,4456.61,0.9182
2026-08-29 12:21:00,1788006060000,4456.61,4456.61,4456.61,4456.61,0.013
2026-08-29 12:22:00,1788006120000,4456.61,4456.61,4456.61,4456.61,0.0
2026-08-29 12:23:00,1788006180000,4456.61,4456.8,4456.61,4456.79,3.4903
2026-08-29 12:24:00,1788006240000,4456.8,4456.8,4456.79,4456.79,0.016
2026-08-29 12:25:00,1788006300000,4456.79,4456.79,4456.79,4456.79,0.0164
2026-08-29 12:26:00,1788006360000,4456.79,4456.8,4456.79,4456.8,0.0362
2026-08-29 12:27:00,1788006420000,4456.8,4456.8,4456.8,4456.8,0.0192
2026-08-29 12:28:00,1788006480000,4456.8,4456.8,4456.79,4456.79,0.1376
2026-08-29 12:29:00,1788006540000,4456.79,4456.79,4456.79,4456.79,0.038
2026-08-29 12:30:00,1788006600000,4456.79,4456.79,4456.79,4456.79,0.077
2026-08-29 12:31:00,1788006660000,4456.79,4456.79,4456.79,4456.79,0.0
2026-08-29 12:32:00,1788006720000,4456.8,4456.8,4456.8,4456.8,0.0433
2026-08-29 12:33:00,1788006780000,4456.8,4456.8,4456.79,4456.8,0.0781
2026-08-29 12:34:00,1788006840000,4456.8,4456.8,4456.8,4456.8,0.2728
2026-08-29 12:35:00,1788006900000,4456.8,4456.8,4456.8,4456.8,0.0586
2026-08-29 12:36:00,1788006960000,4456.8,4456.8,4456.8,4456.8,0.0263
2026-08-29 12:37:00,1788007020000,4456.79,4456.8,4456.79,4456.8,0.0801
2026-08-29 12:38:00,1788007080000,4456.8,4456.8,4456.8,4456.8,0.0194
2026-08-29 12:39:00,1788007140000,4456.8,4456.8,4456.8,4456.8,0.034
2026-08-29 12:40:00,1788007200000,4456.8,4456.8,4456.8,4456.8,0.0168
2026-08-29 12:41:00,1788007260000,4456.8,4456.8,4456.8,4456.8,0.0188
2026-08-29 12:42:00,1788007320000,4456.8,4456.8,4456.8,4456.8,2.2056
2026-08-29 12:43:00,1788007380000,4456.8,4456.8,4456.79,4456.79,0.0531
2026-08-29 12:44:00,1788007440000,4456.8,4456.88,4456.8,4456.88,0.3424
2026-08-29 12:45:00,1788007500000,4456.92,4456.96,4456.92,4456.96,0.1174
2026-08-29 12:46:00,1788007560000,4456.96,4456.96,4456.96,4456.96,0.0451
2026-08-29 12:47:00,1788007620000,4456.96,4456.98,4456.96,4456.98,0.1093
2026-08-29 12:48:00,1788007680000,4456.98,4456.98,4456.97,4456.97,0.1016
2026-08-29 12:49:00,1788007740000,4456.98,4457.02,4456.98,4457.02,0.0271
2026-08-29 12:50:00,1788007800000,4457.02,4457.21,4457.02,4457.21,0.9244
2026-08-29 12:51:00,1788007860000,4457.21,4457.21,4457.21,4457.21,0.8641
2026-08-29 12:52:00,1788007920000,4457.21,4457.38,4457.21,4457.37,0.3128
2026-08-29 12:53:00,1788007980000,4457.9,4457.92,4457.9,4457.91,0.1986
2026-08-29 12:54:00,1788008040000,4457.92,4457.92,4457.92,4457.92,0.0222
2026-08-29 12:55:00,1788008100000,4457.91,4457.92,4457.91,4457.92,0.0298
2026-08-29 12:56:00,1788008160000,4457.92,4457.92,4457.92,4457.92,0.0231
2026-08-29 12:57:00,1788008220000,4457.92,4457.92,4457.92,4457.92,0.0178
2026-08-29 12:58:00,1788008280000,4457.92,4457.92,4457.92,4457.92,0.0281
2026-08-29 12:59:00,1788008340000,4457.92,4457.92,4457.92,4457.92,0.0243
2026-08-29 13:00:00,1788008400000,4457.92,4457.92,4457.92,4457.92,0.0139
2026-08-29 13:01:00,1788008460000,4457.92,4457.92,4457.92,4457.92,0.0156
2026-08-29 13:02:00,1788008520000,4457.92,4457.92,4457.92,4457.92,0.0135
2026-08-29 13:03:00,1788008580000,4457.92,4457.92,4457.92,4457.92,0.0121
2026-08-29 13:04:00,1788008640000,4457.92,4457.92,4457.92,4457.92,0.0201
2026-08-29 13:05:00,1788008700000,4457.92,4457.92,4457.92,4457.92,0.0131
2026-08-29 13:06:00,1788008760000,4457.92,4457.92,4457.91,4457.92,0.0348
2026-08-29 13:07:00,1788008820000,4457.92,4457.92,4457.92,4457.92,0.0195
2026-08-29 13:08:00,1788008880000,4457.92,4457.92,4457.92,4457.92,0.0091
2026-08-29 13:09:00,1788008940000,4457.92,4457.92,4457.92,4457.92,0.0443
2026-08-29 13:10:00,1788009000000,4458.04,4458.27,4458.04,4458.27,0.9505
2026-08-29 13:11:00,1788009060000,4458.27,4458.91,4458.27,4458.91,0.8602
2026-08-29 13:12:00,1788009120000,4458.91,4459.06,4458.91,4459.06,0.5402
2026-08-29 13:13:00,1788009180000,4459.06,4459.06,4459.06,4459.06,0.0319
2026-08-29 13:14:00,1788009240000,4459.06,4459.06,4459.06,4459.06,0.0707
2026-08-29 13:15:00,1788009300000,4459.06,4459.07,4459.05,4459.07,0.06
2026-08-29 13:16:00,1788009360000,4459.06,4459.52,4459.06,4459.52,2.1605
2026-08-29 13:17:00,1788009420000,4459.52,4459.52,4459.51,4459.52,0.1832
2026-08-29 13:18:00,1788009480000,4459.52,4459.52,4459.52,4459.52,0.0357
2026-08-29 13:19:00,1788009540000,4459.52,4459.52,4459.51,4459.51,0.7586
2026-08-29 13:20:00,1788009600000,4459.52,4459.52,4459.52,4459.52,0.0393
2026-08-29 13:21:00,1788009660000,4459.52,4459.52,4459.52,4459.52,1.1211
2026-08-29 13:22:00,1788009720000,4459.52,4459.52,4459.52,4459.52,0.0184
2026-08-29 13:23:00,1788009780000,4459.52,4459.52,4459.52,4459.52,0.0098
2026-08-29 13:24:00,1788009840000,4459.52,4459.52,4459.51,4459.51,0.032
2026-08-29 13:25:00,1788009900000,4459.51,4459.51,4459.51,4459.51,1.1107
2026-08-29 13:26:00,1788009960000,4459.51,4459.51,4459.51,4459.51,0.0022
2026-08-29 13:27:00,1788010020000,4459.52,4459.52,4459.52,4459.52,0.0483
2026-08-29 13:28:00,1788010080000,4459.52,4459.57,4459.52,4459.56,1.0362
2026-08-29 13:29:00,1788010140000,4459.56,4459.57,4459.56,4459.57,0.1023
2026-08-29 13:30:00,1788010200000,4459.57,4459.57,4459.57,4459.57,0.0
2026-08-29 13:31:00,1788010260000,4459.56,4459.56,4459.07,4459.07,4.3619
2026-08-29 13:32:00,1788010320000,4458.97,4458.98,4458.97,4458.97,0.0204
2026-08-29 13:33:00,1788010380000,4458.97,4458.97,4458.97,4458.97,0.0
2026-08-29 13:34:00,1788010440000,4458.98,4458.98,4458.98,4458.98,0.0047
2026-08-29 13:35:00,1788010500000,4458.98,4458.98,4458.97,4458.97,0.1176
2026-08-29 13:36:00,1788010560000,4458.98,4458.98,4458.97,4458.97,0.9803
2026-08-29 13:37:00,1788010620000,4458.97,4458.97,4458.97,4458.97,0.0086
2026-08-29 13:38:00,1788010680000,4458.97,4458.98,4458.97,4458.98,0.2298
2026-08-29 13:39:00,1788010740000,4458.98,4458.98,4458.98,4458.98,0.0
2026-08-29 13:40:00,1788010800000,4458.98,4458.98,4458.75,4458.75,4.1354
2026-08-29 13:41:00,1788010860000,4458.76,4458.76,4458.76,4458.76,0.0027
2026-08-29 13:42:00,1788010920000,4458.76,4458.76,4458.76,4458.76,0.8923
2026-08-29 13:43:00,1788010980000,4458.76,4458.76,4458.76,4458.76,0.0462
2026-08-29 13:44:00,1788011040000,4458.76,4458.76,4458.76,4458.76,0.0046
2026-08-29 13:45:00,1788011100000,4458.76,4458.76,4458.76,4458.76,0.0148
2026-08-29 13:46:00,1788011160000,4458.76,4458.76,4458.76,4458.76,0.1121
2026-08-29 13:47:00,1788011220000,4458.75,4458.76,4458.75,4458.76,0.9498
2026-08-29 13:48:00,1788011280000,4458.75,4458.76,4458.75,4458.76,0.0557
2026-08-29 13:49:00,1788011340000,4458.76,4458.76,4458.75,4458.75,0.5948
2026-08-29 13:50:00,1788011400000,4458.76,4458.76,4458.76,4458.76,0.1736
2026-08-29 13:51:00,1788011460000,4458.75,4458.76,4458.75,4458.76,0.3588
2026-08-29 13:52:00,1788011520000,4458.75,4458.75,4458.75,4458.75,0.0224
2026-08-29 13:53:00,1788011580000,4458.75,4458.76,4458.75,4458.76,1.0523
2026-08-29 13:54:00,1788011640000,4458.75,4458.76,4458.75,4458.76,0.5409
2026-08-29 13:55:00,1788011700000,4458.76,4458.76,4458.75,4458.75,0.0246
2026-08-29 13:56:00,1788011760000,4458.75,4458.76,4458.75,4458.76,0.0041
2026-08-29 13:57:00,1788011820000,4458.75,4458.75,4458.75,4458.75,0.0212
2026-08-29 13:58:00,1788011880000,4458.76,4458.76,4458.75,4458.75,0.0122
2026-08-29 13:59:00,1788011940000,4458.76,4459.98,4458.76,4459.98,8.6176
2026-08-29 14:00:00,1788012000000,4459.97,4459.97,4459.73,4459.74,0.3495
2026-08-29 14:01:00,1788012060000,4459.74,4459.74,4459.74,4459.74,0.0718
2026-08-29 14:02:00,1788012120000,4459.73,4459.74,4459.37,4459.37,0.5863
2026-08-29 14:03:00,1788012180000,4459.37,4459.37,4459.36,4459.37,0.1421
2026-08-29 14:04:00,1788012240000,4459.37,4459.59,4459.37,4459.59,4.1613
2026-08-29 14:05:00,1788012300000,4459.59,4459.59,4459.59,4459.59,1.0682
2026-08-29 14:06:00,1788012360000,4459.59,4459.9,4459.58,4459.9,0.2061
2026-08-29 14:07:00,1788012420000,4459.9,4459.9,4459.54,4459.54,8.04
2026-08-29 14:08:00,1788012480000,4459.55,4459.55,4459.24,4459.24,1.0148
2026-08-29 14:09:00,1788012540000,4459.24,4459.24,4459.23,4459.23,0.2291
2026-08-29 14:10:00,1788012600000,4459.24,4459.24,4459.24,4459.24,0.3137
2026-08-29 14:11:00,1788012660000,4459.24,4459.24,4459.24,4459.24,0.1169
2026-08-29 14:12:00,1788012720000,4459.24,4459.24,4459.23,4459.23,0.098
2026-08-29 14:13:00,1788012780000,4459.24,4459.24,4459.23,4459.24,0.1462
2026-08-29 14:14:00,1788012840000,4459.24,4459.24,4459.23,4459.24,0.0816
2026-08-29 14:15:00,1788012900000,4459.23,4459.24,4458.76,4458.76,4.9696
2026-08-29 14:16:00,1788012960000,4458.75,4458.76,4458.75,4458.75,0.0274
2026-08-29 14:17:00,1788013020000,4458.76,4458.76,4458.75,4458.75,0.0043
2026-08-29 14:18:00,1788013080000,4458.76,4458.76,4458.76,4458.76,0.056
2026-08-29 14:19:00,1788013140000,4458.75,4458.76,4458.75,4458.76,3.0808
2026-08-29 14:20:00,1788013200000,4458.75,4458.76,4458.75,4458.75,0.9871
2026-08-29 14:21:00,1788013260000,4458.75,4458.75,4458.75,4458.75,0.126
2026-08-29 14:22:00,1788013320000,4458.76,4458.76,4458.75,4458.76,0.3132
2026-08-29 14:23:00,1788013380000,4458.75,4458.76,4458.75,4458.75,0.1216
2026-08-29 14:24:00,1788013440000,4458.76,4458.76,4456.17,4456.18,27.9884
2026-08-29 14:25:00,1788013500000,4456.39,4456.45,4456.39,4456.45,1.4317
2026-08-29 14:26:00,1788013560000,4456.56,4456.6,4456.56,4456.6,1.2878
2026-08-29 14:27:00,1788013620000,4456.6,4456.6,4456.6,4456.6,0.1149
2026-08-29 14:28:00,1788013680000,4456.6,4456.6,4456.6,4456.6,0.0546
2026-08-29 14:29:00,1788013740000,4456.6,4456.6,4456.6,4456.6,0.0224
2026-08-29 14:30:00,1788013800000,4456.59,4456.6,4456.59,4456.6,0.4019
2026-08-29 14:31:00,1788013860000,4456.59,4456.59,4456.36,4456.36,0.2845
2026-08-29 14:32:00,1788013920000,4456.36,4456.36,4456.36,4456.36,0.0673
2026-08-29 14:33:00,1788013980000,4456.37,4456.37,4456.37,4456.37,0.0056
2026-08-29 14:34:00,1788014040000,4456.37,4456.37,4456.37,4456.37,0.2561
2026-08-29 14:35:00,1788014100000,4456.37,4456.37,4456.37,4456.37,0.1703
2026-08-29 14:36:00,1788014160000,4456.37,4456.37,4456.37,4456.37,0.0049
2026-08-29 14:37:00,1788014220000,4456.36,4456.36,4456.36,4456.36,0.0096
2026-08-29 14:38:00,1788014280000,4456.36,4456.37,4456.36,4456.36,0.2361
2026-08-29 14:39:00,1788014340000,4456.37,4456.37,4456.37,4456.37,0.0017
2026-08-29 14:40:00,1788014400000,4456.36,4456.37,4456.36,4456.37,0.0493
2026-08-29 14:41:00,1788014460000,4456.36,4456.36,4455.88,4455.88,8.7299
2026-08-29 14:42:00,1788014520000,4455.89,4456.37,4455.89,4456.37,1.0533
2026-08-29 14:43:00,1788014580000,4456.37,4457.44,4456.36,4457.44,4.7557
2026-08-29 14:44:00,1788014640000,4457.44,4459.23,4457.44,4459.23,3.0493
2026-08-29 14:45:00,1788014700000,4459.23,4459.23,4459.23,4459.23,0.0017
2026-08-29 14:46:00,1788014760000,4459.24,4459.24,4459.24,4459.24,0.3661
2026-08-29 14:47:00,1788014820000,4459.24,4459.24,4459.23,4459.23,0.1636
2026-08-29 14:48:00,1788014880000,4459.24,4459.24,4459.24,4459.24,0.5194
2026-08-29 14:49:00,1788014940000,4459.24,4459.24,4459.23,4459.23,0.0955
2026-08-29 14:50:00,1788015000000,4459.24,4459.24,4459.23,4459.24,0.9087
2026-08-29 14:51:00,1788015060000,4459.23,4459.24,4459.23,4459.24,0.2592
2026-08-29 14:52:00,1788015120000,4459.23,4459.24,4459.23,4459.24,0.1607
2026-08-29 14:53:00,1788015180000,4459.24,4459.24,4459.23,4459.23,0.1148
2026-08-29 14:54:00,1788015240000,4459.24,4459.24,4459.23,4459.23,0.1435
2026-08-29 14:55:00,1788015300000,4459.23,4459.97,4459.23,4459.97,5.206
2026-08-29 14:56:00,1788015360000,4459.97,4462.67,4459.97,4461.44,39.1928
2026-08-29 14:57:00,1788015420000,4461.45,4461.45,4461.44,4461.44,0.3341
2026-08-29 14:58:00,1788015480000,4461.45,4461.45,4461.45,4461.45,0.1025
2026-08-29 14:59:00,1788015540000,4461.53,4461.69,4461.53,4461.69,0.0646
2026-08-29 15:00:00,1788015600000,4462.06,4462.68,4462.06,4462.57,2.1448
2026-08-29 15:01:00,1788015660000,4462.11,4462.11,4462.11,4462.11,0.0246
2026-08-29 15:02:00,1788015720000,4462.1,4462.1,4462.1,4462.1,0.6289
2026-08-29 15:03:00,1788015780000,4462.07,4462.07,4462.07,4462.07,0.0138
2026-08-29 15:04:00,1788015840000,4462.07,4462.07,4462.07,4462.07,1.0069
2026-08-29 15:05:00,1788015900000,4462.07,4462.07,4462.06,4462.07,0.3797
2026-08-29 15:06:00,1788015960000,4462.07,4462.07,4462.07,4462.07,0.0021
2026-08-29 15:07:00,1788016020000,4462.07,4462.07,4462.07,4462.07,0.0521
2026-08-29 15:08:00,1788016080000,4462.06,4462.07,4462.06,4462.07,0.0093
2026-08-29 15:09:00,1788016140000,4462.07,4462.07,4462.06,4462.06,1.3793
2026-08-29 15:10:00,1788016200000,4461.9,4461.9,4461.9,4461.9,0.0014
2026-08-29 15:11:00,1788016260000,4461.89,4461.9,4461.89,4461.9,0.028
2026-08-29 15:12:00,1788016320000,4461.9,4461.9,4461.9,4461.9,0.0
2026-08-29 15:13:00,1788016380000,4461.9,4461.9,4461.9,4461.9,0.073
2026-08-29 15:14:00,1788016440000,4461.9,4461.9,4461.9,4461.9,0.0673
2026-08-29 15:15:00,1788016500000,4461.89,4461.89,4461.8,4461.8,0.5341
2026-08-29 15:16:00,1788016560000,4461.8,4461.8,4461.8,4461.8,0.0508
2026-08-29 15:17:00,1788016620000,4461.81,4461.81,4461.81,4461.81,0.0044
2026-08-29 15:18:00,1788016680000,4461.81,4461.81,4461.81,4461.81,0.3661
2026-08-29 15:19:00,1788016740000,4461.81,4461.89,4461.81,4461.89,0.333
2026-08-29 15:20:00,1788016800000,4461.89,4461.89,4461.88,4461.88,0.1615
2026-08-29 15:21:00,1788016860000,4461.89,4461.89,4461.89,4461.89,0.2517
2026-08-29 15:22:00,1788016920000,4461.89,4461.89,4461.89,4461.89,0.727
2026-08-29 15:23:00,1788016980000,4461.89,4461.89,4461.88,4461.88,0.1126
2026-08-29 15:24:00,1788017040000,4461.88,4462.56,4461.88,4462.55,1.2684
2026-08-29 15:25:00,1788017100000,4462.56,4462.56,4462.55,4462.56,0.0637
2026-08-29 15:26:00,1788017160000,4462.55,4462.55,4462.55,4462.55,0.0024
2026-08-29 15:27:00,1788017220000,4462.69,4462.69,4462.69,4462.69,0.0672
2026-08-29 15:28:00,1788017280000,4462.7,4462.7,4462.7,4462.7,0.0031
2026-08-29 15:29:00,1788017340000,4462.7,4462.7,4462.7,4462.7,0.0
2026-08-29 15:30:00,1788017400000,4462.7,4462.7,4462.7,4462.7,0.0201
2026-08-29 15:31:00,1788017460000,4462.69,4462.69,4462.69,4462.69,0.4629
2026-08-29 15:32:00,1788017520000,4462.55,4462.55,4462.23,4462.23,0.2097
2026-08-29 15:33:00,1788017580000,4462.23,4462.23,4462.08,4462.23,2.095
2026-08-29 15:34:00,1788017640000,4462.24,4462.24,4462.23,4462.24,0.0084
2026-08-29 15:35:00,1788017700000,4462.23,4462.23,4462.23,4462.23,0.6649
2026-08-29 15:36:00,1788017760000,4462.07,4462.07,4461.9,4461.9,0.128
2026-08-29 15:37:00,1788017820000,4461.89,4461.89,4461.89,4461.89,0.0084
2026-08-29 15:38:00,1788017880000,4461.79,4461.79,4461.79,4461.79,0.4538
2026-08-29 15:39:00,1788017940000,4461.79,4461.79,4461.79,4461.79,0.0
2026-08-29 15:40:00,1788018000000,4461.79,4461.79,4461.78,4461.79,0.5877
2026-08-29 15:41:00,1788018060000,4461.78,4461.78,4461.78,4461.78,0.0243
2026-08-29 15:42:00,1788018120000,4461.69,4461.69,4461.46,4461.46,0.5705
2026-08-29 15:43:00,1788018180000,4461.45,4461.45,4461.34,4461.34,0.5702
2026-08-29 15:44:00,1788018240000,4461.33,4461.33,4461.19,4461.19,0.3769
2026-08-29 15:45:00,1788018300000,4461.2,4461.52,4461.2,4461.52,4.6146
2026-08-29 15:46:00,1788018360000,4461.53,4461.53,4461.52,4461.52,0.0042
2026-08-29 15:47:00,1788018420000,4461.52,4461.53,4461.52,4461.53,0.0555
2026-08-29 15:48:00,1788018480000,4461.53,4461.53,4461.53,4461.53,0.0021
2026-08-29 15:49:00,1788018540000,4461.53,4461.53,4461.53,4461.53,0.0364
2026-08-29 15:50:00,1788018600000,4461.53,4461.53,4461.53,4461.53,0.0
2026-08-29 15:51:00,1788018660000,4461.53,4461.76,4461.53,4461.76,0.7
2026-08-29 15:52:00,1788018720000,4462.15,4462.15,4462.15,4462.15,0.0061
2026-08-29 15:53:00,1788018780000,4462.14,4462.15,4462.02,4462.15,1.1241
2026-08-29 15:54:00,1788018840000,4462.15,4462.15,4462.15,4462.15,0.0314
2026-08-29 15:55:00,1788018900000,4462.15,4462.15,4462.15,4462.15,0.2473
2026-08-29 15:56:00,1788018960000,4462.15,4462.15,4462.15,4462.15,0.1873
2026-08-29 15:57:00,1788019020000,4462.15,4462.15,4462.14,4462.14,0.0376
2026-08-29 15:58:00,1788019080000,4462.15,4462.15,4462.15,4462.15,0.0018
2026-08-29 15:59:00,1788019140000,4462.15,4462.15,4462.14,4462.14,0.0254
2026-08-29 16:00:00,1788019200000,4462.15,4462.15,4462.15,4462.15,0.0043
2026-08-29 16:01:00,1788019260000,4462.14,4462.14,4462.14,4462.14,0.0071
2026-08-29 16:02:00,1788019320000,4462.14,4462.14,4462.14,4462.14,0.0
2026-08-29 16:03:00,1788019380000,4462.15,4462.15,4462.15,4462.15,0.5211
2026-08-29 16:04:00,1788019440000,4462.15,4462.15,4462.15,4462.15,0.0271
2026-08-29 16:05:00,1788019500000,4462.15,4462.15,4462.15,4462.15,0.04
2026-08-29 16:06:00,1788019560000,4462.15,4462.15,4462.15,4462.15,0.4465
2026-08-29 16:07:00,1788019620000,4462.15,4462.15,4462.14,4462.15,0.0183
2026-08-29 16:08:00,1788019680000,4462.15,4462.15,4462.14,4462.14,0.0029
2026-08-29 16:09:00,1788019740000,4462.14,4462.15,4462.14,4462.15,0.0232
2026-08-29 16:10:00,1788019800000,4462.15,4462.15,4462.15,4462.15,0.0
2026-08-29 16:11:00,1788019860000,4462.15,4462.15,4462.15,4462.15,0.112
2026-08-29 16:12:00,1788019920000,4462.14,4462.14,4461.2,4461.2,3.8244
2026-08-29 16:13:00,1788019980000,4461.37,4461.38,4461.37,4461.38,0.0672
2026-08-29 16:14:00,1788020040000,4461.03,4461.03,4461.03,4461.03,0.2265
2026-08-29 16:15:00,1788020100000,4461.02,4461.02,4460.52,4460.52,3.0155
2026-08-29 16:16:00,1788020160000,4460.72,4460.97,4460.72,4460.97,0.0135
2026-08-29 16:17:00,1788020220000,4460.97,4460.97,4460.97,4460.97,0.0035
2026-08-29 16:18:00,1788020280000,4460.97,4460.97,4460.97,4460.97,0.0
2026-08-29 16:19:00,1788020340000,4460.97,4460.97,4460.96,4460.97,0.0327
2026-08-29 16:20:00,1788020400000,4460.96,4460.96,4460.96,4460.96,0.0619
2026-08-29 16:21:00,1788020460000,4460.97,4460.97,4460.97,4460.97,1.0
2026-08-29 16:22:00,1788020520000,4460.97,4460.97,4460.96,4460.96,0.0332
2026-08-29 16:23:00,1788020580000,4460.72,4460.72,4460.72,4460.72,1.0016
2026-08-29 16:24:00,1788020640000,4460.71,4460.71,4460.71,4460.71,0.0736
2026-08-29 16:25:00,1788020700000,4460.71,4460.71,4460.71,4460.71,0.0014
2026-08-29 16:26:00,1788020760000,4460.71,4460.71,4460.71,4460.71,0.0726
2026-08-29 16:27:00,1788020820000,4460.72,4460.72,4460.71,4460.71,0.4178
2026-08-29 16:28:00,1788020880000,4460.72,4460.72,4460.72,4460.72,0.003
2026-08-29 16:29:00,1788020940000,4460.72,4460.72,4460.72,4460.72,0.0391
2026-08-29 16:30:00,1788021000000,4460.72,4460.72,4460.72,4460.72,0.0239
2026-08-29 16:31:00,1788021060000,4460.72,4460.72,4460.72,4460.72,0.012
2026-08-29 16:32:00,1788021120000,4460.72,4460.72,4460.72,4460.72,0.0
2026-08-29 16:33:00,1788021180000,4460.72,4460.72,4460.72,4460.72,0.0
2026-08-29 16:34:00,1788021240000,4460.71,4460.72,4460.71,4460.71,0.1392
2026-08-29 16:35:00,1788021300000,4460.71,4460.71,4460.71,4460.71,0.0
2026-08-29 16:36:00,1788021360000,4460.71,4460.71,4460.71,4460.71,0.0012
2026-08-29 16:37:00,1788021420000,4460.71,4460.71,4460.71,4460.71,0.0039
2026-08-29 16:38:00,1788021480000,4460.71,4460.71,4460.71,4460.71,0.0
2026-08-29 16:39:00,1788021540000,4460.71,4460.71,4460.71,4460.71,0.0
2026-08-29 16:40:00,1788021600000,4460.72,4460.72,4460.71,4460.71,1.1149
2026-08-29 16:41:00,1788021660000,4460.71,4460.71,4460.71,4460.71,0.0
2026-08-29 16:42:00,1788021720000,4460.72,4460.96,4460.72,4460.96,0.6344
2026-08-29 16:43:00,1788021780000,4460.96,4460.96,4460.96,4460.96,0.1589
2026-08-29 16:44:00,1788021840000,4460.96,4461.92,4460.96,4461.92,5.7557
2026-08-29 16:45:00,1788021900000,4461.92,4461.92,4461.92,4461.92,0.0
2026-08-29 16:46:00,1788021960000,4461.92,4461.92,4461.92,4461.92,0.0579
2026-08-29 16:47:00,1788022020000,4461.92,4461.92,4461.92,4461.92,0.066
2026-08-29 16:48:00,1788022080000,4461.92,4461.92,4461.92,4461.92,0.0696
2026-08-29 16:49:00,1788022140000,4461.92,4461.92,4461.92,4461.92,0.057
2026-08-29 16:50:00,1788022200000,4461.92,4461.92,4461.92,4461.92,0.0147
2026-08-29 16:51:00,1788022260000,4461.92,4461.92,4461.92,4461.92,0.0023
2026-08-29 16:52:00,1788022320000,4461.91,4461.92,4461.91,4461.92,0.0599
2026-08-29 16:53:00,1788022380000,4461.92,4461.92,4461.92,4461.92,0.0
2026-08-29 16:54:00,1788022440000,4461.92,4462.13,4461.92,4462.13,1.0829
2026-08-29 16:55:00,1788022500000,4462.12,4462.12,4462.11,4462.11,0.0734
2026-08-29 16:56:00,1788022560000,4462.12,4462.12,4462.11,4462.11,0.0387
2026-08-29 16:57:00,1788022620000,4462.11,4462.12,4462.11,4462.12,0.3974
2026-08-29 16:58:00,1788022680000,4462.12,4462.12,4462.12,4462.12,0.008
2026-08-29 16:59:00,1788022740000,4462.12,4462.12,4462.12,4462.12,1.1812
2026-08-29 17:00:00,1788022800000,4462.12,4462.12,4462.12,4462.12,0.0014
2026-08-29 17:01:00,1788022860000,4462.12,4462.12,4462.12,4462.12,0.0015
2026-08-29 17:02:00,1788022920000,4462.12,4462.12,4462.12,4462.12,0.0776
2026-08-29 17:03:00,1788022980000,4462.11,4462.12,4462.11,4462.12,0.096
2026-08-29 17:04:00,1788023040000,4462.12,4462.12,4462.12,4462.12,0.022
2026-08-29 17:05:00,1788023100000,4462.12,4462.12,4462.11,4462.11,0.0517
2026-08-29 17:06:00,1788023160000,4462.11,4462.12,4462.11,4462.11,0.0108
2026-08-29 17:07:00,1788023220000,4462.11,4462.12,4462.11,4462.11,0.0109
2026-08-29 17:08:00,1788023280000,4462.12,4462.12,4462.12,4462.12,0.0036
2026-08-29 17:09:00,1788023340000,4462.11,4462.12,4462.11,4462.12,0.0713
2026-08-29 17:10:00,1788023400000,4462.12,4462.12,4462.12,4462.12,0.0104
2026-08-29 17:11:00,1788023460000,4462.12,4462.12,4462.12,4462.12,0.0
2026-08-29 17:12:00,1788023520000,4462.12,4462.12,4462.12,4462.12,0.0163
2026-08-29 17:13:00,1788023580000,4462.12,4462.12,4462.12,4462.12,0.0256
2026-08-29 17:14:00,1788023640000,4462.11,4462.12,4462.11,4462.12,0.0188
2026-08-29 17:15:00,1788023700000,4462.12,4462.12,4462.12,4462.12,0.0
2026-08-29 17:16:00,1788023760000,4462.12,4462.12,4462.11,4462.11,0.0045
2026-08-29 17:17:00,1788023820000,4462.12,4462.12,4462.12,4462.12,0.0085
2026-08-29 17:18:00,1788023880000,4462.12,4462.12,4462.12,4462.12,0.0182
2026-08-29 17:19:00,1788023940000,4462.12,4462.12,4462.12,4462.12,0.0
2026-08-29 17:20:00,1788024000000,4462.12,4462.12,4462.12,4462.12,0.0084
2026-08-29 17:21:00,1788024060000,4462.11,4462.12,4462.11,4462.12,0.0735
2026-08-29 17:22:00,1788024120000,4462.12,4462.12,4462.12,4462.12,0.0041
2026-08-29 17:23:00,1788024180000,4462.12,4462.12,4462.11,4462.11,0.5122
2026-08-29 17:24:00,1788024240000,4462.12,4462.12,4462.11,4462.11,0.0664
2026-08-29 17:25:00,1788024300000,4462.12,4462.12,4462.11,4462.11,0.0772
2026-08-29 17:26:00,1788024360000,4462.11,4462.12,4462.11,4462.11,0.053
2026-08-29 17:27:00,1788024420000,4462.11,4462.11,4462.11,4462.11,0.0225
2026-08-29 17:28:00,1788024480000,4462.11,4462.11,4461.95,4461.95,0.9006
2026-08-29 17:29:00,1788024540000,4461.96,4461.96,4461.95,4461.95,0.9993
2026-08-29 17:30:00,1788024600000,4461.93,4461.93,4461.92,4461.93,0.0121
2026-08-29 17:31:00,1788024660000,4461.93,4461.95,4461.93,4461.95,1.3514
2026-08-29 17:32:00,1788024720000,4461.94,4461.95,4461.94,4461.95,0.0313
2026-08-29 17:33:00,1788024780000,4461.95,4461.95,4461.95,4461.95,0.0183
2026-08-29 17:34:00,1788024840000,4461.95,4461.95,4461.94,4461.95,0.8189
2026-08-29 17:35:00,1788024900000,4461.95,4461.95,4461.94,4461.94,0.0635
2026-08-29 17:36:00,1788024960000,4461.95,4461.95,4461.94,4461.95,0.0585
2026-08-29 17:37:00,1788025020000,4461.95,4461.95,4461.95,4461.95,4.5787
2026-08-29 17:38:00,1788025080000,4461.95,4461.95,4461.95,4461.95,0.0023
2026-08-29 17:39:00,1788025140000,4461.95,4461.95,4461.94,4461.95,0.4107
2026-08-29 17:40:00,1788025200000,4461.95,4461.97,4461.95,4461.97,0.8002
2026-08-29 17:41:00,1788025260000,4462.37,4462.37,4462.36,4462.36,2.3337
2026-08-29 17:42:00,1788025320000,4462.37,4462.37,4462.37,4462.37,0.0255
2026-08-29 17:43:00,1788025380000,4462.37,4462.37,4462.36,4462.36,0.0866
2026-08-29 17:44:00,1788025440000,4462.37,4462.37,4462.37,4462.37,0.1733
2026-08-29 17:45:00,1788025500000,4462.37,4462.37,4462.37,4462.37,0.0
2026-08-29 17:46:00,1788025560000,4462.37,4462.37,4462.37,4462.37,0.1449
2026-08-29 17:47:00,1788025620000,4462.37,4462.37,4462.37,4462.37,0.0126
2026-08-29 17:48:00,1788025680000,4462.37,4462.37,4462.36,4462.37,0.0088
2026-08-29 17:49:00,1788025740000,4462.37,4462.41,4462.37,4462.41,0.9372
2026-08-29 17:50:00,1788025800000,4462.41,4462.57,4462.41,4462.56,0.5417
2026-08-29 17:51:00,1788025860000,4462.57,4462.57,4462.56,4462.56,0.0054
2026-08-29 17:52:00,1788025920000,4462.57,4462.57,4462.57,4462.57,0.0048
2026-08-29 17:53:00,1788025980000,4462.57,4462.57,4462.57,4462.57,0.1445
2026-08-29 17:54:00,1788026040000,4462.56,4462.56,4462.56,4462.56,0.1568
2026-08-29 17:55:00,1788026100000,4462.57,4462.57,4462.57,4462.57,0.2525
2026-08-29 17:56:00,1788026160000,4462.57,4462.57,4462.56,4462.56,0.0296
2026-08-29 17:57:00,1788026220000,4462.57,4462.57,4462.57,4462.57,0.0314
2026-08-29 17:58:00,1788026280000,4462.57,4462.57,4462.57,4462.57,0.024
2026-08-29 17:59:00,1788026340000,4462.57,4462.57,4462.56,4462.56,0.0461
2026-08-29 18:00:00,1788026400000,4462.57,4462.57,4462.56,4462.57,0.0573
2026-08-29 18:01:00,1788026460000,4462.56,4462.57,4462.56,4462.56,0.2321
2026-08-29 18:02:00,1788026520000,4462.57,4462.57,4462.56,4462.56,0.6749
2026-08-29 18:03:00,1788026580000,4462.57,4462.57,4462.56,4462.56,0.1032
2026-08-29 18:04:00,1788026640000,4462.56,4462.57,4462.56,4462.56,0.1942
2026-08-29 18:05:00,1788026700000,4462.56,4462.56,4462.56,4462.56,0.1113
2026-08-29 18:06:00,1788026760000,4462.57,4462.57,4462.57,4462.57,0.1343
2026-08-29 18:07:00,1788026820000,4462.56,4462.57,4462.56,4462.57,0.0237
2026-08-29 18:08:00,1788026880000,4462.56,4462.56,4462.56,4462.56,0.0224
2026-08-29 18:09:00,1788026940000,4462.57,4462.57,4462.57,4462.57,0.0045
2026-08-29 18:10:00,1788027000000,4462.57,4462.57,4462.56,4462.56,0.0485
2026-08-29 18:11:00,1788027060000,4462.56,4462.57,4462.56,4462.57,1.1082
2026-08-29 18:12:00,1788027120000,4462.57,4462.57,4462.57,4462.57,0.0015
2026-08-29 18:13:00,1788027180000,4462.57,4462.57,4462.57,4462.57,0.0
2026-08-29 18:14:00,1788027240000,4462.56,4462.56,4462.56,4462.56,0.0044
2026-08-29 18:15:00,1788027300000,4462.56,4462.56,4462.56,4462.56,0.0335
2026-08-29 18:16:00,1788027360000,4462.56,4462.56,4462.56,4462.56,0.0
2026-08-29 18:17:00,1788027420000,4462.56,4462.56,4462.56,4462.56,0.0
2026-08-29 18:18:00,1788027480000,4462.56,4462.57,4462.56,4462.57,0.4683
2026-08-29 18:19:00,1788027540000,4462.56,4462.56,4462.56,4462.56,0.0086
2026-08-29 18:20:00,1788027600000,4462.57,4462.57,4462.57,4462.57,0.0037
2026-08-29 18:21:00,1788027660000,4462.57,4462.57,4462.57,4462.57,0.0198
2026-08-29 18:22:00,1788027720000,4462.57,4462.57,4462.57,4462.57,0.0772
2026-08-29 18:23:00,1788027780000,4462.57,4462.57,4462.57,4462.57,0.112
2026-08-29 18:24:00,1788027840000,4462.57,4462.57,4462.57,4462.57,0.0
2026-08-29 18:25:00,1788027900000,4462.56,4462.56,4462.56,4462.56,0.0744
2026-08-29 18:26:00,1788027960000,4462.56,4462.56,4462.56,4462.56,0.0672
2026-08-29 18:27:00,1788028020000,4462.57,4462.57,4462.57,4462.57,0.0018
2026-08-29 18:28:00,1788028080000,4462.56,4462.56,4462.56,4462.56,0.015
2026-08-29 18:29:00,1788028140000,4462.56,4462.56,4462.55,4462.55,0.5581
2026-08-29 18:30:00,1788028200000,4462.47,4462.47,4462.47,4462.47,0.0107
2026-08-29 18:31:00,1788028260000,4462.47,4462.47,4462.47,4462.47,0.0
2026-08-29 18:32:00,1788028320000,4462.47,4462.47,4462.47,4462.47,0.0024
2026-08-29 18:33:00,1788028380000,4462.46,4462.46,4462.46,4462.46,1.4438
2026-08-29 18:34:00,1788028440000,4462.46,4462.47,4462.46,4462.47,0.0158
2026-08-29 18:35:00,1788028500000,4462.47,4462.47,4462.47,4462.47,0.5
2026-08-29 18:36:00,1788028560000,4462.47,4462.47,4462.46,4462.46,0.0079
2026-08-29 18:37:00,1788028620000,4462.46,4462.46,4462.46,4462.46,0.0224
2026-08-29 18:38:00,1788028680000,4462.47,4462.47,4462.47,4462.47,0.0676
2026-08-29 18:39:00,1788028740000,4462.47,4462.47,4462.46,4462.47,0.0337
2026-08-29 18:40:00,1788028800000,4462.47,4462.47,4462.47,4462.47,0.0124
2026-08-29 18:41:00,1788028860000,4462.47,4462.47,4462.47,4462.47,0.0322
2026-08-29 18:42:00,1788028920000,4462.47,4462.47,4462.47,4462.47,0.0188
2026-08-29 18:43:00,1788028980000,4462.47,4462.47,4462.47,4462.47,0.0546
2026-08-29 18:44:00,1788029040000,4462.47,4462.47,4462.47,4462.47,0.0171
2026-08-29 18:45:00,1788029100000,4462.47,4462.47,4462.46,4462.46,0.0413
2026-08-29 18:46:00,1788029160000,4462.47,4462.47,4462.47,4462.47,0.017
2026-08-29 18:47:00,1788029220000,4462.47,4462.47,4462.47,4462.47,0.012
2026-08-29 18:48:00,1788029280000,4462.47,4462.47,4462.47,4462.47,0.0158
2026-08-29 18:49:00,1788029340000,4462.47,4462.47,4462.47,4462.47,0.2235
2026-08-29 18:50:00,1788029400000,4462.47,4462.47,4462.46,4462.47,0.2892
2026-08-29 18:51:00,1788029460000,4462.47,4462.47,4462.47,4462.47,0.2058
2026-08-29 18:52:00,1788029520000,4462.47,4462.47,4462.47,4462.47,0.0245
2026-08-29 18:53:00,1788029580000,4462.47,4462.47,4462.47,4462.47,0.0163
2026-08-29 18:54:00,1788029640000,4462.47,4462.47,4462.46,4462.46,0.6776
2026-08-29 18:55:00,1788029700000,4462.47,4462.47,4462.46,4462.46,0.5424
2026-08-29 18:56:00,1788029760000,4462.47,4462.47,4462.47,4462.47,0.0711
2026-08-29 18:57:00,1788029820000,4462.47,4462.47,4462.47,4462.47,0.019
2026-08-29 18:58:00,1788029880000,4462.47,4462.47,4462.47,4462.47,0.0281
2026-08-29 18:59:00,1788029940000,4462.47,4462.47,4462.47,4462.47,0.0096
2026-08-29 19:00:00,1788030000000,4462.47,4462.47,4462.47,4462.47,0.0209
2026-08-29 19:01:00,1788030060000,4462.47,4462.47,4462.47,4462.47,0.0116
2026-08-29 19:02:00,1788030120000,4462.47,4462.47,4462.47,4462.47,0.0143
2026-08-29 19:03:00,1788030180000,4462.47,4462.47,4462.47,4462.47,0.13
2026-08-29 19:04:00,1788030240000,4462.47,4462.47,4462.46,4462.46,0.0188
2026-08-29 19:05:00,1788030300000,4462.47,4462.47,4462.47,4462.47,0.0169
2026-08-29 19:06:00,1788030360000,4462.47,4462.47,4462.46,4462.46,0.0083
2026-08-29 19:07:00,1788030420000,4462.47,4462.47,4462.47,4462.47,0.0075
2026-08-29 19:08:00,1788030480000,4462.47,4462.47,4462.47,4462.47,0.015
2026-08-29 19:09:00,1788030540000,4462.47,4462.47,4462.46,4462.47,0.0988
2026-08-29 19:10:00,1788030600000,4462.47,4462.47,4462.47,4462.47,0.0094
2026-08-29 19:11:00,1788030660000,4462.47,4462.47,4462.47,4462.47,0.0297
2026-08-29 19:12:00,1788030720000,4462.47,4462.47,4462.47,4462.47,0.0198
2026-08-29 19:13:00,1788030780000,4462.47,4462.47,4462.47,4462.47,0.0069
2026-08-29 19:14:00,1788030840000,4462.47,4462.47,4462.47,4462.47,0.0311
2026-08-29 19:15:00,1788030900000,4462.47,4462.47,4462.47,4462.47,0.16
2026-08-29 19:16:00,1788030960000,4462.47,4462.47,4462.47,4462.47,0.2508
2026-08-29 19:17:00,1788031020000,4462.47,4462.47,4461.97,4461.97,0.0772
2026-08-29 19:18:00,1788031080000,4461.92,4461.92,4461.91,4461.92,0.1939
2026-08-29 19:19:00,1788031140000,4461.92,4461.92,4461.92,4461.92,0.0216
2026-08-29 19:20:00,1788031200000,4461.92,4461.92,4461.92,4461.92,0.0171
2026-08-29 19:21:00,1788031260000,4461.92,4461.92,4461.91,4461.92,0.0204
2026-08-29 19:22:00,1788031320000,4461.92,4461.92,4461.92,4461.92,0.0048
2026-08-29 19:23:00,1788031380000,4461.92,4461.92,4461.92,4461.92,0.1474
2026-08-29 19:24:00,1788031440000,4461.91,4461.91,4461.91,4461.91,1.0098
2026-08-29 19:25:00,1788031500000,4461.92,4461.92,4461.91,4461.92,0.0367
2026-08-29 19:26:00,1788031560000,4461.92,4461.92,4461.91,4461.91,0.0304
2026-08-29 19:27:00,1788031620000,4461.92,4461.92,4461.4,4461.4,1.125
2026-08-29 19:28:00,1788031680000,4461.4,4461.41,4461.4,4461.4,0.0802
2026-08-29 19:29:00,1788031740000,4461.41,4461.41,4461.4,4461.4,0.1281
2026-08-29 19:30:00,1788031800000,4461.4,4461.41,4461.4,4461.4,0.1408
2026-08-29 19:31:00,1788031860000,4461.41,4461.41,4461.4,4461.4,0.228
2026-08-29 19:32:00,1788031920000,4461.4,4461.41,4461.4,4461.4,0.0713
2026-08-29 19:33:00,1788031980000,4461.4,4461.41,4461.4,4461.4,0.1004
2026-08-29 19:34:00,1788032040000,4461.41,4461.41,4461.4,4461.4,0.7724
2026-08-29 19:35:00,1788032100000,4461.4,4461.4,4461.4,4461.4,0.0751
2026-08-29 19:36:00,1788032160000,4461.4,4461.41,4461.4,4461.4,0.0572
2026-08-29 19:37:00,1788032220000,4461.4,4461.4,4461.4,4461.4,0.0345
2026-08-29 19:38:00,1788032280000,4461.4,4461.41,4461.4,4461.4,0.0608
2026-08-29 19:39:00,1788032340000,4461.4,4461.4,4460.95,4460.95,4.6082
2026-08-29 19:40:00,1788032400000,4460.95,4460.96,4460.95,4460.95,0.1
2026-08-29 19:41:00,1788032460000,4460.96,4460.96,4460.95,4460.95,0.9078
2026-08-29 19:42:00,1788032520000,4460.95,4460.95,4460.95,4460.95,0.0291
2026-08-29 19:43:00,1788032580000,4460.95,4460.95,4460.95,4460.95,0.0523
2026-08-29 19:44:00,1788032640000,4460.95,4460.95,4460.95,4460.95,0.0305
2026-08-29 19:45:00,1788032700000,4460.95,4460.96,4460.95,4460.95,0.1594
2026-08-29 19:46:00,1788032760000,4460.95,4460.95,4460.95,4460.95,0.0226
2026-08-29 19:47:00,1788032820000,4460.95,4460.95,4460.95,4460.95,0.0124
2026-08-29 19:48:00,1788032880000,4460.95,4460.95,4460.95,4460.95,0.0158
2026-08-29 19:49:00,1788032940000,4460.95,4460.95,4460.95,4460.95,0.0171
2026-08-29 19:50:00,1788033000000,4460.95,4460.95,4460.95,4460.95,0.3132
2026-08-29 19:51:00,1788033060000,4460.95,4460.95,4460.95,4460.95,0.0237
2026-08-29 19:52:00,1788033120000,4460.95,4460.96,4460.95,4460.95,0.0181
2026-08-29 19:53:00,1788033180000,4460.95,4460.95,4460.95,4460.95,0.0133
2026-08-29 19:54:00,1788033240000,4460.95,4460.95,4460.95,4460.95,0.014
2026-08-29 19:55:00,1788033300000,4460.95,4460.95,4460.95,4460.95,0.0094
2026-08-29 19:56:00,1788033360000,4460.95,4460.95,4460.95,4460.95,0.0164
2026-08-29 19:57:00,1788033420000,4460.95,4460.96,4460.23,4460.23,2.5212
2026-08-29 19:58:00,1788033480000,4460.24,4460.24,4460.23,4460.23,0.2898
2026-08-29 19:59:00,1788033540000,4460.23,4460.24,4460.23,4460.23,0.048
2026-08-29 20:00:00,1788033600000,4460.24,4460.24,4460.23,4460.23,0.0388
2026-08-29 20:01:00,1788033660000,4460.23,4460.23,4460.23,4460.23,0.034
2026-08-29 20:02:00,1788033720000,4460.23,4460.24,4460.23,4460.23,0.0691
2026-08-29 20:03:00,1788033780000,4460.23,4460.24,4460.23,4460.23,0.0391
2026-08-29 20:04:00,1788033840000,4460.24,4460.24,4460.23,4460.23,0.0174
2026-08-29 20:05:00,1788033900000,4460.24,4460.24,4460.24,4460.24,0.0081
2026-08-29 20:06:00,1788033960000,4460.24,4460.24,4460.24,4460.24,0.0
2026-08-29 20:07:00,1788034020000,4460.24,4460.24,4460.24,4460.24,0.1054
2026-08-29 20:08:00,1788034080000,4460.24,4460.24,4460.24,4460.24,0.0
2026-08-29 20:09:00,1788034140000,4460.23,4460.24,4460.23,4460.24,0.0125
2026-08-29 20:10:00,1788034200000,4460.24,4460.24,4460.24,4460.24,0.0
2026-08-29 20:11:00,1788034260000,4460.23,4460.23,4460.23,4460.23,0.2678
2026-08-29 20:12:00,1788034320000,4460.24,4460.24,4460.23,4460.23,0.0034
2026-08-29 20:13:00,1788034380000,4460.24,4460.24,4460.24,4460.24,0.0024
2026-08-29 20:14:00,1788034440000,4460.24,4460.24,4460.24,4460.24,0.0
2026-08-29 20:15:00,1788034500000,4460.24,4460.24,4460.24,4460.24,1.6785
2026-08-29 20:16:00,1788034560000,4460.24,4460.24,4460.24,4460.24,0.0105
2026-08-29 20:17:00,1788034620000,4460.24,4460.24,4460.24,4460.24,0.0224
2026-08-29 20:18:00,1788034680000,4460.24,4460.24,4460.24,4460.24,0.0318
2026-08-29 20:19:00,1788034740000,4460.23,4460.24,4460.23,4460.24,0.0118
2026-08-29 20:20:00,1788034800000,4460.24,4460.24,4460.23,4460.23,0.0277
2026-08-29 20:21:00,1788034860000,4460.24,4460.24,4460.23,4460.23,0.0039
2026-08-29 20:22:00,1788034920000,4460.24,4460.24,4460.24,4460.24,0.0121
2026-08-29 20:23:00,1788034980000,4460.24,4460.24,4460.24,4460.24,0.0836
2026-08-29 20:24:00,1788035040000,4460.24,4460.24,4460.23,4460.23,0.0864
2026-08-29 20:25:00,1788035100000,4460.23,4460.23,4460.23,4460.23,0.0
2026-08-29 20:26:00,1788035160000,4460.24,4460.55,4460.24,4460.54,3.6694
2026-08-29 20:27:00,1788035220000,4460.54,4460.54,4460.54,4460.54,0.0
2026-08-29 20:28:00,1788035280000,4460.54,4460.55,4460.54,4460.55,0.0088
2026-08-29 20:29:00,1788035340000,4460.55,4460.55,4460.55,4460.55,0.0451
2026-08-29 20:30:00,1788035400000,4460.55,4460.55,4460.55,4460.55,1.1231
2026-08-29 20:31:00,1788035460000,4460.55,4460.55,4460.55,4460.55,0.0
2026-08-29 20:32:00,1788035520000,4460.55,4460.55,4460.55,4460.55,0.0
2026-08-29 20:33:00,1788035580000,4460.54,4460.54,4460.54,4460.54,0.0191
2026-08-29 20:34:00,1788035640000,4460.55,4460.55,4460.55,4460.55,0.9838
2026-08-29 20:35:00,1788035700000,4460.54,4460.54,4460.41,4460.46,4.8726
2026-08-29 20:36:00,1788035760000,4460.45,4460.45,4460.02,4460.02,5.853
2026-08-29 20:37:00,1788035820000,4460.02,4460.3,4460.02,4460.3,1.8834
2026-08-29 20:38:00,1788035880000,4460.3,4460.3,4460.3,4460.3,0.0
2026-08-29 20:39:00,1788035940000,4460.37,4460.37,4460.37,4460.37,0.1202
2026-08-29 20:40:00,1788036000000,4460.37,4460.37,4460.37,4460.37,0.0016
2026-08-29 20:41:00,1788036060000,4460.37,4460.37,4460.37,4460.37,0.0
2026-08-29 20:42:00,1788036120000,4460.36,4460.37,4460.36,4460.37,0.1587
2026-08-29 20:43:00,1788036180000,4460.37,4460.37,4460.37,4460.37,0.0104
2026-08-29 20:44:00,1788036240000,4460.37,4460.37,4460.37,4460.37,0.2253
2026-08-29 20:45:00,1788036300000,4460.37,4460.37,4460.37,4460.37,0.0784
2026-08-29 20:46:00,1788036360000,4460.37,4460.37,4460.37,4460.37,0.0
2026-08-29 20:47:00,1788036420000,4460.36,4460.36,4460.36,4460.36,0.0021
2026-08-29 20:48:00,1788036480000,4460.37,4460.37,4460.37,4460.37,0.0024
2026-08-29 20:49:00,1788036540000,4460.37,4460.37,4460.37,4460.37,0.0207
2026-08-29 20:50:00,1788036600000,4460.36,4460.37,4460.36,4460.37,0.0931
2026-08-29 20:51:00,1788036660000,4460.37,4460.37,4460.36,4460.36,0.013
2026-08-29 20:52:00,1788036720000,4460.37,4460.37,4460.37,4460.37,0.0025
2026-08-29 20:53:00,1788036780000,4460.37,4460.37,4460.37,4460.37,0.0024
2026-08-29 20:54:00,1788036840000,4460.37,4460.37,4460.37,4460.37,0.002
2026-08-29 20:55:00,1788036900000,4460.37,4460.37,4460.36,4460.36,0.054
2026-08-29 20:56:00,1788036960000,4460.37,4460.37,4460.36,4460.36,0.3867
2026-08-29 20:57:00,1788037020000,4460.37,4460.37,4460.37,4460.37,0.2961
2026-08-29 20:58:00,1788037080000,4460.37,4460.37,4460.37,4460.37,0.5508
2026-08-29 20:59:00,1788037140000,4460.37,4460.37,4460.37,4460.37,0.1943
2026-08-29 21:00:00,1788037200000,4460.37,4460.37,4460.37,4460.37,0.163
2026-08-29 21:01:00,1788037260000,4460.37,4467.1,4460.17,4461.11,132.0969
2026-08-29 21:02:00,1788037320000,4461.11,4461.11,4461.11,4461.11,0.3029
2026-08-29 21:03:00,1788037380000,4461.11,4461.55,4461.11,4461.55,2.4357
2026-08-29 21:04:00,1788037440000,4461.56,4461.56,4461.56,4461.56,0.0047
2026-08-29 21:05:00,1788037500000,4461.56,4461.56,4461.56,4461.56,0.0029
2026-08-29 21:06:00,1788037560000,4461.55,4461.55,4461.55,4461.55,0.1384
2026-08-29 21:07:00,1788037620000,4461.56,4461.56,4461.56,4461.56,0.0055
2026-08-29 21:08:00,1788037680000,4461.55,4461.56,4461.55,4461.56,0.0713
2026-08-29 21:09:00,1788037740000,4461.56,4461.56,4461.56,4461.56,0.0015
2026-08-29 21:10:00,1788037800000,4461.56,4461.56,4461.56,4461.56,0.0388
2026-08-29 21:11:00,1788037860000,4461.56,4461.56,4461.55,4461.56,1.244
2026-08-29 21:12:00,1788037920000,4461.56,4461.56,4461.56,4461.56,0.0014
2026-08-29 21:13:00,1788037980000,4461.55,4461.55,4461.55,4461.55,0.0022
2026-08-29 21:14:00,1788038040000,4461.56,4461.56,4461.56,4461.56,0.0135
2026-08-29 21:15:00,1788038100000,4461.55,4461.55,4461.55,4461.55,0.0022
2026-08-29 21:16:00,1788038160000,4461.55,4461.56,4461.55,4461.56,0.0537
2026-08-29 21:17:00,1788038220000,4461.56,4461.56,4461.56,4461.56,0.0
2026-08-29 21:18:00,1788038280000,4461.56,4461.56,4461.56,4461.56,0.2744
2026-08-29 21:19:00,1788038340000,4461.56,4461.56,4461.56,4461.56,0.0
2026-08-29 21:20:00,1788038400000,4461.56,4461.56,4461.56,4461.56,0.0
2026-08-29 21:21:00,1788038460000,4461.55,4461.55,4461.23,4461.24,2.3255
2026-08-29 21:22:00,1788038520000,4461.23,4461.23,4461.23,4461.23,0.0429
2026-08-29 21:23:00,1788038580000,4461.24,4461.24,4461.23,4461.23,0.1091
2026-08-29 21:24:00,1788038640000,4461.24,4461.73,4461.24,4461.73,4.3968
2026-08-29 21:25:00,1788038700000,4461.73,4461.73,4461.73,4461.73,0.0033
2026-08-29 21:26:00,1788038760000,4461.73,4461.73,4461.73,4461.73,0.0
2026-08-29 21:27:00,1788038820000,4461.73,4461.73,4461.73,4461.73,0.0034
2026-08-29 21:28:00,1788038880000,4461.73,4461.73,4461.73,4461.73,0.0
2026-08-29 21:29:00,1788038940000,4461.73,4461.73,4461.73,4461.73,0.0045
2026-08-29 21:30:00,1788039000000,4461.72,4461.72,4461.72,4461.72,0.0241
2026-08-29 21:31:00,1788039060000,4461.73,4461.98,4461.73,4461.98,4.9264
2026-08-29 21:32:00,1788039120000,4461.97,4461.97,4461.03,4461.04,7.0893
2026-08-29 21:33:00,1788039180000,4461.04,4461.04,4461.04,4461.04,0.0
2026-08-29 21:34:00,1788039240000,4461.04,4461.04,4461.04,4461.04,0.0047
2026-08-29 21:35:00,1788039300000,4461.04,4461.04,4461.04,4461.04,0.0
2026-08-29 21:36:00,1788039360000,4461.04,4461.04,4461.03,4461.04,0.2412
2026-08-29 21:37:00,1788039420000,4461.04,4461.04,4461.04,4461.04,0.0
2026-08-29 21:38:00,1788039480000,4461.04,4461.08,4461.04,4461.08,0.8024
2026-08-29 21:39:00,1788039540000,4461.09,4461.09,4461.08,4461.08,0.6336
2026-08-29 21:40:00,1788039600000,4461.09,4462.12,4461.09,4461.75,2.5901
2026-08-29 21:41:00,1788039660000,4461.75,4461.75,4461.75,4461.75,0.0021
2026-08-29 21:42:00,1788039720000,4461.75,4461.75,4461.75,4461.75,0.0
2026-08-29 21:43:00,1788039780000,4461.42,4461.71,4461.11,4461.71,1.845
2026-08-29 21:44:00,1788039840000,4461.71,4461.71,4461.71,4461.71,0.0
2026-08-29 21:45:00,1788039900000,4461.72,4461.72,4461.71,4461.71,0.0328
2026-08-29 21:46:00,1788039960000,4461.71,4461.71,4461.71,4461.71,0.0
2026-08-29 21:47:00,1788040020000,4461.19,4461.2,4461.19,4461.2,0.0673
2026-08-29 21:48:00,1788040080000,4461.19,4461.19,4461.1,4461.19,1.4839
2026-08-29 21:49:00,1788040140000,4461.18,4461.18,4461.17,4461.17,0.0281
2026-08-29 21:50:00,1788040200000,4461.17,4461.17,4461.17,4461.17,0.0199
2026-08-29 21:51:00,1788040260000,4461.18,4461.39,4461.18,4461.39,2.7835
2026-08-29 21:52:00,1788040320000,4461.18,4461.18,4461.17,4461.18,0.0951
2026-08-29 21:53:00,1788040380000,4461.18,4461.18,4461.18,4461.18,0.0
2026-08-29 21:54:00,1788040440000,4461.18,4461.18,4461.18,4461.18,0.0463
2026-08-29 21:55:00,1788040500000,4461.18,4461.18,4461.18,4461.18,0.0
2026-08-29 21:56:00,1788040560000,4461.18,4461.18,4461.18,4461.18,0.0048
2026-08-29 21:57:00,1788040620000,4461.18,4461.18,4461.18,4461.18,0.0
2026-08-29 21:58:00,1788040680000,4461.18,4461.18,4461.18,4461.18,0.007
2026-08-29 21:59:00,1788040740000,4461.17,4461.17,4461.17,4461.17,0.0031
2026-08-29 22:00:00,1788040800000,4461.18,4461.76,4461.18,4461.45,1.9154
2026-08-29 22:01:00,1788040860000,4461.45,4461.45,4461.45,4461.45,0.0
2026-08-29 22:02:00,1788040920000,4461.45,4461.45,4461.45,4461.45,0.0
2026-08-29 22:03:00,1788040980000,4461.45,4461.45,4461.45,4461.45,0.0
2026-08-29 22:04:00,1788041040000,4461.77,4461.77,4461.77,4461.77,0.0047
2026-08-29 22:05:00,1788041100000,4461.77,4461.77,4461.77,4461.77,0.0305
2026-08-29 22:06:00,1788041160000,4461.77,4461.77,4461.77,4461.77,1.3493
2026-08-29 22:07:00,1788041220000,4461.77,4461.77,4461.77,4461.77,1.0982
2026-08-29 22:08:00,1788041280000,4461.77,4461.77,4461.77,4461.77,0.0
2026-08-29 22:09:00,1788041340000,4461.76,4461.76,4461.76,4461.76,0.0013
2026-08-29 22:10:00,1788041400000,4461.76,4461.76,4461.76,4461.76,0.0
2026-08-29 22:11:00,1788041460000,4461.77,4461.77,4461.76,4461.76,0.6758
2026-08-29 22:12:00,1788041520000,4461.76,4461.77,4461.76,4461.77,1.0387
2026-08-29 22:13:00,1788041580000,4461.77,4461.77,4461.77,4461.77,0.5603
2026-08-29 22:14:00,1788041640000,4461.77,4461.77,4461.76,4461.76,0.4126
2026-08-29 22:15:00,1788041700000,4461.77,4461.77,4461.77,4461.77,0.3566
2026-08-29 22:16:00,1788041760000,4461.76,4461.77,4461.76,4461.77,0.0516
2026-08-29 22:17:00,1788041820000,4461.77,4461.77,4461.62,4461.62,0.8707
2026-08-29 22:18:00,1788041880000,4461.63,4461.63,4461.63,4461.63,0.1369
2026-08-29 22:19:00,1788041940000,4461.63,4461.63,4461.63,4461.63,0.061
2026-08-29 22:20:00,1788042000000,4461.63,4461.63,4461.62,4461.62,0.1039
2026-08-29 22:21:00,1788042060000,4461.63,4461.63,4461.63,4461.63,0.1148
2026-08-29 22:22:00,1788042120000,4461.63,4461.63,4461.63,4461.63,0.0
2026-08-29 22:23:00,1788042180000,4461.63,4461.63,4461.63,4461.63,0.0
2026-08-29 22:24:00,1788042240000,4461.63,4461.63,4461.63,4461.63,0.0
2026-08-29 22:25:00,1788042300000,4461.63,4461.63,4461.63,4461.63,0.0
2026-08-29 22:26:00,1788042360000,4461.62,4461.62,4461.48,4461.62,2.4214
2026-08-29 22:27:00,1788042420000,4461.62,4461.62,4461.62,4461.62,0.0
2026-08-29 22:28:00,1788042480000,4461.62,4461.62,4461.62,4461.62,0.0015
2026-08-29 22:29:00,1788042540000,4461.62,4461.62,4461.62,4461.62,0.0
2026-08-29 22:30:00,1788042600000,4461.63,4461.63,4461.63,4461.63,0.7997
2026-08-29 22:31:00,1788042660000,4461.63,4461.63,4461.63,4461.63,0.0
2026-08-29 22:32:00,1788042720000,4462.15,4462.15,4462.15,4462.15,0.0449
2026-08-29 22:33:00,1788042780000,4462.15,4462.15,4462.15,4462.15,0.0022
2026-08-29 22:34:00,1788042840000,4462.15,4462.15,4462.14,4462.14,0.4826
2026-08-29 22:35:00,1788042900000,4462.14,4462.14,4462.14,4462.14,0.0
2026-08-29 22:36:00,1788042960000,4462.14,4462.14,4462.14,4462.14,0.0
2026-08-29 22:37:00,1788043020000,4462.14,4462.15,4462.14,4462.15,0.0159
2026-08-29 22:38:00,1788043080000,4462.15,4462.15,4462.15,4462.15,0.7731
2026-08-29 22:39:00,1788043140000,4462.15,4462.15,4462.15,4462.15,0.0
2026-08-29 22:40:00,1788043200000,4462.33,4462.33,4462.33,4462.33,0.0113
2026-08-29 22:41:00,1788043260000,4462.33,4462.34,4462.33,4462.33,0.2273
2026-08-29 22:42:00,1788043320000,4462.33,4462.33,4462.33,4462.33,0.0762
2026-08-29 22:43:00,1788043380000,4462.33,4462.33,4462.33,4462.33,0.2206
2026-08-29 22:44:00,1788043440000,4462.33,4462.33,4462.33,4462.33,0.1031
2026-08-29 22:45:00,1788043500000,4462.33,4462.33,4462.33,4462.33,0.1039
2026-08-29 22:46:00,1788043560000,4462.33,4462.33,4462.33,4462.33,0.0502
2026-08-29 22:47:00,1788043620000,4462.33,4462.33,4462.33,4462.33,0.0
2026-08-29 22:48:00,1788043680000,4462.33,4462.33,4462.33,4462.33,0.0
2026-08-29 22:49:00,1788043740000,4462.34,4462.34,4462.33,4462.33,0.0521
2026-08-29 22:50:00,1788043800000,4462.33,4462.33,4462.33,4462.33,0.0
2026-08-29 22:51:00,1788043860000,4462.33,4462.33,4462.33,4462.33,0.0
2026-08-29 22:52:00,1788043920000,4462.34,4462.34,4462.34,4462.34,0.0105
2026-08-29 22:53:00,1788043980000,4462.34,4462.34,4462.33,4462.33,0.0125
2026-08-29 22:54:00,1788044040000,4462.33,4462.33,4462.33,4462.33,0.0
2026-08-29 22:55:00,1788044100000,4462.34,4462.34,4462.34,4462.34,0.0039
2026-08-29 22:56:00,1788044160000,4462.34,4462.34,4462.34,4462.34,0.0
2026-08-29 22:57:00,1788044220000,4462.34,4462.34,4462.34,4462.34,0.0
2026-08-29 22:58:00,1788044280000,4462.34,4462.34,4462.34,4462.34,0.0015
2026-08-29 22:59:00,1788044340000,4462.34,4462.34,4462.33,4462.33,0.0308
2026-08-29 23:00:00,1788044400000,4462.33,4462.34,4462.33,4462.34,0.5387
2026-08-29 23:01:00,1788044460000,4462.33,4462.33,4462.33,4462.33,0.0057
2026-08-29 23:02:00,1788044520000,4462.33,4462.33,4462.33,4462.33,0.008
2026-08-29 23:03:00,1788044580000,4462.34,4462.34,4462.34,4462.34,0.0026
2026-08-29 23:04:00,1788044640000,4462.34,4462.34,4462.34,4462.34,0.0113
2026-08-29 23:05:00,1788044700000,4462.33,4462.33,4462.33,4462.33,0.0107
2026-08-29 23:06:00,1788044760000,4462.33,4462.33,4462.33,4462.33,0.0
2026-08-29 23:07:00,1788044820000,4462.33,4462.33,4462.33,4462.33,0.0
2026-08-29 23:08:00,1788044880000,4462.34,4462.34,4462.33,4462.33,0.0043
2026-08-29 23:09:00,1788044940000,4462.33,4462.33,4462.33,4462.33,0.0
2026-08-29 23:10:00,1788045000000,4462.33,4462.33,4462.33,4462.33,0.0896
2026-08-29 23:11:00,1788045060000,4462.33,4462.33,4462.33,4462.33,0.0
2026-08-29 23:12:00,1788045120000,4462.33,4462.34,4462.33,4462.34,0.0588
2026-08-29 23:13:00,1788045180000,4462.34,4462.77,4462.34,4462.77,1.7007
2026-08-29 23:14:00,1788045240000,4462.76,4462.77,4462.76,4462.77,0.1427
2026-08-29 23:15:00,1788045300000,4462.77,4462.77,4462.76,4462.77,0.0375
2026-08-29 23:16:00,1788045360000,4462.77,4462.77,4462.77,4462.77,0.0
2026-08-29 23:17:00,1788045420000,4462.77,4462.77,4462.77,4462.77,0.0
2026-08-29 23:18:00,1788045480000,4462.77,4462.77,4462.77,4462.77,0.0024
2026-08-29 23:19:00,1788045540000,4462.77,4462.77,4462.77,4462.77,0.0024
2026-08-29 23:20:00,1788045600000,4462.77,4462.77,4462.76,4462.77,0.0278
2026-08-29 23:21:00,1788045660000,4462.77,4462.77,4462.77,4462.77,0.0126
2026-08-29 23:22:00,1788045720000,4462.77,4462.77,4462.77,4462.77,0.0557
2026-08-29 23:23:00,1788045780000,4462.77,4462.77,4462.77,4462.77,0.0383
2026-08-29 23:24:00,1788045840000,4462.76,4462.77,4462.76,4462.77,0.0261
2026-08-29 23:25:00,1788045900000,4462.76,4462.77,4462.76,4462.77,0.0324
2026-08-29 23:26:00,1788045960000,4462.77,4462.77,4462.77,4462.77,0.0051
2026-08-29 23:27:00,1788046020000,4462.77,4462.77,4462.77,4462.77,0.0
2026-08-29 23:28:00,1788046080000,4462.77,4462.77,4462.76,4462.77,1.4616
2026-08-29 23:29:00,1788046140000,4462.77,4462.77,4462.77,4462.77,0.0
2026-08-29 23:30:00,1788046200000,4462.77,4462.77,4462.77,4462.77,0.0109
2026-08-29 23:31:00,1788046260000,4462.77,4462.77,4462.77,4462.77,0.6537
2026-08-29 23:32:00,1788046320000,4462.77,4462.77,4462.77,4462.77,0.0
2026-08-29 23:33:00,1788046380000,4462.76,4462.77,4462.76,4462.77,0.1381
2026-08-29 23:34:00,1788046440000,4462.77,4462.77,4462.76,4462.76,0.0311
2026-08-29 23:35:00,1788046500000,4462.77,4462.77,4462.77,4462.77,0.0201
2026-08-29 23:36:00,1788046560000,4462.77,4462.77,4462.77,4462.77,0.021
2026-08-29 23:37:00,1788046620000,4462.77,4462.77,4462.77,4462.77,0.0
2026-08-29 23:38:00,1788046680000,4462.77,4462.77,4462.77,4462.77,0.021
2026-08-29 23:39:00,1788046740000,4462.77,4462.77,4462.77,4462.77,0.0
2026-08-29 23:40:00,1788046800000,4462.77,4462.77,4462.77,4462.77,0.0174
2026-08-29 23:41:00,1788046860000,4462.77,4462.77,4462.77,4462.77,0.0
2026-08-29 23:42:00,1788046920000,4462.77,4462.77,4462.76,4462.76,0.4288
2026-08-29 23:43:00,1788046980000,4462.76,4462.76,4462.76,4462.76,0.0067
2026-08-29 23:44:00,1788047040000,4462.76,4462.77,4462.76,4462.77,1.0629
2026-08-29 23:45:00,1788047100000,4462.77,4462.77,4462.77,4462.77,0.0
2026-08-29 23:46:00,1788047160000,4462.77,4462.77,4462.77,4462.77,1.1322
2026-08-29 23:47:00,1788047220000,4462.76,4462.76,4462.76,4462.76,0.112
2026-08-29 23:48:00,1788047280000,4462.76,4462.76,4462.76,4462.76,0.0
2026-08-29 23:49:00,1788047340000,4462.77,4462.77,4462.77,4462.77,1.2576
2026-08-29 23:50:00,1788047400000,4463.19,4463.2,4463.19,4463.2,0.1224
2026-08-29 23:51:00,1788047460000,4463.2,4463.2,4463.2,4463.2,0.0822
2026-08-29 23:52:00,1788047520000,4463.2,4463.2,4463.2,4463.2,0.4308
2026-08-29 23:53:00,1788047580000,4463.2,4466.31,4463.2,4466.31,2.2266
2026-08-29 23:54:00,1788047640000,4466.6,4466.6,4465.74,4465.74,1.1019
2026-08-29 23:55:00,1788047700000,4465.3,4465.31,4465.3,4465.31,0.5868
2026-08-29 23:56:00,1788047760000,4465.3,4465.3,4465.03,4465.03,1.2415
2026-08-29 23:57:00,1788047820000,4465.03,4465.03,4465.03,4465.03,1.5515
2026-08-29 23:58:00,1788047880000,4465.04,4465.04,4465.03,4465.03,0.0303
2026-08-29 23:59:00,1788047940000,4465.03,4465.03,4464.85,4464.85,0.4651
2026-08-30 00:00:00,1788048000000,4464.86,4464.86,4464.85,4464.86,0.4956
2026-08-30 00:01:00,1788048060000,4464.85,4465.04,4464.85,4465.03,2.2279
2026-08-30 00:02:00,1788048120000,4465.04,4465.53,4464.85,4464.85,10.4024
2026-08-30 00:03:00,1788048180000,4464.86,4464.86,4464.86,4464.86,0.705
2026-08-30 00:04:00,1788048240000,4464.92,4464.92,4464.92,4464.92,0.027
2026-08-30 00:05:00,1788048300000,4464.92,4464.92,4464.92,4464.92,0.0224
2026-08-30 00:06:00,1788048360000,4464.92,4464.92,4464.92,4464.92,0.0
2026-08-30 00:07:00,1788048420000,4464.92,4464.92,4464.92,4464.92,0.0
2026-08-30 00:08:00,1788048480000,4464.92,4464.92,4464.91,4464.91,0.1085
2026-08-30 00:09:00,1788048540000,4464.92,4465.12,4464.91,4465.12,2.1213
2026-08-30 00:10:00,1788048600000,4465.12,4465.12,4465.12,4465.12,0.0
2026-08-30 00:11:00,1788048660000,4465.12,4465.12,4465.12,4465.12,0.083
2026-08-30 00:12:00,1788048720000,4465.12,4465.12,4465.12,4465.12,0.0
2026-08-30 00:13:00,1788048780000,4465.13,4465.42,4465.13,4465.42,4.8067
2026-08-30 00:14:00,1788048840000,4465.42,4465.42,4465.42,4465.42,0.0
2026-08-30 00:15:00,1788048900000,4465.42,4465.42,4465.42,4465.42,0.0
2026-08-30 00:16:00,1788048960000,4465.42,4465.42,4465.42,4465.42,0.0
2026-08-30 00:17:00,1788049020000,4465.15,4465.15,4465.15,4465.15,0.0023
2026-08-30 00:18:00,1788049080000,4465.15,4465.15,4465.15,4465.15,0.0
2026-08-30 00:19:00,1788049140000,4465.15,4465.15,4465.15,4465.15,0.0106
2026-08-30 00:20:00,1788049200000,4465.15,4465.15,4464.92,4464.92,0.0442
2026-08-30 00:21:00,1788049260000,4464.87,4464.87,4464.87,4464.87,0.0236
2026-08-30 00:22:00,1788049320000,4464.87,4464.87,4464.87,4464.87,0.0
2026-08-30 00:23:00,1788049380000,4464.87,4464.87,4464.87,4464.87,0.0
2026-08-30 00:24:00,1788049440000,4464.87,4464.87,4464.87,4464.87,0.0023
2026-08-30 00:25:00,1788049500000,4464.86,4464.86,4464.86,4464.86,0.0022
2026-08-30 00:26:00,1788049560000,4464.86,4464.86,4464.86,4464.86,0.0
2026-08-30 00:27:00,1788049620000,4464.87,4464.87,4464.87,4464.87,0.0089
2026-08-30 00:28:00,1788049680000,4464.87,4464.87,4464.86,4464.86,0.1523
2026-08-30 00:29:00,1788049740000,4464.87,4464.87,4464.87,4464.87,0.0138
2026-08-30 00:30:00,1788049800000,4464.86,4464.86,4464.86,4464.86,0.0611
2026-08-30 00:31:00,1788049860000,4464.87,4464.87,4464.86,4464.86,0.0282
2026-08-30 00:32:00,1788049920000,4464.87,4464.87,4464.86,4464.86,0.0137
2026-08-30 00:33:00,1788049980000,4464.86,4464.86,4464.86,4464.86,0.0411
2026-08-30 00:34:00,1788050040000,4464.87,4464.87,4464.87,4464.87,0.0437
2026-08-30 00:35:00,1788050100000,4464.87,4464.87,4464.86,4464.86,0.0706
2026-08-30 00:36:00,1788050160000,4464.87,4464.87,4464.86,4464.86,0.0269
2026-08-30 00:37:00,1788050220000,4464.86,4464.87,4464.86,4464.87,0.1435
2026-08-30 00:38:00,1788050280000,4464.87,4464.87,4464.87,4464.87,0.6874
2026-08-30 00:39:00,1788050340000,4464.86,4464.86,4464.86,4464.86,0.003
2026-08-30 00:40:00,1788050400000,4464.86,4464.86,4464.86,4464.86,0.0031
2026-08-30 00:41:00,1788050460000,4464.86,4464.86,4464.86,4464.86,0.0
2026-08-30 00:42:00,1788050520000,4464.87,4464.87,4464.86,4464.86,3.4554
2026-08-30 00:43:00,1788050580000,4464.87,4464.87,4464.87,4464.87,0.0035
2026-08-30 00:44:00,1788050640000,4464.86,4464.87,4464.86,4464.87,0.0131
2026-08-30 00:45:00,1788050700000,4464.87,4464.87,4464.87,4464.87,0.0626
2026-08-30 00:46:00,1788050760000,4464.86,4464.87,4464.86,4464.86,0.0077
2026-08-30 00:47:00,1788050820000,4464.87,4464.87,4464.87,4464.87,0.0943
2026-08-30 00:48:00,1788050880000,4464.87,4465.08,4464.87,4464.87,4.5106
2026-08-30 00:49:00,1788050940000,4464.87,4464.87,4464.87,4464.87,0.3495
2026-08-30 00:50:00,1788051000000,4464.87,4464.87,4464.87,4464.87,0.0
2026-08-30 00:51:00,1788051060000,4464.87,4464.87,4464.87,4464.87,0.0
2026-08-30 00:52:00,1788051120000,4464.87,4464.87,4464.87,4464.87,0.0017
2026-08-30 00:53:00,1788051180000,4464.86,4464.87,4464.86,4464.87,0.0295
2026-08-30 00:54:00,1788051240000,4464.87,4464.87,4464.87,4464.87,0.0054
2026-08-30 00:55:00,1788051300000,4464.87,4464.87,4464.87,4464.87,0.0
2026-08-30 00:56:00,1788051360000,4464.87,4464.87,4464.87,4464.87,0.0712
2026-08-30 00:57:00,1788051420000,4464.86,4464.86,4464.86,4464.86,0.0027
2026-08-30 00:58:00,1788051480000,4464.87,4464.87,4464.87,4464.87,0.009
2026-08-30 00:59:00,1788051540000,4464.87,4464.87,4464.86,4464.86,0.1136
2026-08-30 01:00:00,1788051600000,4464.86,4464.87,4464.86,4464.87,0.0423
2026-08-30 01:01:00,1788051660000,4464.87,4464.87,4464.87,4464.87,0.1856
2026-08-30 01:02:00,1788051720000,4464.87,4464.87,4464.87,4464.87,0.0133
2026-08-30 01:03:00,1788051780000,4464.87,4464.87,4464.87,4464.87,0.0136
2026-08-30 01:04:00,1788051840000,4464.87,4464.87,4464.87,4464.87,0.0047
2026-08-30 01:05:00,1788051900000,4464.87,4464.87,4464.87,4464.87,0.0827
2026-08-30 01:06:00,1788051960000,4464.87,4464.87,4464.87,4464.87,0.0
2026-08-30 01:07:00,1788052020000,4464.86,4464.87,4464.86,4464.86,0.0207
2026-08-30 01:08:00,1788052080000,4464.86,4464.86,4464.86,4464.86,0.0032
2026-08-30 01:09:00,1788052140000,4464.86,4464.86,4464.86,4464.86,0.0
2026-08-30 01:10:00,1788052200000,4464.87,4464.87,4464.87,4464.87,0.0223
2026-08-30 01:11:00,1788052260000,4464.87,4464.87,4464.87,4464.87,0.0
2026-08-30 01:12:00,1788052320000,4464.87,4464.87,4464.87,4464.87,0.0
2026-08-30 01:13:00,1788052380000,4464.87,4464.87,4464.87,4464.87,0.0
2026-08-30 01:14:00,1788052440000,4464.87,4464.87,4464.87,4464.87,0.0
2026-08-30 01:15:00,1788052500000,4464.87,4464.87,4464.87,4464.87,0.0
2026-08-30 01:16:00,1788052560000,4464.86,4464.87,4464.86,4464.86,0.0317
2026-08-30 01:17:00,1788052620000,4464.86,4464.86,4464.86,4464.86,0.0
2026-08-30 01:18:00,1788052680000,4464.87,4464.87,4464.87,4464.87,0.0246
2026-08-30 01:19:00,1788052740000,4464.86,4464.87,4464.86,4464.87,0.0254
2026-08-30 01:20:00,1788052800000,4464.87,4465.61,4464.87,4465.61,2.5534
2026-08-30 01:21:00,1788052860000,4465.28,4465.28,4465.28,4465.28,0.0045
2026-08-30 01:22:00,1788052920000,4465.28,4465.28,4465.28,4465.28,0.0414
2026-08-30 01:23:00,1788052980000,4465.28,4465.28,4465.28,4465.28,0.009
2026-08-30 01:24:00,1788053040000,4465.28,4465.28,4465.28,4465.28,0.0
2026-08-30 01:25:00,1788053100000,4465.28,4465.28,4465.28,4465.28,0.0
2026-08-30 01:26:00,1788053160000,4465.28,4465.28,4465.28,4465.28,0.0
2026-08-30 01:27:00,1788053220000,4465.28,4465.28,4465.27,4465.27,0.1911
2026-08-30 01:28:00,1788053280000,4465.27,4465.75,4465.27,4465.75,3.4211
2026-08-30 01:29:00,1788053340000,4465.76,4465.76,4465.76,4465.76,0.027
2026-08-30 01:30:00,1788053400000,4465.76,4465.76,4465.76,4465.76,0.1894
2026-08-30 01:31:00,1788053460000,4465.76,4465.76,4465.76,4465.76,0.0457
2026-08-30 01:32:00,1788053520000,4465.76,4465.76,4465.76,4465.76,0.061
2026-08-30 01:33:00,1788053580000,4465.76,4465.76,4465.75,4465.76,0.3686
2026-08-30 01:34:00,1788053640000,4465.76,4465.76,4465.76,4465.76,0.0747
2026-08-30 01:35:00,1788053700000,4465.76,4465.76,4465.28,4465.28,5.5583
2026-08-30 01:36:00,1788053760000,4465.28,4465.28,4465.27,4465.27,0.0101
2026-08-30 01:37:00,1788053820000,4465.27,4465.27,4465.27,4465.27,0.0
2026-08-30 01:38:00,1788053880000,4465.27,4465.27,4465.27,4465.27,0.0
2026-08-30 01:39:00,1788053940000,4465.27,4465.27,4465.27,4465.27,0.0
2026-08-30 01:40:00,1788054000000,4465.27,4465.27,4465.27,4465.27,0.0244
2026-08-30 01:41:00,1788054060000,4465.27,4465.27,4465.27,4465.27,0.0
2026-08-30 01:42:00,1788054120000,4465.28,4465.28,4465.28,4465.28,0.0311
2026-08-30 01:43:00,1788054180000,4465.28,4465.28,4465.28,4465.28,0.0033
2026-08-30 01:44:00,1788054240000,4465.28,4465.28,4465.28,4465.28,0.0024
2026-08-30 01:45:00,1788054300000,4465.28,4465.28,4465.28,4465.28,0.0
2026-08-30 01:46:00,1788054360000,4465.28,4465.28,4465.28,4465.28,0.0
2026-08-30 01:47:00,1788054420000,4465.28,4465.28,4465.28,4465.28,0.0572
2026-08-30 01:48:00,1788054480000,4465.28,4465.28,4465.28,4465.28,0.0387
2026-08-30 01:49:00,1788054540000,4465.28,4465.28,4465.27,4465.27,0.0599
2026-08-30 01:50:00,1788054600000,4465.28,4465.28,4465.27,4465.28,0.184
2026-08-30 01:51:00,1788054660000,4465.28,4465.28,4465.28,4465.28,0.0
2026-08-30 01:52:00,1788054720000,4465.28,4465.28,4465.28,4465.28,0.1755
2026-08-30 01:53:00,1788054780000,4465.28,4465.28,4465.28,4465.28,0.0
2026-08-30 01:54:00,1788054840000,4465.27,4465.27,4465.27,4465.27,0.0014
2026-08-30 01:55:00,1788054900000,4465.27,4465.28,4465.27,4465.28,0.0458
2026-08-30 01:56:00,1788054960000,4465.28,4465.28,4465.27,4465.28,0.411
2026-08-30 01:57:00,1788055020000,4465.27,4465.27,4465.27,4465.27,1.5094
2026-08-30 01:58:00,1788055080000,4465.28,4465.28,4465.28,4465.28,0.0054
2026-08-30 01:59:00,1788055140000,4465.28,4465.28,4465.28,4465.28,0.0
2026-08-30 02:00:00,1788055200000,4465.28,4465.28,4465.27,4465.28,0.2153
2026-08-30 02:01:00,1788055260000,4465.28,4465.28,4465.27,4465.28,0.3105
2026-08-30 02:02:00,1788055320000,4465.28,4465.28,4465.28,4465.28,0.0272
2026-08-30 02:03:00,1788055380000,4465.28,4465.28,4465.28,4465.28,0.0
2026-08-30 02:04:00,1788055440000,4465.28,4465.28,4465.27,4465.28,1.096
2026-08-30 02:05:00,1788055500000,4465.28,4465.28,4465.28,4465.28,0.2515
2026-08-30 02:06:00,1788055560000,4465.27,4465.28,4465.27,4465.28,0.2514
2026-08-30 02:07:00,1788055620000,4465.28,4465.28,4465.27,4465.28,0.5654
2026-08-30 02:08:00,1788055680000,4465.27,4465.27,4465.0,4465.0,0.4423
2026-08-30 02:09:00,1788055740000,4465.0,4465.0,4465.0,4465.0,0.0
2026-08-30 02:10:00,1788055800000,4465.01,4465.01,4465.01,4465.01,0.1119
2026-08-30 02:11:00,1788055860000,4465.01,4465.01,4465.01,4465.01,0.0
2026-08-30 02:12:00,1788055920000,4465.01,4465.01,4465.01,4465.01,0.0028
2026-08-30 02:13:00,1788055980000,4465.01,4465.01,4465.01,4465.01,0.0012
2026-08-30 02:14:00,1788056040000,4465.01,4465.01,4465.01,4465.01,0.0058
2026-08-30 02:15:00,1788056100000,4465.0,4465.0,4464.42,4464.42,3.231
2026-08-30 02:16:00,1788056160000,4464.42,4464.42,4464.42,4464.42,0.375
2026-08-30 02:17:00,1788056220000,4464.0,4464.0,4464.0,4464.0,0.0335
2026-08-30 02:18:00,1788056280000,4464.0,4464.01,4464.0,4464.01,0.0099
2026-08-30 02:19:00,1788056340000,4464.01,4464.01,4464.01,4464.01,0.0028
2026-08-30 02:20:00,1788056400000,4464.0,4464.01,4464.0,4464.0,0.0209
2026-08-30 02:21:00,1788056460000,4464.0,4464.0,4464.0,4464.0,0.0
2026-08-30 02:22:00,1788056520000,4464.0,4464.0,4464.0,4464.0,0.0036
2026-08-30 02:23:00,1788056580000,4464.0,4464.0,4464.0,4464.0,0.0
2026-08-30 02:24:00,1788056640000,4464.01,4464.01,4464.01,4464.01,0.0056
2026-08-30 02:25:00,1788056700000,4464.01,4464.01,4464.01,4464.01,0.0
2026-08-30 02:26:00,1788056760000,4464.01,4464.01,4464.01,4464.01,0.0
2026-08-30 02:27:00,1788056820000,4464.01,4464.01,4464.01,4464.01,0.0
2026-08-30 02:28:00,1788056880000,4464.01,4464.01,4464.01,4464.01,0.006
2026-08-30 02:29:00,1788056940000,4464.01,4464.01,4464.01,4464.01,0.0
2026-08-30 02:30:00,1788057000000,4464.0,4464.0,4464.0,4464.0,0.0158
2026-08-30 02:31:00,1788057060000,4464.01,4464.01,4464.01,4464.01,0.0592
2026-08-30 02:32:00,1788057120000,4464.01,4464.01,4464.01,4464.01,0.2727
2026-08-30 02:33:00,1788057180000,4464.01,4464.01,4464.01,4464.01,0.0
2026-08-30 02:34:00,1788057240000,4464.01,4464.01,4464.0,4464.0,0.0114
2026-08-30 02:35:00,1788057300000,4464.0,4464.0,4464.0,4464.0,0.03
2026-08-30 02:36:00,1788057360000,4464.0,4464.0,4464.0,4464.0,0.0015
2026-08-30 02:37:00,1788057420000,4464.0,4464.0,4464.0,4464.0,0.0069
2026-08-30 02:38:00,1788057480000,4464.0,4464.0,4464.0,4464.0,0.0634
2026-08-30 02:39:00,1788057540000,4464.0,4464.0,4464.0,4464.0,0.0
2026-08-30 02:40:00,1788057600000,4464.0,4464.0,4464.0,4464.0,0.0018
2026-08-30 02:41:00,1788057660000,4464.0,4464.0,4464.0,4464.0,0.0148
2026-08-30 02:42:00,1788057720000,4464.0,4464.01,4464.0,4464.01,0.256
2026-08-30 02:43:00,1788057780000,4464.01,4464.01,4464.01,4464.01,0.0013
2026-08-30 02:44:00,1788057840000,4464.01,4464.01,4464.01,4464.01,0.0084
2026-08-30 02:45:00,1788057900000,4464.01,4464.01,4464.01,4464.01,0.0
2026-08-30 02:46:00,1788057960000,4464.01,4464.01,4464.01,4464.01,0.0
2026-08-30 02:47:00,1788058020000,4464.01,4464.01,4464.01,4464.01,0.0
2026-08-30 02:48:00,1788058080000,4464.0,4464.0,4463.22,4463.22,0.829
2026-08-30 02:49:00,1788058140000,4463.22,4463.22,4463.22,4463.22,0.0
2026-08-30 02:50:00,1788058200000,4463.22,4463.22,4463.22,4463.22,0.0
2026-08-30 02:51:00,1788058260000,4463.22,4463.22,4463.22,4463.22,0.0128
2026-08-30 02:52:00,1788058320000,4463.22,4463.22,4463.22,4463.22,0.0186
2026-08-30 02:53:00,1788058380000,4463.22,4463.22,4463.22,4463.22,0.0155
2026-08-30 02:54:00,1788058440000,4463.22,4463.22,4463.22,4463.22,0.0135
2026-08-30 02:55:00,1788058500000,4463.22,4463.22,4463.21,4463.22,1.8071
2026-08-30 02:56:00,1788058560000,4463.22,4463.22,4463.22,4463.22,0.0183
2026-08-30 02:57:00,1788058620000,4463.22,4463.22,4463.22,4463.22,0.0235
2026-08-30 02:58:00,1788058680000,4463.21,4463.22,4463.21,4463.22,0.0301
2026-08-30 02:59:00,1788058740000,4463.22,4463.22,4463.21,4463.21,0.1344
2026-08-30 03:00:00,1788058800000,4463.22,4463.22,4463.22,4463.22,0.0239
2026-08-30 03:01:00,1788058860000,4463.22,4463.22,4463.22,4463.22,0.0164
2026-08-30 03:02:00,1788058920000,4463.22,4463.22,4463.21,4463.22,0.0381
2026-08-30 03:03:00,1788058980000,4463.22,4463.22,4463.22,4463.22,0.0138
2026-08-30 03:04:00,1788059040000,4463.22,4463.22,4463.22,4463.22,0.0214
2026-08-30 03:05:00,1788059100000,4463.22,4463.22,4463.22,4463.22,0.0162
2026-08-30 03:06:00,1788059160000,4463.22,4463.22,4463.22,4463.22,0.0378
2026-08-30 03:07:00,1788059220000,4463.22,4463.22,4463.21,4463.22,0.0874
2026-08-30 03:08:00,1788059280000,4463.22,4463.22,4463.21,4463.21,0.0871
2026-08-30 03:09:00,1788059340000,4463.22,4463.22,4463.22,4463.22,0.0131
2026-08-30 03:10:00,1788059400000,4463.22,4463.22,4463.22,4463.22,0.0144
2026-08-30 03:11:00,1788059460000,4463.21,4463.21,4462.76,4462.76,0.7143
2026-08-30 03:12:00,1788059520000,4462.77,4462.77,4462.77,4462.77,0.095
2026-08-30 03:13:00,1788059580000,4462.77,4462.77,4462.76,4462.76,0.0612
2026-08-30 03:14:00,1788059640000,4462.76,4462.76,4462.76,4462.76,0.0
2026-08-30 03:15:00,1788059700000,4462.77,4462.77,4462.77,4462.77,0.0012
2026-08-30 03:16:00,1788059760000,4462.77,4462.77,4462.77,4462.77,0.0018
2026-08-30 03:17:00,1788059820000,4462.77,4462.77,4462.77,4462.77,0.0
2026-08-30 03:18:00,1788059880000,4462.76,4462.77,4462.76,4462.77,0.0059
2026-08-30 03:19:00,1788059940000,4462.77,4462.77,4462.77,4462.77,0.5601
2026-08-30 03:20:00,1788060000000,4462.77,4462.77,4462.77,4462.77,0.0244
2026-08-30 03:21:00,1788060060000,4462.77,4462.77,4462.77,4462.77,0.0
2026-08-30 03:22:00,1788060120000,4462.77,4462.77,4462.77,4462.77,0.0
2026-08-30 03:23:00,1788060180000,4462.77,4462.77,4462.77,4462.77,0.003
2026-08-30 03:24:00,1788060240000,4462.77,4462.77,4462.77,4462.77,0.0
2026-08-30 03:25:00,1788060300000,4462.77,4462.77,4462.76,4462.76,0.2454
2026-08-30 03:26:00,1788060360000,4462.76,4462.76,4462.76,4462.76,0.0
2026-08-30 03:27:00,1788060420000,4462.76,4462.76,4462.76,4462.76,0.0
2026-08-30 03:28:00,1788060480000,4462.77,4462.77,4462.77,4462.77,0.0049
2026-08-30 03:29:00,1788060540000,4462.77,4462.77,4462.77,4462.77,0.0032
2026-08-30 03:30:00,1788060600000,4462.77,4462.77,4462.77,4462.77,0.0022
2026-08-30 03:31:00,1788060660000,4462.77,4462.77,4462.77,4462.77,0.6843
2026-08-30 03:32:00,1788060720000,4462.77,4462.77,4462.77,4462.77,0.0174
2026-08-30 03:33:00,1788060780000,4462.77,4462.77,4462.77,4462.77,0.0
2026-08-30 03:34:00,1788060840000,4462.77,4462.77,4462.77,4462.77,0.0047
2026-08-30 03:35:00,1788060900000,4462.76,4462.76,4462.76,4462.76,0.0018
2026-08-30 03:36:00,1788060960000,4462.76,4462.76,4462.76,4462.76,0.2416
2026-08-30 03:37:00,1788061020000,4462.76,4462.77,4462.76,4462.77,0.2179
2026-08-30 03:38:00,1788061080000,4462.77,4462.77,4462.77,4462.77,0.0
2026-08-30 03:39:00,1788061140000,4462.77,4462.77,4462.77,4462.77,0.0
2026-08-30 03:40:00,1788061200000,4462.76,4462.76,4462.76,4462.76,0.0156
2026-08-30 03:41:00,1788061260000,4462.76,4462.76,4462.76,4462.76,0.0
2026-08-30 03:42:00,1788061320000,4462.77,4462.78,4462.77,4462.78,1.0163
2026-08-30 03:43:00,1788061380000,4462.78,4462.78,4462.78,4462.78,0.1757
2026-08-30 03:44:00,1788061440000,4462.78,4462.78,4462.78,4462.78,0.0049
2026-08-30 03:45:00,1788061500000,4462.78,4462.78,4462.78,4462.78,0.0
2026-08-30 03:46:00,1788061560000,4462.78,4462.78,4462.78,4462.78,0.0159
2026-08-30 03:47:00,1788061620000,4462.78,4462.78,4462.78,4462.78,0.0
2026-08-30 03:48:00,1788061680000,4462.77,4462.78,4462.77,4462.78,0.009
2026-08-30 03:49:00,1788061740000,4462.77,4462.77,4462.77,4462.77,0.011
2026-08-30 03:50:00,1788061800000,4462.77,4462.77,4462.77,4462.77,0.21
2026-08-30 03:51:00,1788061860000,4462.77,4462.77,4462.77,4462.77,0.0165
2026-08-30 03:52:00,1788061920000,4462.77,4462.77,4462.77,4462.77,0.0068
2026-08-30 03:53:00,1788061980000,4462.77,4462.77,4462.77,4462.77,0.0127
2026-08-30 03:54:00,1788062040000,4462.77,4462.77,4462.77,4462.77,0.0097
2026-08-30 03:55:00,1788062100000,4462.77,4462.77,4462.77,4462.77,0.082
2026-08-30 03:56:00,1788062160000,4462.77,4462.77,4462.77,4462.77,0.0734
2026-08-30 03:57:00,1788062220000,4462.78,4462.78,4462.77,4462.77,0.223
2026-08-30 03:58:00,1788062280000,4462.77,4462.77,4462.77,4462.77,0.0453
2026-08-30 03:59:00,1788062340000,4462.77,4462.77,4462.77,4462.77,0.0283
2026-08-30 04:00:00,1788062400000,4462.78,4462.78,4462.77,4462.77,0.0083
2026-08-30 04:01:00,1788062460000,4462.77,4462.77,4462.77,4462.77,0.006
2026-08-30 04:02:00,1788062520000,4462.77,4462.77,4462.77,4462.77,0.0044
2026-08-30 04:03:00,1788062580000,4462.77,4462.78,4462.77,4462.78,0.2779
2026-08-30 04:04:00,1788062640000,4462.77,4462.78,4462.77,4462.77,0.2827
2026-08-30 04:05:00,1788062700000,4462.77,4462.77,4462.77,4462.77,0.037
2026-08-30 04:06:00,1788062760000,4462.77,4462.78,4462.77,4462.77,0.015
2026-08-30 04:07:00,1788062820000,4462.77,4462.78,4462.77,4462.77,0.042
2026-08-30 04:08:00,1788062880000,4462.77,4462.77,4462.77,4462.77,0.0112
2026-08-30 04:09:00,1788062940000,4462.77,4462.77,4462.77,4462.77,0.0115
2026-08-30 04:10:00,1788063000000,4462.76,4462.77,4462.76,4462.77,0.0063
2026-08-30 04:11:00,1788063060000,4462.76,4462.76,4462.76,4462.76,0.0069
2026-08-30 04:12:00,1788063120000,4462.76,4462.77,4462.76,4462.77,0.2683
2026-08-30 04:13:00,1788063180000,4462.76,4462.77,4462.76,4462.77,0.011
2026-08-30 04:14:00,1788063240000,4462.76,4462.77,4462.76,4462.77,0.0542
2026-08-30 04:15:00,1788063300000,4462.76,4462.77,4462.76,4462.76,0.0146
2026-08-30 04:16:00,1788063360000,4462.76,4462.77,4462.76,4462.76,0.0383
2026-08-30 04:17:00,1788063420000,4462.76,4462.76,4462.76,4462.76,0.0558
2026-08-30 04:18:00,1788063480000,4462.76,4462.77,4462.76,4462.76,0.0283
2026-08-30 04:19:00,1788063540000,4462.76,4462.76,4462.76,4462.76,0.1054
2026-08-30 04:20:00,1788063600000,4462.76,4462.77,4462.76,4462.76,0.0478
2026-08-30 04:21:00,1788063660000,4462.76,4462.76,4462.76,4462.76,0.0035
2026-08-30 04:22:00,1788063720000,4462.76,4462.77,4462.76,4462.76,0.0176
2026-08-30 04:23:00,1788063780000,4462.76,4462.77,4462.76,4462.76,0.0596
2026-08-30 04:24:00,1788063840000,4462.76,4462.77,4462.76,4462.76,0.0055
2026-08-30 04:25:00,1788063900000,4462.76,4462.77,4462.76,4462.77,0.0157
2026-08-30 04:26:00,1788063960000,4462.77,4462.77,4462.76,4462.76,0.2142
2026-08-30 04:27:00,1788064020000,4462.76,4462.76,4462.76,4462.76,0.0069
2026-08-30 04:28:00,1788064080000,4462.76,4462.77,4462.76,4462.76,0.0543
2026-08-30 04:29:00,1788064140000,4462.76,4462.76,4462.76,4462.76,0.0046
2026-08-30 04:30:00,1788064200000,4462.76,4462.77,4462.76,4462.77,0.0077
2026-08-30 04:31:00,1788064260000,4462.76,4462.76,4462.76,4462.76,0.0076
2026-08-30 04:32:00,1788064320000,4462.76,4462.76,4462.76,4462.76,0.0049
2026-08-30 04:33:00,1788064380000,4462.76,4462.76,4462.76,4462.76,0.0026
2026-08-30 04:34:00,1788064440000,4462.77,4462.77,4462.76,4462.76,0.0171
2026-08-30 04:35:00,1788064500000,4462.76,4462.76,4462.76,4462.76,0.003
2026-08-30 04:36:00,1788064560000,4462.76,4462.76,4462.76,4462.76,0.0
2026-08-30 04:37:00,1788064620000,4462.77,4462.77,4462.77,4462.77,0.0132
2026-08-30 04:38:00,1788064680000,4462.77,4462.77,4462.77,4462.77,0.2344
2026-08-30 04:39:00,1788064740000,4462.77,4462.77,4462.77,4462.77,0.0
2026-08-30 04:40:00,1788064800000,4462.77,4462.77,4462.77,4462.77,0.0108
2026-08-30 04:41:00,1788064860000,4462.77,4462.77,4462.77,4462.77,0.0
2026-08-30 04:42:00,1788064920000,4462.77,4462.78,4462.77,4462.78,1.0642
2026-08-30 04:43:00,1788064980000,4462.78,4462.78,4462.78,4462.78,0.0
2026-08-30 04:44:00,1788065040000,4462.78,4462.78,4462.34,4462.34,6.7908
2026-08-30 04:45:00,1788065100000,4462.0,4462.0,4460.5,4461.04,6.6363
2026-08-30 04:46:00,1788065160000,4461.05,4461.27,4461.05,4461.27,0.8924
2026-08-30 04:47:00,1788065220000,4461.27,4461.27,4461.27,4461.27,0.0
2026-08-30 04:48:00,1788065280000,4461.27,4461.27,4461.27,4461.27,0.3597
2026-08-30 04:49:00,1788065340000,4461.27,4461.27,4461.27,4461.27,0.0
2026-08-30 04:50:00,1788065400000,4461.27,4461.27,4461.27,4461.27,0.0023
2026-08-30 04:51:00,1788065460000,4461.27,4461.27,4461.26,4461.26,0.0128
2026-08-30 04:52:00,1788065520000,4461.27,4461.27,4461.27,4461.27,0.013
2026-08-30 04:53:00,1788065580000,4461.27,4461.27,4461.27,4461.27,0.0
2026-08-30 04:54:00,1788065640000,4461.27,4461.27,4461.27,4461.27,0.0132
2026-08-30 04:55:00,1788065700000,4461.27,4461.27,4461.27,4461.27,0.0068
2026-08-30 04:56:00,1788065760000,4461.27,4462.73,4461.27,4462.73,2.5078
2026-08-30 04:57:00,1788065820000,4462.72,4462.73,4462.72,4462.73,0.0151
2026-08-30 04:58:00,1788065880000,4462.73,4462.73,4462.73,4462.73,0.0012
2026-08-30 04:59:00,1788065940000,4462.72,4462.72,4462.72,4462.72,0.0044
2026-08-30 05:00:00,1788066000000,4462.73,4462.73,4462.73,4462.73,0.6188
2026-08-30 05:01:00,1788066060000,4462.73,4462.73,4462.72,4462.73,0.0699
2026-08-30 05:02:00,1788066120000,4462.73,4462.73,4462.73,4462.73,0.0
2026-08-30 05:03:00,1788066180000,4462.73,4462.73,4462.73,4462.73,0.0448
2026-08-30 05:04:00,1788066240000,4462.73,4462.73,4462.73,4462.73,0.0167
2026-08-30 05:05:00,1788066300000,4462.73,4462.73,4462.73,4462.73,0.0013
2026-08-30 05:06:00,1788066360000,4462.72,4462.73,4462.72,4462.73,0.026
2026-08-30 05:07:00,1788066420000,4462.73,4462.73,4462.73,4462.73,0.0017
2026-08-30 05:08:00,1788066480000,4462.73,4462.73,4462.72,4462.72,0.0289
2026-08-30 05:09:00,1788066540000,4462.73,4462.73,4462.73,4462.73,0.0056
2026-08-30 05:10:00,1788066600000,4462.73,4462.73,4462.73,4462.73,0.0067
2026-08-30 05:11:00,1788066660000,4462.72,4462.72,4462.72,4462.72,0.1635
2026-08-30 05:12:00,1788066720000,4462.17,4462.17,4462.17,4462.17,0.1019
2026-08-30 05:13:00,1788066780000,4462.17,4462.54,4462.17,4462.54,1.1513
2026-08-30 05:14:00,1788066840000,4462.85,4462.85,4462.85,4462.85,0.0112
2026-08-30 05:15:00,1788066900000,4462.85,4462.85,4462.85,4462.85,1.0112
2026-08-30 05:16:00,1788066960000,4462.86,4462.86,4462.86,4462.86,0.0792
2026-08-30 05:17:00,1788067020000,4462.86,4462.86,4462.85,4462.86,0.0905
2026-08-30 05:18:00,1788067080000,4462.86,4462.86,4462.86,4462.86,0.0743
2026-08-30 05:19:00,1788067140000,4462.86,4462.86,4462.86,4462.86,0.0457
2026-08-30 05:20:00,1788067200000,4462.86,4462.86,4462.86,4462.86,0.0995
2026-08-30 05:21:00,1788067260000,4462.86,4462.86,4462.86,4462.86,0.0684
2026-08-30 05:22:00,1788067320000,4462.86,4462.86,4462.86,4462.86,0.0369
2026-08-30 05:23:00,1788067380000,4462.86,4462.86,4462.85,4462.86,0.1098
2026-08-30 05:24:00,1788067440000,4462.86,4462.86,4462.86,4462.86,0.1037
2026-08-30 05:25:00,1788067500000,4462.86,4462.86,4462.86,4462.86,0.9884
2026-08-30 05:26:00,1788067560000,4462.86,4462.86,4462.86,4462.86,0.0978
2026-08-30 05:27:00,1788067620000,4462.86,4462.86,4462.85,4462.85,0.0946
2026-08-30 05:28:00,1788067680000,4462.86,4462.86,4462.86,4462.86,0.0675
2026-08-30 05:29:00,1788067740000,4462.86,4462.86,4462.86,4462.86,0.0552
2026-08-30 05:30:00,1788067800000,4462.86,4462.86,4462.85,4462.85,0.489
2026-08-30 05:31:00,1788067860000,4462.86,4462.86,4462.86,4462.86,0.007
2026-08-30 05:32:00,1788067920000,4462.86,4462.86,4462.86,4462.86,0.0486
2026-08-30 05:33:00,1788067980000,4462.86,4462.86,4462.86,4462.86,0.0
2026-08-30 05:34:00,1788068040000,4462.85,4462.86,4462.85,4462.86,0.2547
2026-08-30 05:35:00,1788068100000,4462.86,4462.86,4462.86,4462.86,0.224
2026-08-30 05:36:00,1788068160000,4462.85,4462.85,4462.85,4462.85,0.0241
2026-08-30 05:37:00,1788068220000,4462.86,4462.86,4462.86,4462.86,0.0169
2026-08-30 05:38:00,1788068280000,4462.86,4462.86,4462.86,4462.86,0.0
2026-08-30 05:39:00,1788068340000,4462.86,4462.86,4462.86,4462.86,0.0056
2026-08-30 05:40:00,1788068400000,4462.86,4462.86,4462.86,4462.86,0.6758
2026-08-30 05:41:00,1788068460000,4462.85,4462.85,4462.85,4462.85,0.0304
2026-08-30 05:42:00,1788068520000,4462.86,4462.86,4462.86,4462.86,0.022
2026-08-30 05:43:00,1788068580000,4462.86,4462.86,4462.86,4462.86,0.0328
2026-08-30 05:44:00,1788068640000,4462.86,4462.86,4462.85,4462.86,0.1438
2026-08-30 05:45:00,1788068700000,4462.86,4462.86,4462.86,4462.86,0.0172
2026-08-30 05:46:00,1788068760000,4462.86,4463.31,4462.86,4463.01,1.2253
2026-08-30 05:47:00,1788068820000,4463.01,4463.01,4462.87,4462.87,0.037
2026-08-30 05:48:00,1788068880000,4462.87,4462.87,4462.86,4462.86,0.0566
2026-08-30 05:49:00,1788068940000,4462.86,4462.86,4462.86,4462.86,0.0235
2026-08-30 05:50:00,1788069000000,4462.86,4462.86,4462.85,4462.86,0.0896
2026-08-30 05:51:00,1788069060000,4462.86,4462.86,4462.86,4462.86,0.0153
2026-08-30 05:52:00,1788069120000,4462.86,4462.86,4462.86,4462.86,0.0211
2026-08-30 05:53:00,1788069180000,4462.86,4462.86,4462.85,4462.85,0.0291
2026-08-30 05:54:00,1788069240000,4462.86,4462.86,4462.86,4462.86,0.0083
2026-08-30 05:55:00,1788069300000,4462.86,4462.86,4462.86,4462.86,0.0194
2026-08-30 05:56:00,1788069360000,4462.86,4462.86,4462.86,4462.86,0.0157
2026-08-30 05:57:00,1788069420000,4462.86,4462.86,4462.86,4462.86,0.0103
2026-08-30 05:58:00,1788069480000,4462.86,4462.86,4462.86,4462.86,0.0365
2026-08-30 05:59:00,1788069540000,4462.86,4462.86,4462.86,4462.86,0.0121
2026-08-30 06:00:00,1788069600000,4462.86,4462.86,4462.86,4462.86,0.0135
2026-08-30 06:01:00,1788069660000,4462.86,4462.86,4462.86,4462.86,0.0584
2026-08-30 06:02:00,1788069720000,4462.86,4462.86,4462.86,4462.86,0.1781
2026-08-30 06:03:00,1788069780000,4462.86,4462.86,4462.86,4462.86,0.0147
2026-08-30 06:04:00,1788069840000,4462.86,4462.86,4462.86,4462.86,0.0175
2026-08-30 06:05:00,1788069900000,4462.85,4462.86,4462.85,4462.86,1.0213
2026-08-30 06:06:00,1788069960000,4462.85,4462.86,4462.85,4462.86,0.0145
2026-08-30 06:07:00,1788070020000,4462.85,4462.86,4462.85,4462.86,0.0165
2026-08-30 06:08:00,1788070080000,4462.86,4462.86,4462.86,4462.86,0.2108
2026-08-30 06:09:00,1788070140000,4462.86,4462.86,4462.86,4462.86,0.0098
2026-08-30 06:10:00,1788070200000,4462.86,4462.86,4462.86,4462.86,0.0111
2026-08-30 06:11:00,1788070260000,4462.86,4462.86,4462.86,4462.86,0.0158
2026-08-30 06:12:00,1788070320000,4462.86,4462.86,4462.86,4462.86,0.0139
2026-08-30 06:13:00,1788070380000,4462.86,4462.86,4462.86,4462.86,0.0076
2026-08-30 06:14:00,1788070440000,4462.86,4462.86,4462.85,4462.86,0.5281
2026-08-30 06:15:00,1788070500000,4462.86,4462.86,4462.86,4462.86,0.0245
2026-08-30 06:16:00,1788070560000,4462.86,4462.86,4462.86,4462.86,0.008
2026-08-30 06:17:00,1788070620000,4462.86,4462.86,4462.86,4462.86,0.0138
2026-08-30 06:18:00,1788070680000,4462.86,4462.86,4462.86,4462.86,0.0134
2026-08-30 06:19:00,1788070740000,4462.86,4462.86,4462.86,4462.86,0.0124
2026-08-30 06:20:00,1788070800000,4462.86,4462.86,4462.86,4462.86,0.0158
2026-08-30 06:21:00,1788070860000,4462.86,4462.86,4462.86,4462.86,0.012
2026-08-30 06:22:00,1788070920000,4462.86,4462.86,4462.86,4462.86,0.0146
2026-08-30 06:23:00,1788070980000,4462.86,4462.86,4462.86,4462.86,0.0096
2026-08-30 06:24:00,1788071040000,4462.86,4462.86,4462.86,4462.86,0.0095
2026-08-30 06:25:00,1788071100000,4462.86,4462.86,4462.86,4462.86,0.0139
2026-08-30 06:26:00,1788071160000,4462.86,4463.07,4462.86,4463.07,1.1486
2026-08-30 06:27:00,1788071220000,4463.07,4463.07,4463.07,4463.07,0.0271
2026-08-30 06:28:00,1788071280000,4463.07,4463.07,4463.07,4463.07,0.0273
2026-08-30 06:29:00,1788071340000,4463.07,4463.07,4463.07,4463.07,0.0143
2026-08-30 06:30:00,1788071400000,4463.07,4463.07,4463.06,4463.07,0.2348
2026-08-30 06:31:00,1788071460000,4463.07,4463.07,4463.06,4463.07,0.077
2026-08-30 06:32:00,1788071520000,4463.07,4463.07,4463.07,4463.07,0.025
2026-08-30 06:33:00,1788071580000,4463.07,4463.07,4463.07,4463.07,0.0095
2026-08-30 06:34:00,1788071640000,4463.07,4463.07,4463.06,4463.06,0.0255
2026-08-30 06:35:00,1788071700000,4463.07,4463.07,4463.07,4463.07,0.0154
2026-08-30 06:36:00,1788071760000,4463.07,4463.19,4463.07,4463.19,0.9801
2026-08-30 06:37:00,1788071820000,4463.19,4463.19,4463.19,4463.19,0.012
2026-08-30 06:38:00,1788071880000,4463.19,4463.19,4463.19,4463.19,0.0214
2026-08-30 06:39:00,1788071940000,4463.19,4463.19,4463.18,4463.19,0.1225
2026-08-30 06:40:00,1788072000000,4463.19,4463.19,4463.19,4463.19,0.0161
2026-08-30 06:41:00,1788072060000,4463.19,4463.19,4463.19,4463.19,0.018
2026-08-30 06:42:00,1788072120000,4463.19,4463.19,4463.19,4463.19,0.0183
2026-08-30 06:43:00,1788072180000,4463.19,4463.19,4463.19,4463.19,0.2867
2026-08-30 06:44:00,1788072240000,4463.19,4463.19,4463.19,4463.19,0.1131
2026-08-30 06:45:00,1788072300000,4463.19,4463.19,4463.18,4463.18,0.0243
2026-08-30 06:46:00,1788072360000,4463.19,4463.19,4463.18,4463.19,0.4839
2026-08-30 06:47:00,1788072420000,4463.19,4463.19,4463.18,4463.18,0.0673
2026-08-30 06:48:00,1788072480000,4463.18,4463.19,4463.18,4463.18,0.7161
2026-08-30 06:49:00,1788072540000,4463.19,4463.19,4463.18,4463.19,0.1324
2026-08-30 06:50:00,1788072600000,4463.19,4463.19,4463.18,4463.18,0.0757
2026-08-30 06:51:00,1788072660000,4463.18,4463.19,4463.18,4463.18,0.0434
2026-08-30 06:52:00,1788072720000,4463.19,4463.78,4463.18,4463.78,2.7221
2026-08-30 06:53:00,1788072780000,4463.78,4463.79,4463.78,4463.78,0.1444
2026-08-30 06:54:00,1788072840000,4463.79,4463.79,4463.78,4463.78,0.3294
2026-08-30 06:55:00,1788072900000,4463.78,4463.79,4463.78,4463.78,0.091
2026-08-30 06:56:00,1788072960000,4463.78,4463.79,4463.37,4463.37,0.659
2026-08-30 06:57:00,1788073020000,4463.38,4463.38,4463.37,4463.37,1.8116
2026-08-30 06:58:00,1788073080000,4463.37,4463.37,4463.37,4463.37,0.0407
2026-08-30 06:59:00,1788073140000,4463.37,4463.78,4463.37,4463.78,4.0577
2026-08-30 07:00:00,1788073200000,4463.79,4463.79,4463.78,4463.78,0.0481
2026-08-30 07:01:00,1788073260000,4463.79,4463.79,4463.78,4463.78,0.3869
2026-08-30 07:02:00,1788073320000,4463.78,4463.78,4463.78,4463.78,0.0705
2026-08-30 07:03:00,1788073380000,4463.79,4463.79,4463.78,4463.78,0.4747
2026-08-30 07:04:00,1788073440000,4463.78,4463.79,4463.78,4463.79,0.7769
2026-08-30 07:05:00,1788073500000,4463.79,4463.79,4463.78,4463.78,0.0501
2026-08-30 07:06:00,1788073560000,4463.78,4463.78,4463.78,4463.78,0.0396
2026-08-30 07:07:00,1788073620000,4463.78,4463.78,4463.78,4463.78,0.0223
2026-08-30 07:08:00,1788073680000,4463.78,4463.78,4463.72,4463.72,4.5202
2026-08-30 07:09:00,1788073740000,4463.72,4463.72,4463.72,4463.72,0.0505
2026-08-30 07:10:00,1788073800000,4463.72,4463.72,4463.72,4463.72,0.0536
2026-08-30 07:11:00,1788073860000,4463.72,4463.72,4463.72,4463.72,0.0543
2026-08-30 07:12:00,1788073920000,4463.72,4463.73,4463.72,4463.73,0.1466
2026-08-30 07:13:00,1788073980000,4463.72,4464.23,4463.72,4464.23,2.0417
2026-08-30 07:14:00,1788074040000,4464.32,4464.32,4464.32,4464.32,0.038
2026-08-30 07:15:00,1788074100000,4464.32,4464.32,4464.31,4464.32,1.7637
2026-08-30 07:16:00,1788074160000,4464.32,4464.32,4464.31,4464.31,0.0591
2026-08-30 07:17:00,1788074220000,4464.31,4464.31,4464.31,4464.31,0.0287
2026-08-30 07:18:00,1788074280000,4464.31,4464.31,4464.31,4464.31,0.0362
2026-08-30 07:19:00,1788074340000,4464.31,4464.31,4464.31,4464.31,0.0298
2026-08-30 07:20:00,1788074400000,4464.31,4464.31,4464.31,4464.31,0.0195
2026-08-30 07:21:00,1788074460000,4464.31,4464.31,4464.31,4464.31,0.0261
2026-08-30 07:22:00,1788074520000,4464.31,4464.31,4464.31,4464.31,0.0206
2026-08-30 07:23:00,1788074580000,4464.31,4464.31,4464.31,4464.31,0.3097
2026-08-30 07:24:00,1788074640000,4464.31,4464.31,4464.31,4464.31,0.0227
2026-08-30 07:25:00,1788074700000,4464.31,4464.32,4464.31,4464.31,0.036
2026-08-30 07:26:00,1788074760000,4464.31,4464.31,4464.31,4464.31,0.0301
2026-08-30 07:27:00,1788074820000,4464.31,4464.31,4464.31,4464.31,0.0413
2026-08-30 07:28:00,1788074880000,4464.31,4464.31,4464.31,4464.31,0.0211
2026-08-30 07:29:00,1788074940000,4464.31,4464.32,4464.31,4464.31,0.4952
2026-08-30 07:30:00,1788075000000,4464.32,4464.32,4464.31,4464.31,0.0215
2026-08-30 07:31:00,1788075060000,4464.32,4464.32,4464.31,4464.31,0.1077
2026-08-30 07:32:00,1788075120000,4464.31,4464.31,4464.31,4464.31,0.0253
2026-08-30 07:33:00,1788075180000,4464.31,4464.31,4464.31,4464.31,0.0251
2026-08-30 07:34:00,1788075240000,4464.31,4464.32,4464.31,4464.31,0.0382
2026-08-30 07:35:00,1788075300000,4464.31,4464.32,4464.31,4464.32,0.0264
2026-08-30 07:36:00,1788075360000,4464.31,4464.31,4464.31,4464.31,0.0153
2026-08-30 07:37:00,1788075420000,4464.31,4464.31,4464.31,4464.31,0.0362
2026-08-30 07:38:00,1788075480000,4464.31,4464.32,4464.31,4464.31,0.0205
2026-08-30 07:39:00,1788075540000,4464.31,4464.49,4464.31,4464.49,2.2696
2026-08-30 07:40:00,1788075600000,4464.5,4464.5,4464.5,4464.5,1.2181
2026-08-30 07:41:00,1788075660000,4464.52,4464.53,4464.52,4464.53,0.2806
2026-08-30 07:42:00,1788075720000,4464.52,4464.53,4464.52,4464.53,0.0508
2026-08-30 07:43:00,1788075780000,4464.52,4464.52,4464.52,4464.52,0.0524
2026-08-30 07:44:00,1788075840000,4464.52,4464.52,4464.52,4464.52,0.0148
2026-08-30 07:45:00,1788075900000,4464.52,4464.52,4464.52,4464.52,0.0737
2026-08-30 07:46:00,1788075960000,4464.53,4464.53,4464.52,4464.53,0.0204
2026-08-30 07:47:00,1788076020000,4464.52,4464.53,4464.52,4464.53,0.0289
2026-08-30 07:48:00,1788076080000,4464.53,4464.53,4464.52,4464.52,0.0327
2026-08-30 07:49:00,1788076140000,4464.52,4464.52,4464.52,4464.52,0.0786
2026-08-30 07:50:00,1788076200000,4464.52,4464.52,4464.52,4464.52,0.0273
2026-08-30 07:51:00,1788076260000,4464.52,4464.52,4464.52,4464.52,0.0122
2026-08-30 07:52:00,1788076320000,4464.52,4464.53,4464.52,4464.53,0.2456
2026-08-30 07:53:00,1788076380000,4464.52,4464.52,4464.52,4464.52,0.0164
2026-08-30 07:54:00,1788076440000,4464.52,4464.53,4464.52,4464.52,0.023
2026-08-30 07:55:00,1788076500000,4464.52,4464.53,4464.52,4464.52,0.0508
2026-08-30 07:56:00,1788076560000,4464.52,4464.52,4464.52,4464.52,0.0099
2026-08-30 07:57:00,1788076620000,4464.52,4464.52,4464.52,4464.52,0.0066
2026-08-30 07:58:00,1788076680000,4464.53,4464.53,4464.53,4464.53,0.0054
2026-08-30 07:59:00,1788076740000,4464.52,4464.52,4464.52,4464.52,0.2874
2026-08-30 08:00:00,1788076800000,4464.53,4464.53,4464.53,4464.53,0.0321
2026-08-30 08:01:00,1788076860000,4464.53,4464.53,4464.53,4464.53,0.0
2026-08-30 08:02:00,1788076920000,4464.53,4464.53,4464.53,4464.53,0.0
2026-08-30 08:03:00,1788076980000,4464.52,4464.52,4464.52,4464.52,0.056
2026-08-30 08:04:00,1788077040000,4464.53,4464.53,4464.53,4464.53,0.0047
2026-08-30 08:05:00,1788077100000,4464.52,4464.52,4464.52,4464.52,0.0123
2026-08-30 08:06:00,1788077160000,4464.52,4464.52,4464.52,4464.52,0.0044
2026-08-30 08:07:00,1788077220000,4464.52,4464.53,4464.22,4464.22,4.5375
2026-08-30 08:08:00,1788077280000,4464.52,4464.53,4464.52,4464.52,2.2482
2026-08-30 08:09:00,1788077340000,4464.52,4464.52,4464.52,4464.52,0.0
2026-08-30 08:10:00,1788077400000,4464.52,4464.53,4464.52,4464.52,0.0523
2026-08-30 08:11:00,1788077460000,4464.52,4464.52,4464.52,4464.52,0.0
2026-08-30 08:12:00,1788077520000,4464.52,4464.53,4464.52,4464.52,0.1555
2026-08-30 08:13:00,1788077580000,4464.53,4464.53,4464.53,4464.53,0.0195
2026-08-30 08:14:00,1788077640000,4464.52,4464.52,4464.52,4464.52,0.0401
2026-08-30 08:15:00,1788077700000,4464.52,4464.52,4464.52,4464.52,0.0023
2026-08-30 08:16:00,1788077760000,4464.53,4464.53,4464.53,4464.53,0.0025
2026-08-30 08:17:00,1788077820000,4464.52,4464.52,4464.52,4464.52,0.1588
2026-08-30 08:18:00,1788077880000,4464.52,4464.52,4464.52,4464.52,0.0
2026-08-30 08:19:00,1788077940000,4464.52,4464.52,4464.52,4464.52,0.0
2026-08-30 08:20:00,1788078000000,4464.52,4464.52,4464.52,4464.52,0.0
2026-08-30 08:21:00,1788078060000,4464.52,4464.52,4464.52,4464.52,0.0
2026-08-30 08:22:00,1788078120000,4464.52,4464.52,4464.52,4464.52,0.0
2026-08-30 08:23:00,1788078180000,4464.52,4464.52,4464.52,4464.52,0.0
2026-08-30 08:24:00,1788078240000,4464.53,4464.53,4464.53,4464.53,0.3133
2026-08-30 08:25:00,1788078300000,4464.53,4464.53,4464.53,4464.53,0.0
2026-08-30 08:26:00,1788078360000,4464.53,4464.53,4464.53,4464.53,0.0
2026-08-30 08:27:00,1788078420000,4464.53,4464.53,4462.6,4462.6,10.1732
2026-08-30 08:28:00,1788078480000,4462.6,4462.61,4462.6,4462.61,0.1187
2026-08-30 08:29:00,1788078540000,4462.6,4462.61,4462.6,4462.61,0.1431
2026-08-30 08:30:00,1788078600000,4462.61,4462.61,4462.6,4462.6,0.1325
2026-08-30 08:31:00,1788078660000,4462.6,4462.6,4462.6,4462.6,0.0079
2026-08-30 08:32:00,1788078720000,4462.6,4462.6,4462.6,4462.6,0.0
2026-08-30 08:33:00,1788078780000,4462.61,4462.61,4462.61,4462.61,0.006
2026-08-30 08:34:00,1788078840000,4462.6,4462.61,4462.6,4462.61,0.0081
2026-08-30 08:35:00,1788078900000,4462.61,4462.61,4462.61,4462.61,0.0172
2026-08-30 08:36:00,1788078960000,4462.6,4462.61,4462.6,4462.6,0.0344
2026-08-30 08:37:00,1788079020000,4462.6,4462.61,4462.6,4462.6,0.0381
2026-08-30 08:38:00,1788079080000,4462.61,4462.61,4462.6,4462.61,0.8078
2026-08-30 08:39:00,1788079140000,4462.6,4462.61,4462.6,4462.6,0.0369
2026-08-30 08:40:00,1788079200000,4462.6,4462.6,4462.6,4462.6,0.1523
2026-08-30 08:41:00,1788079260000,4462.6,4462.6,4462.6,4462.6,0.0219
2026-08-30 08:42:00,1788079320000,4462.6,4462.61,4462.6,4462.6,0.0779
2026-08-30 08:43:00,1788079380000,4462.6,4462.61,4462.6,4462.6,0.0863
2026-08-30 08:44:00,1788079440000,4462.6,4462.61,4462.6,4462.6,0.0352
2026-08-30 08:45:00,1788079500000,4462.6,4462.6,4462.6,4462.6,0.0278
2026-08-30 08:46:00,1788079560000,4462.6,4462.6,4462.6,4462.6,0.0316
2026-08-30 08:47:00,1788079620000,4462.6,4462.6,4462.6,4462.6,0.078
2026-08-30 08:48:00,1788079680000,4462.6,4462.6,4462.6,4462.6,0.5268
2026-08-30 08:49:00,1788079740000,4462.61,4462.61,4462.61,4462.61,0.0384
2026-08-30 08:50:00,1788079800000,4462.6,4462.6,4462.6,4462.6,0.0942
2026-08-30 08:51:00,1788079860000,4462.6,4462.6,4462.11,4462.32,6.6025
2026-08-30 08:52:00,1788079920000,4462.11,4463.27,4462.11,4463.26,7.5691
2026-08-30 08:53:00,1788079980000,4463.26,4463.26,4463.26,4463.26,0.0
2026-08-30 08:54:00,1788080040000,4463.26,4463.26,4463.26,4463.26,0.0
2026-08-30 08:55:00,1788080100000,4463.26,4463.26,4463.26,4463.26,0.0
2026-08-30 08:56:00,1788080160000,4463.26,4463.26,4463.26,4463.26,0.1747
2026-08-30 08:57:00,1788080220000,4463.27,4463.27,4463.27,4463.27,0.0045
2026-08-30 08:58:00,1788080280000,4463.27,4463.27,4463.26,4463.27,0.0154
2026-08-30 08:59:00,1788080340000,4463.27,4463.27,4463.27,4463.27,0.0
2026-08-30 09:00:00,1788080400000,4463.27,4463.27,4463.27,4463.27,0.0089
2026-08-30 09:01:00,1788080460000,4463.27,4463.27,4463.27,4463.27,0.0046
2026-08-30 09:02:00,1788080520000,4463.26,4463.27,4463.26,4463.27,0.3173
2026-08-30 09:03:00,1788080580000,4463.27,4463.27,4463.27,4463.27,0.0
2026-08-30 09:04:00,1788080640000,4463.27,4463.27,4463.27,4463.27,0.017
2026-08-30 09:05:00,1788080700000,4463.27,4463.27,4463.27,4463.27,0.0086
2026-08-30 09:06:00,1788080760000,4463.27,4463.27,4463.27,4463.27,0.0
2026-08-30 09:07:00,1788080820000,4463.26,4463.27,4463.26,4463.27,0.3824
2026-08-30 09:08:00,1788080880000,4463.27,4463.27,4463.27,4463.27,0.1814
2026-08-30 09:09:00,1788080940000,4463.27,4463.27,4463.27,4463.27,0.0
2026-08-30 09:10:00,1788081000000,4463.27,4463.27,4463.27,4463.27,0.51
2026-08-30 09:11:00,1788081060000,4463.26,4463.27,4463.26,4463.27,0.715
2026-08-30 09:12:00,1788081120000,4463.27,4463.27,4463.27,4463.27,0.0081
2026-08-30 09:13:00,1788081180000,4463.27,4463.27,4463.27,4463.27,0.0
2026-08-30 09:14:00,1788081240000,4463.27,4463.27,4463.27,4463.27,0.0
2026-08-30 09:15:00,1788081300000,4463.27,4463.27,4463.26,4463.26,0.0105
2026-08-30 09:16:00,1788081360000,4463.26,4463.26,4462.96,4462.96,2.8792
2026-08-30 09:17:00,1788081420000,4462.97,4462.97,4462.97,4462.97,0.0223
2026-08-30 09:18:00,1788081480000,4462.97,4463.17,4462.72,4462.72,8.0392
2026-08-30 09:19:00,1788081540000,4462.72,4462.72,4462.72,4462.72,0.0
2026-08-30 09:20:00,1788081600000,4462.73,4462.73,4462.72,4462.72,0.0784
2026-08-30 09:21:00,1788081660000,4462.72,4462.72,4462.72,4462.72,0.0
2026-08-30 09:22:00,1788081720000,4462.73,4462.73,4462.73,4462.73,0.0054
2026-08-30 09:23:00,1788081780000,4462.73,4462.73,4462.73,4462.73,0.0026
2026-08-30 09:24:00,1788081840000,4462.73,4462.73,4462.73,4462.73,0.0093
2026-08-30 09:25:00,1788081900000,4462.73,4462.73,4462.73,4462.73,0.0
2026-08-30 09:26:00,1788081960000,4462.73,4462.73,4462.72,4462.72,0.049
2026-08-30 09:27:00,1788082020000,4462.72,4462.72,4462.72,4462.72,0.1084
2026-08-30 09:28:00,1788082080000,4462.72,4462.72,4462.72,4462.72,0.0
2026-08-30 09:29:00,1788082140000,4462.72,4462.73,4462.72,4462.73,0.01
2026-08-30 09:30:00,1788082200000,4462.73,4462.73,4462.73,4462.73,0.0056
2026-08-30 09:31:00,1788082260000,4462.73,4462.73,4462.73,4462.73,0.0
2026-08-30 09:32:00,1788082320000,4462.73,4462.93,4462.73,4462.93,1.4446
2026-08-30 09:33:00,1788082380000,4462.93,4462.93,4462.93,4462.93,0.0
2026-08-30 09:34:00,1788082440000,4462.96,4462.96,4462.96,4462.96,0.1807
2026-08-30 09:35:00,1788082500000,4462.96,4462.96,4462.96,4462.96,0.0
2026-08-30 09:36:00,1788082560000,4462.96,4462.96,4462.96,4462.96,0.0
2026-08-30 09:37:00,1788082620000,4462.96,4462.96,4462.96,4462.96,0.0
2026-08-30 09:38:00,1788082680000,4462.96,4462.96,4462.96,4462.96,0.1581
2026-08-30 09:39:00,1788082740000,4462.96,4462.96,4462.96,4462.96,0.0
2026-08-30 09:40:00,1788082800000,4462.96,4462.96,4462.96,4462.96,0.0012
2026-08-30 09:41:00,1788082860000,4462.95,4462.96,4462.95,4462.96,1.0033
2026-08-30 09:42:00,1788082920000,4462.96,4462.96,4462.95,4462.95,0.2754
2026-08-30 09:43:00,1788082980000,4462.96,4462.96,4462.95,4462.96,0.5169
2026-08-30 09:44:00,1788083040000,4462.96,4462.96,4462.95,4462.95,0.1011
2026-08-30 09:45:00,1788083100000,4462.96,4462.96,4462.95,4462.95,0.0084
2026-08-30 09:46:00,1788083160000,4462.96,4462.96,4462.96,4462.96,0.037
2026-08-30 09:47:00,1788083220000,4462.96,4462.96,4462.96,4462.96,0.0079
2026-08-30 09:48:00,1788083280000,4462.96,4462.96,4462.96,4462.96,0.0263
2026-08-30 09:49:00,1788083340000,4462.95,4462.96,4462.95,4462.96,0.0176
2026-08-30 09:50:00,1788083400000,4462.95,4463.17,4462.95,4463.17,1.829
2026-08-30 09:51:00,1788083460000,4463.17,4463.38,4463.17,4463.38,3.8161
2026-08-30 09:52:00,1788083520000,4463.37,4463.37,4463.37,4463.37,0.0058
2026-08-30 09:53:00,1788083580000,4463.37,4463.38,4463.37,4463.38,0.0162
2026-08-30 09:54:00,1788083640000,4463.38,4463.38,4463.38,4463.38,0.132
2026-08-30 09:55:00,1788083700000,4463.38,4463.38,4463.38,4463.38,0.0591
2026-08-30 09:56:00,1788083760000,4463.38,4464.46,4463.38,4464.44,1.7079
2026-08-30 09:57:00,1788083820000,4464.44,4464.44,4464.44,4464.44,0.0202
2026-08-30 09:58:00,1788083880000,4464.45,4464.45,4464.45,4464.45,0.0725
2026-08-30 09:59:00,1788083940000,4464.45,4464.45,4464.45,4464.45,0.0032
2026-08-30 10:00:00,1788084000000,4464.44,4464.44,4463.38,4463.38,6.4753
2026-08-30 10:01:00,1788084060000,4463.37,4463.37,4463.37,4463.37,0.0031
2026-08-30 10:02:00,1788084120000,4463.37,4463.37,4463.37,4463.37,0.0
2026-08-30 10:03:00,1788084180000,4463.37,4463.37,4463.37,4463.37,0.0
2026-08-30 10:04:00,1788084240000,4463.17,4463.17,4463.17,4463.17,0.0047
2026-08-30 10:05:00,1788084300000,4463.17,4463.17,4463.17,4463.17,0.0
2026-08-30 10:06:00,1788084360000,4463.17,4463.17,4463.17,4463.17,0.0
2026-08-30 10:07:00,1788084420000,4462.93,4462.93,4462.93,4462.93,0.0075
2026-08-30 10:08:00,1788084480000,4462.94,4462.94,4462.94,4462.94,0.1266
2026-08-30 10:09:00,1788084540000,4462.93,4462.93,4462.93,4462.93,0.1708
2026-08-30 10:10:00,1788084600000,4462.93,4462.93,4462.93,4462.93,0.6394
2026-08-30 10:11:00,1788084660000,4462.74,4462.74,4462.74,4462.74,0.0011
2026-08-30 10:12:00,1788084720000,4462.74,4462.74,4462.74,4462.74,0.0042
2026-08-30 10:13:00,1788084780000,4462.73,4462.73,4462.73,4462.73,0.005
2026-08-30 10:14:00,1788084840000,4462.73,4462.73,4462.0,4462.0,1.842
2026-08-30 10:15:00,1788084900000,4462.0,4462.0,4462.0,4462.0,0.0059
2026-08-30 10:16:00,1788084960000,4462.0,4462.0,4462.0,4462.0,0.0469
2026-08-30 10:17:00,1788085020000,4462.0,4462.4,4462.0,4462.4,6.8647
2026-08-30 10:18:00,1788085080000,4462.56,4462.57,4462.56,4462.57,0.0583
2026-08-30 10:19:00,1788085140000,4462.57,4462.57,4462.57,4462.57,0.0
2026-08-30 10:20:00,1788085200000,4462.56,4462.57,4462.56,4462.56,0.1225
2026-08-30 10:21:00,1788085260000,4462.56,4462.56,4462.56,4462.56,0.0
2026-08-30 10:22:00,1788085320000,4462.57,4462.57,4462.57,4462.57,0.1536
2026-08-30 10:23:00,1788085380000,4462.56,4462.56,4462.56,4462.56,0.003
2026-08-30 10:24:00,1788085440000,4462.56,4462.56,4462.56,4462.56,0.0
2026-08-30 10:25:00,1788085500000,4462.56,4462.56,4462.56,4462.56,0.0
2026-08-30 10:26:00,1788085560000,4462.57,4462.72,4462.57,4462.72,0.7715
2026-08-30 10:27:00,1788085620000,4462.72,4462.72,4462.72,4462.72,0.0
2026-08-30 10:28:00,1788085680000,4462.72,4462.72,4462.72,4462.72,0.0
2026-08-30 10:29:00,1788085740000,4462.72,4462.93,4462.72,4462.93,4.5904
2026-08-30 10:30:00,1788085800000,4462.93,4462.93,4462.93,4462.93,0.0056
2026-08-30 10:31:00,1788085860000,4462.93,4462.93,4462.93,4462.93,0.0
2026-08-30 10:32:00,1788085920000,4462.93,4462.93,4462.93,4462.93,0.0
2026-08-30 10:33:00,1788085980000,4462.93,4462.93,4462.93,4462.93,0.05
2026-08-30 10:34:00,1788086040000,4462.93,4462.93,4462.92,4462.92,0.0294
2026-08-30 10:35:00,1788086100000,4462.92,4462.92,4462.92,4462.92,0.0212
2026-08-30 10:36:00,1788086160000,4462.92,4462.92,4461.9,4461.9,14.4438
2026-08-30 10:37:00,1788086220000,4462.17,4462.17,4461.26,4461.93,5.1511
2026-08-30 10:38:00,1788086280000,4461.93,4461.93,4461.93,4461.93,0.0
2026-08-30 10:39:00,1788086340000,4461.93,4461.93,4461.93,4461.93,0.0054
2026-08-30 10:40:00,1788086400000,4461.92,4461.92,4461.92,4461.92,0.5246
2026-08-30 10:41:00,1788086460000,4461.92,4461.92,4461.92,4461.92,0.0224
2026-08-30 10:42:00,1788086520000,4461.93,4461.93,4461.93,4461.93,0.0041
2026-08-30 10:43:00,1788086580000,4461.93,4461.93,4461.93,4461.93,0.006
2026-08-30 10:44:00,1788086640000,4461.92,4461.93,4461.92,4461.93,0.0032
2026-08-30 10:45:00,1788086700000,4461.93,4461.93,4461.93,4461.93,0.9719
2026-08-30 10:46:00,1788086760000,4461.92,4461.92,4461.92,4461.92,0.0033
2026-08-30 10:47:00,1788086820000,4461.93,4461.93,4461.93,4461.93,0.0018
2026-08-30 10:48:00,1788086880000,4461.93,4461.93,4461.93,4461.93,0.006
2026-08-30 10:49:00,1788086940000,4461.93,4461.93,4461.93,4461.93,0.0
2026-08-30 10:50:00,1788087000000,4461.92,4461.92,4461.92,4461.92,0.0056
2026-08-30 10:51:00,1788087060000,4461.93,4461.93,4461.93,4461.93,0.01
2026-08-30 10:52:00,1788087120000,4461.93,4462.57,4461.93,4462.57,1.0621
2026-08-30 10:53:00,1788087180000,4462.56,4462.56,4462.56,4462.56,0.0639
2026-08-30 10:54:00,1788087240000,4462.57,4462.57,4462.56,4462.56,0.0474
2026-08-30 10:55:00,1788087300000,4462.57,4462.57,4462.56,4462.56,0.0999
2026-08-30 10:56:00,1788087360000,4462.57,4462.57,4462.56,4462.56,0.0343
2026-08-30 10:57:00,1788087420000,4462.56,4462.57,4462.56,4462.57,0.0636
2026-08-30 10:58:00,1788087480000,4462.56,4462.57,4462.56,4462.56,0.074
2026-08-30 10:59:00,1788087540000,4462.57,4462.57,4462.56,4462.56,0.1406
2026-08-30 11:00:00,1788087600000,4462.57,4462.57,4462.56,4462.57,0.0705
2026-08-30 11:01:00,1788087660000,4462.56,4462.57,4462.56,4462.56,0.0804
2026-08-30 11:02:00,1788087720000,4462.56,4462.56,4462.56,4462.56,0.041
2026-08-30 11:03:00,1788087780000,4462.56,4462.56,4462.56,4462.56,0.0
2026-08-30 11:04:00,1788087840000,4462.56,4462.57,4462.56,4462.56,0.3585
2026-08-30 11:05:00,1788087900000,4462.57,4462.57,4462.56,4462.56,0.2274
2026-08-30 11:06:00,1788087960000,4462.56,4462.57,4462.56,4462.56,0.2491
2026-08-30 11:07:00,1788088020000,4462.57,4462.57,4462.57,4462.57,0.1325
2026-08-30 11:08:00,1788088080000,4462.57,4462.57,4462.56,4462.56,0.0271
2026-08-30 11:09:00,1788088140000,4462.56,4462.57,4462.56,4462.57,0.2414
2026-08-30 11:10:00,1788088200000,4462.57,4462.57,4462.57,4462.57,0.1175
2026-08-30 11:11:00,1788088260000,4462.56,4462.57,4462.56,4462.57,0.0144
2026-08-30 11:12:00,1788088320000,4462.57,4462.57,4462.57,4462.57,0.252
2026-08-30 11:13:00,1788088380000,4462.57,4462.57,4462.57,4462.57,0.0073
2026-08-30 11:14:00,1788088440000,4462.57,4462.57,4462.57,4462.57,0.0216
2026-08-30 11:15:00,1788088500000,4462.57,4462.57,4462.57,4462.57,0.0
2026-08-30 11:16:00,1788088560000,4462.57,4462.84,4462.57,4462.84,2.3129
2026-08-30 11:17:00,1788088620000,4462.83,4462.83,4462.83,4462.83,0.0048
2026-08-30 11:18:00,1788088680000,4462.84,4462.84,4462.84,4462.84,0.1761
2026-08-30 11:19:00,1788088740000,4462.92,4462.92,4462.92,4462.92,0.0012
2026-08-30 11:20:00,1788088800000,4462.92,4463.0,4462.92,4462.99,0.0312
2026-08-30 11:21:00,1788088860000,4462.99,4462.99,4462.99,4462.99,0.0461
2026-08-30 11:22:00,1788088920000,4462.99,4463.0,4462.99,4463.0,0.4112
2026-08-30 11:23:00,1788088980000,4463.0,4463.0,4463.0,4463.0,0.1928
2026-08-30 11:24:00,1788089040000,4463.0,4463.0,4463.0,4463.0,0.0019
2026-08-30 11:25:00,1788089100000,4463.0,4463.0,4463.0,4463.0,0.0
2026-08-30 11:26:00,1788089160000,4463.0,4463.0,4463.0,4463.0,0.0044
2026-08-30 11:27:00,1788089220000,4462.99,4462.99,4462.99,4462.99,0.0581
2026-08-30 11:28:00,1788089280000,4463.0,4463.0,4462.99,4462.99,0.0337
2026-08-30 11:29:00,1788089340000,4462.99,4462.99,4462.99,4462.99,0.0
2026-08-30 11:30:00,1788089400000,4462.99,4463.0,4462.99,4463.0,0.0682
2026-08-30 11:31:00,1788089460000,4463.0,4463.0,4463.0,4463.0,0.0
2026-08-30 11:32:00,1788089520000,4462.99,4463.0,4462.99,4463.0,0.5799
2026-08-30 11:33:00,1788089580000,4463.0,4463.0,4463.0,4463.0,0.0297
2026-08-30 11:34:00,1788089640000,4463.0,4463.0,4463.0,4463.0,0.0047
2026-08-30 11:35:00,1788089700000,4462.99,4462.99,4462.99,4462.99,0.0044
2026-08-30 11:36:00,1788089760000,4462.99,4463.0,4462.99,4462.99,0.3943
2026-08-30 11:37:00,1788089820000,4462.99,4462.99,4462.99,4462.99,0.0013
2026-08-30 11:38:00,1788089880000,4462.99,4462.99,4462.99,4462.99,0.0228
2026-08-30 11:39:00,1788089940000,4462.99,4463.0,4462.99,4463.0,0.0244
2026-08-30 11:40:00,1788090000000,4463.0,4463.0,4463.0,4463.0,0.0
2026-08-30 11:41:00,1788090060000,4462.99,4463.0,4462.99,4463.0,0.0441
2026-08-30 11:42:00,1788090120000,4463.0,4463.0,4463.0,4463.0,0.0217
2026-08-30 11:43:00,1788090180000,4463.0,4463.0,4463.0,4463.0,0.0225
2026-08-30 11:44:00,1788090240000,4462.99,4463.0,4462.99,4463.0,0.1111
2026-08-30 11:45:00,1788090300000,4462.99,4462.99,4461.63,4461.63,10.0551
2026-08-30 11:46:00,1788090360000,4461.64,4461.64,4461.64,4461.64,0.5449
2026-08-30 11:47:00,1788090420000,4461.96,4461.97,4461.96,4461.97,1.0341
2026-08-30 11:48:00,1788090480000,4462.41,4462.41,4462.41,4462.41,0.0017
2026-08-30 11:49:00,1788090540000,4462.4,4462.4,4462.4,4462.4,0.002
2026-08-30 11:50:00,1788090600000,4462.4,4462.41,4462.4,4462.41,0.2555
2026-08-30 11:51:00,1788090660000,4462.4,4462.41,4462.4,4462.41,0.2665
2026-08-30 11:52:00,1788090720000,4462.4,4462.41,4462.4,4462.4,0.0438
2026-08-30 11:53:00,1788090780000,4462.4,4462.4,4462.4,4462.4,0.0448
2026-08-30 11:54:00,1788090840000,4462.4,4462.4,4462.4,4462.4,0.0423
2026-08-30 11:55:00,1788090900000,4462.4,4462.4,4462.4,4462.4,0.0321
2026-08-30 11:56:00,1788090960000,4462.4,4462.41,4462.4,4462.41,0.0475
2026-08-30 11:57:00,1788091020000,4462.4,4462.4,4462.4,4462.4,0.0479
2026-08-30 11:58:00,1788091080000,4462.41,4462.41,4462.38,4462.38,1.2829
2026-08-30 11:59:00,1788091140000,4462.38,4462.39,4462.38,4462.39,0.0367
2026-08-30 12:00:00,1788091200000,4462.39,4462.39,4462.39,4462.39,0.3719
2026-08-30 12:01:00,1788091260000,4462.39,4462.39,4462.38,4462.38,0.0266
2026-08-30 12:02:00,1788091320000,4462.38,4462.38,4462.38,4462.38,0.0056
2026-08-30 12:03:00,1788091380000,4462.39,4462.39,4462.39,4462.39,0.1048
2026-08-30 12:04:00,1788091440000,4462.39,4462.39,4462.39,4462.39,0.5796
2026-08-30 12:05:00,1788091500000,4462.39,4462.39,4462.39,4462.39,0.579
2026-08-30 12:06:00,1788091560000,4462.39,4462.39,4462.39,4462.39,0.1525
2026-08-30 12:07:00,1788091620000,4462.39,4463.58,4462.39,4463.58,5.0476
2026-08-30 12:08:00,1788091680000,4463.57,4463.57,4463.57,4463.57,0.0017
2026-08-30 12:09:00,1788091740000,4463.58,4463.63,4463.58,4463.63,1.3835
2026-08-30 12:10:00,1788091800000,4463.93,4463.93,4463.92,4463.93,1.3189
2026-08-30 12:11:00,1788091860000,4463.93,4463.93,4463.92,4463.92,1.0235
2026-08-30 12:12:00,1788091920000,4463.93,4464.08,4463.93,4464.08,0.8201
2026-08-30 12:13:00,1788091980000,4464.08,4464.08,4464.08,4464.08,0.0021
2026-08-30 12:14:00,1788092040000,4464.07,4464.07,4463.93,4463.93,0.4847
2026-08-30 12:15:00,1788092100000,4463.93,4463.93,4463.38,4463.39,0.3284
2026-08-30 12:16:00,1788092160000,4463.39,4463.39,4463.39,4463.39,0.0124
2026-08-30 12:17:00,1788092220000,4463.39,4463.61,4463.39,4463.61,1.2403
2026-08-30 12:18:00,1788092280000,4463.61,4463.61,4463.61,4463.61,0.0246
2026-08-30 12:19:00,1788092340000,4463.61,4463.61,4463.61,4463.61,0.0
2026-08-30 12:20:00,1788092400000,4463.61,4463.61,4463.61,4463.61,0.0053
2026-08-30 12:21:00,1788092460000,4463.61,4463.61,4463.6,4463.6,0.2273
2026-08-30 12:22:00,1788092520000,4463.6,4463.6,4463.6,4463.6,0.0
2026-08-30 12:23:00,1788092580000,4463.6,4463.61,4463.6,4463.6,1.6611
2026-08-30 12:24:00,1788092640000,4463.6,4463.61,4463.6,4463.6,0.0514
2026-08-30 12:25:00,1788092700000,4463.6,4463.6,4463.6,4463.6,0.0463
2026-08-30 12:26:00,1788092760000,4463.6,4463.6,4463.6,4463.6,0.0398
2026-08-30 12:27:00,1788092820000,4463.61,4463.61,4463.61,4463.61,1.0566
2026-08-30 12:28:00,1788092880000,4463.61,4463.61,4463.61,4463.61,0.0053
2026-08-30 12:29:00,1788092940000,4463.61,4463.61,4463.61,4463.61,0.0
2026-08-30 12:30:00,1788093000000,4463.61,4463.61,4463.61,4463.61,0.4649
2026-08-30 12:31:00,1788093060000,4463.61,4463.61,4463.6,4463.61,0.1826
2026-08-30 12:32:00,1788093120000,4463.61,4463.64,4463.61,4463.64,0.7272
2026-08-30 12:33:00,1788093180000,4463.64,4463.64,4463.63,4463.64,0.4666
2026-08-30 12:34:00,1788093240000,4463.64,4463.64,4463.64,4463.64,0.3585
2026-08-30 12:35:00,1788093300000,4463.63,4463.64,4463.63,4463.63,0.2419
2026-08-30 12:36:00,1788093360000,4463.63,4463.63,4463.61,4463.61,0.6013
2026-08-30 12:37:00,1788093420000,4463.62,4463.62,4463.61,4463.62,0.7444
2026-08-30 12:38:00,1788093480000,4463.61,4463.62,4463.61,4463.62,0.0504
2026-08-30 12:39:00,1788093540000,4463.61,4463.61,4463.61,4463.61,2.8959
2026-08-30 12:40:00,1788093600000,4463.62,4463.62,4463.62,4463.62,0.0088
2026-08-30 12:41:00,1788093660000,4463.61,4463.61,4463.61,4463.61,0.0017
2026-08-30 12:42:00,1788093720000,4463.62,4463.62,4463.36,4463.36,0.7015
2026-08-30 12:43:00,1788093780000,4463.3,4463.3,4463.01,4463.02,0.3705
2026-08-30 12:44:00,1788093840000,4463.02,4465.35,4463.02,4463.92,3.546
2026-08-30 12:45:00,1788093900000,4463.92,4464.87,4463.92,4464.87,0.53
2026-08-30 12:46:00,1788093960000,4464.83,4464.83,4464.83,4464.83,0.018
2026-08-30 12:47:00,1788094020000,4464.83,4464.83,4464.83,4464.83,0.0
2026-08-30 12:48:00,1788094080000,4464.82,4464.82,4464.01,4464.01,0.4942
2026-08-30 12:49:00,1788094140000,4464.01,4464.01,4464.0,4464.0,0.0933
2026-08-30 12:50:00,1788094200000,4464.01,4464.01,4464.0,4464.01,0.2209
2026-08-30 12:51:00,1788094260000,4464.0,4464.0,4463.55,4463.57,2.6022
2026-08-30 12:52:00,1788094320000,4464.82,4464.82,4464.82,4464.82,0.004
2026-08-30 12:53:00,1788094380000,4464.82,4464.82,4464.81,4464.81,0.0323
2026-08-30 12:54:00,1788094440000,4464.82,4464.82,4464.81,4464.81,1.1663
2026-08-30 12:55:00,1788094500000,4464.81,4464.82,4464.81,4464.82,0.2433
2026-08-30 12:56:00,1788094560000,4464.82,4466.21,4464.81,4466.2,4.2837
2026-08-30 12:57:00,1788094620000,4465.78,4465.78,4465.28,4465.31,1.4814
2026-08-30 12:58:00,1788094680000,4465.31,4465.31,4465.31,4465.31,0.3101
2026-08-30 12:59:00,1788094740000,4465.3,4465.3,4465.3,4465.3,9.0
2026-08-30 13:00:00,1788094800000,4465.31,4467.1,4465.31,4466.65,7.7126
2026-08-30 13:01:00,1788094860000,4466.41,4466.41,4466.32,4466.33,1.2571
2026-08-30 13:02:00,1788094920000,4466.32,4466.32,4466.32,4466.32,0.0591
2026-08-30 13:03:00,1788094980000,4466.32,4466.32,4465.88,4465.88,0.7074
2026-08-30 13:04:00,1788095040000,4465.72,4465.72,4465.71,4465.72,0.0129
2026-08-30 13:05:00,1788095100000,4465.72,4465.72,4465.71,4465.71,0.0102
2026-08-30 13:06:00,1788095160000,4465.71,4465.71,4465.71,4465.71,0.0
2026-08-30 13:07:00,1788095220000,4465.71,4465.71,4465.71,4465.71,0.0226
2026-08-30 13:08:00,1788095280000,4465.72,4466.09,4465.71,4466.09,1.6226
2026-08-30 13:09:00,1788095340000,4466.09,4466.09,4466.09,4466.09,0.3626
2026-08-30 13:10:00,1788095400000,4466.08,4466.09,4466.08,4466.09,4.3545
2026-08-30 13:11:00,1788095460000,4466.09,4466.09,4466.08,4466.09,0.396
2026-08-30 13:12:00,1788095520000,4466.08,4466.09,4466.08,4466.09,2.9315
2026-08-30 13:13:00,1788095580000,4466.41,4466.41,4466.4,4466.4,4.102
2026-08-30 13:14:00,1788095640000,4466.4,4466.41,4466.4,4466.41,2.4129
2026-08-30 13:15:00,1788095700000,4466.41,4466.41,4466.41,4466.41,0.1355
2026-08-30 13:16:00,1788095760000,4466.41,4466.61,4466.41,4466.61,1.4378
2026-08-30 13:17:00,1788095820000,4466.61,4466.61,4466.61,4466.61,0.0
2026-08-30 13:18:00,1788095880000,4466.4,4466.4,4466.4,4466.4,0.0516
2026-08-30 13:19:00,1788095940000,4466.4,4466.41,4466.4,4466.41,1.1307
2026-08-30 13:20:00,1788096000000,4466.4,4466.41,4466.4,4466.4,0.2614
2026-08-30 13:21:00,1788096060000,4466.4,4466.41,4466.4,4466.41,0.0237
2026-08-30 13:22:00,1788096120000,4466.41,4466.41,4466.41,4466.41,0.0047
2026-08-30 13:23:00,1788096180000,4466.4,4466.41,4466.4,4466.41,0.0121
2026-08-30 13:24:00,1788096240000,4466.41,4466.41,4466.41,4466.41,0.0
2026-08-30 13:25:00,1788096300000,4466.4,4466.41,4466.4,4466.4,1.0348
2026-08-30 13:26:00,1788096360000,4466.41,4466.41,4466.41,4466.41,0.0135
2026-08-30 13:27:00,1788096420000,4466.41,4466.41,4466.4,4466.4,0.1705
2026-08-30 13:28:00,1788096480000,4466.41,4466.41,4466.41,4466.41,0.3639
2026-08-30 13:29:00,1788096540000,4466.41,4466.41,4466.41,4466.41,0.0
2026-08-30 13:30:00,1788096600000,4466.41,4466.41,4466.41,4466.41,0.0416
2026-08-30 13:31:00,1788096660000,4466.4,4466.4,4466.13,4466.13,2.8846
2026-08-30 13:32:00,1788096720000,4466.13,4466.13,4466.12,4466.12,0.4731
2026-08-30 13:33:00,1788096780000,4466.12,4466.12,4466.12,4466.12,0.0
2026-08-30 13:34:00,1788096840000,4466.13,4466.13,4466.12,4466.13,0.0261
2026-08-30 13:35:00,1788096900000,4466.13,4466.13,4466.12,4466.13,0.7527
2026-08-30 13:36:00,1788096960000,4466.48,4466.48,4466.48,4466.48,0.1011
2026-08-30 13:37:00,1788097020000,4466.49,4466.49,4466.49,4466.49,0.7216
2026-08-30 13:38:00,1788097080000,4466.49,4466.49,4466.49,4466.49,0.5054
2026-08-30 13:39:00,1788097140000,4466.49,4466.49,4466.48,4466.49,0.045
2026-08-30 13:40:00,1788097200000,4466.49,4466.49,4466.48,4466.48,0.2315
2026-08-30 13:41:00,1788097260000,4466.48,4466.48,4466.48,4466.48,0.0
2026-08-30 13:42:00,1788097320000,4466.49,4466.49,4466.49,4466.49,0.6959
2026-08-30 13:43:00,1788097380000,4466.49,4466.49,4466.49,4466.49,0.618
2026-08-30 13:44:00,1788097440000,4466.49,4466.49,4466.49,4466.49,0.0755
2026-08-30 13:45:00,1788097500000,4466.49,4466.49,4466.48,4466.49,2.5481
2026-08-30 13:46:00,1788097560000,4466.49,4466.49,4466.49,4466.49,0.1698
2026-08-30 13:47:00,1788097620000,4466.48,4466.69,4466.48,4466.68,3.4769
2026-08-30 13:48:00,1788097680000,4466.68,4466.68,4466.68,4466.68,0.0
2026-08-30 13:49:00,1788097740000,4466.68,4466.69,4466.68,4466.68,0.1039
2026-08-30 13:50:00,1788097800000,4466.69,4467.11,4466.68,4467.1,1.9834
2026-08-30 13:51:00,1788097860000,4467.11,4467.11,4467.11,4467.11,1.343
2026-08-30 13:52:00,1788097920000,4467.1,4467.11,4467.1,4467.1,7.3188
2026-08-30 13:53:00,1788097980000,4467.11,4467.11,4467.11,4467.11,0.1744
2026-08-30 13:54:00,1788098040000,4467.11,4467.11,4467.1,4467.11,1.399
2026-08-30 13:55:00,1788098100000,4467.11,4467.33,4467.11,4467.32,4.0863
2026-08-30 13:56:00,1788098160000,4467.33,4467.33,4467.32,4467.33,0.2525
2026-08-30 13:57:00,1788098220000,4467.33,4468.16,4467.33,4468.16,10.7669
2026-08-30 13:58:00,1788098280000,4468.16,4468.16,4468.16,4468.16,0.8871
2026-08-30 13:59:00,1788098340000,4468.15,4468.15,4467.51,4467.6,1.8001
2026-08-30 14:00:00,1788098400000,4467.59,4467.6,4467.59,4467.6,0.5606
2026-08-30 14:01:00,1788098460000,4467.6,4468.16,4467.6,4468.16,4.8601
2026-08-30 14:02:00,1788098520000,4468.16,4469.46,4468.15,4469.46,10.5133
2026-08-30 14:03:00,1788098580000,4469.46,4469.46,4469.45,4469.45,1.3476
2026-08-30 14:04:00,1788098640000,4469.45,4469.46,4468.67,4468.67,6.3135
2026-08-30 14:05:00,1788098700000,4468.67,4468.68,4468.67,4468.68,0.9731
2026-08-30 14:06:00,1788098760000,4468.68,4469.68,4468.68,4469.19,12.1511
2026-08-30 14:07:00,1788098820000,4469.19,4469.87,4469.19,4469.87,3.9241
2026-08-30 14:08:00,1788098880000,4469.87,4469.87,4469.31,4469.32,1.9141
2026-08-30 14:09:00,1788098940000,4469.32,4469.32,4468.68,4468.68,1.4127
2026-08-30 14:10:00,1788099000000,4468.68,4468.68,4468.68,4468.68,0.0568
2026-08-30 14:11:00,1788099060000,4468.68,4468.68,4468.68,4468.68,0.0529
2026-08-30 14:12:00,1788099120000,4468.68,4468.68,4468.68,4468.68,0.0
2026-08-30 14:13:00,1788099180000,4468.69,4468.69,4468.69,4468.69,0.6734
2026-08-30 14:14:00,1788099240000,4468.69,4468.69,4468.69,4468.69,0.0318
2026-08-30 14:15:00,1788099300000,4468.69,4468.99,4468.69,4468.99,3.1342
2026-08-30 14:16:00,1788099360000,4468.99,4468.99,4468.98,4468.99,0.6856
2026-08-30 14:17:00,1788099420000,4468.99,4470.58,4468.99,4470.58,7.1131
2026-08-30 14:18:00,1788099480000,4470.57,4470.58,4470.57,4470.58,3.6343
2026-08-30 14:19:00,1788099540000,4470.58,4470.95,4470.58,4470.95,8.5092
2026-08-30 14:20:00,1788099600000,4470.96,4470.97,4470.96,4470.97,4.1561
2026-08-30 14:21:00,1788099660000,4470.97,4470.97,4470.96,4470.96,3.2816
2026-08-30 14:22:00,1788099720000,4470.97,4471.17,4470.97,4471.17,2.792
2026-08-30 14:23:00,1788099780000,4471.22,4471.22,4471.22,4471.22,1.42
2026-08-30 14:24:00,1788099840000,4471.22,4471.66,4471.22,4471.66,5.0734
2026-08-30 14:25:00,1788099900000,4471.65,4471.66,4471.65,4471.65,3.472
2026-08-30 14:26:00,1788099960000,4471.66,4471.66,4470.96,4470.97,8.0101
2026-08-30 14:27:00,1788100020000,4470.97,4471.22,4470.96,4470.97,5.1956
2026-08-30 14:28:00,1788100080000,4470.96,4470.97,4470.96,4470.97,1.8665
2026-08-30 14:29:00,1788100140000,4470.96,4470.96,4470.96,4470.96,2.3435
2026-08-30 14:30:00,1788100200000,4470.96,4470.96,4470.96,4470.96,0.0086
2026-08-30 14:31:00,1788100260000,4470.96,4470.97,4470.96,4470.97,0.193
2026-08-30 14:32:00,1788100320000,4470.97,4471.22,4470.97,4471.21,4.6147
2026-08-30 14:33:00,1788100380000,4471.22,4471.22,4471.22,4471.22,0.1359
2026-08-30 14:34:00,1788100440000,4471.22,4471.34,4471.22,4471.34,2.8169
2026-08-30 14:35:00,1788100500000,4471.64,4471.65,4471.64,4471.65,5.1981
2026-08-30 14:36:00,1788100560000,4471.64,4471.65,4471.64,4471.65,0.6719
2026-08-30 14:37:00,1788100620000,4471.65,4471.73,4471.65,4471.73,1.3854
2026-08-30 14:38:00,1788100680000,4471.73,4471.73,4471.72,4471.72,1.9404
2026-08-30 14:39:00,1788100740000,4471.72,4471.73,4471.72,4471.72,1.0098
2026-08-30 14:40:00,1788100800000,4471.72,4471.72,4471.72,4471.72,0.0017
2026-08-30 14:41:00,1788100860000,4471.73,4471.73,4471.73,4471.73,0.0732
2026-08-30 14:42:00,1788100920000,4471.73,4471.73,4471.72,4471.72,0.0523
2026-08-30 14:43:00,1788100980000,4471.73,4471.73,4471.72,4471.72,0.6935
2026-08-30 14:44:00,1788101040000,4471.72,4471.72,4471.72,4471.72,0.0
2026-08-30 14:45:00,1788101100000,4471.72,4471.73,4471.72,4471.72,3.4385
2026-08-30 14:46:00,1788101160000,4471.73,4471.73,4471.72,4471.73,0.1351
2026-08-30 14:47:00,1788101220000,4471.73,4471.73,4471.72,4471.72,1.3875
2026-08-30 14:48:00,1788101280000,4471.73,4471.73,4471.72,4471.73,0.8839
2026-08-30 14:49:00,1788101340000,4471.73,4472.21,4471.73,4472.21,2.7051
2026-08-30 14:50:00,1788101400000,4472.22,4472.22,4472.21,4472.22,0.2567
2026-08-30 14:51:00,1788101460000,4472.22,4472.34,4472.22,4472.34,0.8273
2026-08-30 14:52:00,1788101520000,4472.33,4472.33,4472.12,4472.12,0.4095
2026-08-30 14:53:00,1788101580000,4472.12,4472.12,4472.12,4472.12,0.0
2026-08-30 14:54:00,1788101640000,4471.72,4471.72,4470.12,4470.12,5.9257
2026-08-30 14:55:00,1788101700000,4470.12,4470.12,4470.12,4470.12,0.0
2026-08-30 14:56:00,1788101760000,4470.01,4470.01,4470.01,4470.01,0.1042
2026-08-30 14:57:00,1788101820000,4470.01,4470.01,4470.01,4470.01,0.0
2026-08-30 14:58:00,1788101880000,4470.01,4470.01,4470.0,4470.0,0.0269
2026-08-30 14:59:00,1788101940000,4470.0,4470.0,4470.0,4470.0,0.0
2026-08-30 15:00:00,1788102000000,4470.01,4470.01,4470.01,4470.01,0.0015
2026-08-30 15:01:00,1788102060000,4470.0,4470.01,4470.0,4470.0,0.0764
2026-08-30 15:02:00,1788102120000,4470.0,4470.0,4470.0,4470.0,0.5112
2026-08-30 15:03:00,1788102180000,4470.0,4470.0,4469.23,4469.23,3.3563
2026-08-30 15:04:00,1788102240000,4469.23,4469.23,4469.22,4469.22,0.4614
2026-08-30 15:05:00,1788102300000,4469.22,4469.22,4469.22,4469.22,0.0
2026-08-30 15:06:00,1788102360000,4469.23,4469.23,4469.23,4469.23,0.0011
2026-08-30 15:07:00,1788102420000,4469.22,4469.23,4469.22,4469.23,0.0235
2026-08-30 15:08:00,1788102480000,4469.22,4469.23,4467.9,4467.9,1.4693
2026-08-30 15:09:00,1788102540000,4467.91,4467.91,4467.7,4467.7,0.273
2026-08-30 15:10:00,1788102600000,4467.58,4467.58,4467.29,4467.29,0.1975
2026-08-30 15:11:00,1788102660000,4467.29,4467.29,4466.31,4466.31,4.3749
2026-08-30 15:12:00,1788102720000,4466.11,4466.12,4465.7,4465.7,0.0396
2026-08-30 15:13:00,1788102780000,4465.7,4465.71,4465.7,4465.71,2.9973
2026-08-30 15:14:00,1788102840000,4466.0,4466.9,4465.45,4465.45,25.0945
2026-08-30 15:15:00,1788102900000,4465.49,4465.54,4465.49,4465.54,1.4167
2026-08-30 15:16:00,1788102960000,4465.7,4465.7,4462.4,4464.45,36.777
2026-08-30 15:17:00,1788103020000,4464.45,4465.0,4464.45,4465.0,1.6155
2026-08-30 15:18:00,1788103080000,4465.0,4465.0,4465.0,4465.0,0.0923
2026-08-30 15:19:00,1788103140000,4465.0,4465.0,4465.0,4465.0,0.0571
2026-08-30 15:20:00,1788103200000,4465.0,4465.71,4465.0,4465.7,1.4786
2026-08-30 15:21:00,1788103260000,4465.71,4465.71,4465.7,4465.7,0.2524
2026-08-30 15:22:00,1788103320000,4465.71,4465.71,4465.71,4465.71,0.0089
2026-08-30 15:23:00,1788103380000,4465.7,4465.71,4465.7,4465.71,0.1663
2026-08-30 15:24:00,1788103440000,4465.71,4465.71,4465.71,4465.71,0.0033
2026-08-30 15:25:00,1788103500000,4465.71,4465.71,4465.71,4465.71,0.2252
2026-08-30 15:26:00,1788103560000,4465.71,4466.65,4465.71,4466.64,1.0128
2026-08-30 15:27:00,1788103620000,4466.64,4466.65,4466.64,4466.65,0.0262
2026-08-30 15:28:00,1788103680000,4466.65,4466.65,4466.64,4466.64,0.0101
2026-08-30 15:29:00,1788103740000,4466.65,4466.65,4466.65,4466.65,0.1821
2026-08-30 15:30:00,1788103800000,4466.65,4466.65,4466.65,4466.65,0.0
2026-08-30 15:31:00,1788103860000,4466.65,4466.65,4466.65,4466.65,0.0
2026-08-30 15:32:00,1788103920000,4466.65,4467.19,4466.65,4467.19,0.7153
2026-08-30 15:33:00,1788103980000,4467.19,4467.19,4467.19,4467.19,0.0
2026-08-30 15:34:00,1788104040000,4466.97,4466.97,4466.97,4466.97,0.0047
2026-08-30 15:35:00,1788104100000,4466.97,4466.97,4466.97,4466.97,0.0108
2026-08-30 15:36:00,1788104160000,4466.97,4466.97,4466.97,4466.97,0.1747
2026-08-30 15:37:00,1788104220000,4466.96,4466.97,4466.96,4466.96,0.6307
2026-08-30 15:38:00,1788104280000,4466.97,4466.97,4466.97,4466.97,1.1458
2026-08-30 15:39:00,1788104340000,4466.97,4466.97,4466.97,4466.97,0.2555
2026-08-30 15:40:00,1788104400000,4466.97,4466.98,4466.97,4466.97,0.9461
2026-08-30 15:41:00,1788104460000,4466.97,4466.98,4466.97,4466.98,0.0105
2026-08-30 15:42:00,1788104520000,4466.98,4467.87,4466.97,4467.87,3.8268
2026-08-30 15:43:00,1788104580000,4468.13,4469.54,4468.13,4469.54,2.5451
2026-08-30 15:44:00,1788104640000,4469.54,4470.0,4469.54,4470.0,1.6552
2026-08-30 15:45:00,1788104700000,4470.0,4470.28,4470.0,4470.28,1.0468
2026-08-30 15:46:00,1788104760000,4470.29,4470.29,4470.29,4470.29,0.082
2026-08-30 15:47:00,1788104820000,4470.29,4470.29,4470.29,4470.29,0.025
2026-08-30 15:48:00,1788104880000,4470.29,4471.3,4470.29,4471.3,0.6821
2026-08-30 15:49:00,1788104940000,4471.29,4471.41,4471.29,4471.41,4.4887
2026-08-30 15:50:00,1788105000000,4471.29,4471.29,4471.29,4471.29,0.0013
2026-08-30 15:51:00,1788105060000,4471.29,4471.29,4471.29,4471.29,0.0793
2026-08-30 15:52:00,1788105120000,4471.29,4471.29,4470.62,4470.62,0.8666
2026-08-30 15:53:00,1788105180000,4470.62,4470.62,4470.62,4470.62,0.0042
2026-08-30 15:54:00,1788105240000,4470.63,4470.63,4470.62,4470.62,0.6493
2026-08-30 15:55:00,1788105300000,4470.63,4471.41,4470.63,4470.89,2.1422
2026-08-30 15:56:00,1788105360000,4470.59,4470.59,4469.77,4469.77,2.4597
2026-08-30 15:57:00,1788105420000,4469.77,4469.77,4469.77,4469.77,0.0012
2026-08-30 15:58:00,1788105480000,4469.77,4469.77,4469.35,4469.35,0.1739
2026-08-30 15:59:00,1788105540000,4469.24,4469.24,4469.01,4469.01,0.9212
2026-08-30 16:00:00,1788105600000,4469.01,4469.01,4469.0,4469.01,0.0725
2026-08-30 16:01:00,1788105660000,4469.01,4469.41,4469.01,4469.41,1.783
2026-08-30 16:02:00,1788105720000,4469.42,4469.42,4469.42,4469.42,0.0224
2026-08-30 16:03:00,1788105780000,4469.42,4470.0,4469.42,4470.0,0.5103
2026-08-30 16:04:00,1788105840000,4470.0,4470.0,4470.0,4470.0,0.2368
2026-08-30 16:05:00,1788105900000,4470.0,4471.28,4470.0,4471.28,4.8673
2026-08-30 16:06:00,1788105960000,4471.28,4471.28,4471.28,4471.28,0.114
2026-08-30 16:07:00,1788106020000,4471.28,4471.28,4471.28,4471.28,0.2121
2026-08-30 16:08:00,1788106080000,4471.27,4471.27,4470.21,4470.21,0.4504
2026-08-30 16:09:00,1788106140000,4470.21,4470.22,4470.21,4470.21,1.0256
2026-08-30 16:10:00,1788106200000,4470.21,4470.21,4470.21,4470.21,0.0
2026-08-30 16:11:00,1788106260000,4470.22,4470.22,4470.22,4470.22,2.0558
2026-08-30 16:12:00,1788106320000,4470.21,4470.22,4470.21,4470.22,0.3082
2026-08-30 16:13:00,1788106380000,4470.66,4470.66,4470.66,4470.66,1.149
2026-08-30 16:14:00,1788106440000,4470.66,4470.66,4470.65,4470.65,0.5337
2026-08-30 16:15:00,1788106500000,4470.66,4470.66,4470.65,4470.66,0.4577
2026-08-30 16:16:00,1788106560000,4470.65,4470.66,4470.65,4470.66,0.0337
2026-08-30 16:17:00,1788106620000,4470.66,4471.44,4470.65,4471.43,9.1369
2026-08-30 16:18:00,1788106680000,4471.43,4471.9,4471.43,4471.89,5.3175
2026-08-30 16:19:00,1788106740000,4471.9,4472.35,4471.9,4472.35,3.2293
2026-08-30 16:20:00,1788106800000,4472.35,4472.35,4472.34,4472.35,0.5103
2026-08-30 16:21:00,1788106860000,4472.35,4472.42,4472.34,4472.41,2.8254
2026-08-30 16:22:00,1788106920000,4472.41,4472.42,4472.41,4472.41,2.2871
2026-08-30 16:23:00,1788106980000,4472.41,4472.42,4472.41,4472.41,0.7987
2026-08-30 16:24:00,1788107040000,4472.41,4472.41,4471.57,4471.57,1.6193
2026-08-30 16:25:00,1788107100000,4471.57,4471.57,4471.56,4471.57,0.0708
2026-08-30 16:26:00,1788107160000,4471.57,4471.57,4471.57,4471.57,0.1382
2026-08-30 16:27:00,1788107220000,4471.57,4471.57,4471.56,4471.56,5.7875
2026-08-30 16:28:00,1788107280000,4471.57,4471.57,4471.56,4471.56,0.108
2026-08-30 16:29:00,1788107340000,4471.57,4472.75,4471.57,4472.75,2.9444
2026-08-30 16:30:00,1788107400000,4472.75,4472.75,4472.74,4472.74,0.192
2026-08-30 16:31:00,1788107460000,4472.75,4472.75,4472.48,4472.49,0.7256
2026-08-30 16:32:00,1788107520000,4472.49,4472.59,4471.88,4471.89,6.394
2026-08-30 16:33:00,1788107580000,4471.89,4471.89,4471.89,4471.89,1.0408
2026-08-30 16:34:00,1788107640000,4471.89,4471.89,4471.89,4471.89,0.2039
2026-08-30 16:35:00,1788107700000,4471.89,4471.89,4471.89,4471.89,0.0682
2026-08-30 16:36:00,1788107760000,4471.89,4471.89,4471.89,4471.89,0.2305
2026-08-30 16:37:00,1788107820000,4471.89,4471.89,4471.88,4471.88,0.033
2026-08-30 16:38:00,1788107880000,4471.88,4471.89,4471.88,4471.89,0.2872
2026-08-30 16:39:00,1788107940000,4471.89,4471.9,4471.89,4471.9,0.586
2026-08-30 16:40:00,1788108000000,4471.9,4474.26,4471.9,4473.19,7.5043
2026-08-30 16:41:00,1788108060000,4473.19,4473.19,4473.18,4473.18,3.0228
2026-08-30 16:42:00,1788108120000,4473.19,4473.19,4473.19,4473.19,0.2308
2026-08-30 16:43:00,1788108180000,4473.19,4473.19,4473.19,4473.19,1.2134
2026-08-30 16:44:00,1788108240000,4473.19,4474.88,4473.19,4474.87,4.3798
2026-08-30 16:45:00,1788108300000,4474.87,4474.88,4474.35,4474.36,3.9785
2026-08-30 16:46:00,1788108360000,4474.36,4474.36,4474.36,4474.36,0.0215
2026-08-30 16:47:00,1788108420000,4474.36,4474.36,4474.02,4474.03,0.1612
2026-08-30 16:48:00,1788108480000,4474.02,4474.03,4474.02,4474.02,0.1667
2026-08-30 16:49:00,1788108540000,4474.02,4474.02,4474.02,4474.02,0.0031
2026-08-30 16:50:00,1788108600000,4474.02,4474.02,4474.02,4474.02,0.0729
2026-08-30 16:51:00,1788108660000,4474.03,4474.03,4474.03,4474.03,0.017
2026-08-30 16:52:00,1788108720000,4474.01,4474.01,4474.01,4474.01,1.0022
2026-08-30 16:53:00,1788108780000,4474.01,4474.01,4474.01,4474.01,0.1117
2026-08-30 16:54:00,1788108840000,4474.0,4474.01,4474.0,4474.01,0.7407
2026-08-30 16:55:00,1788108900000,4474.01,4474.01,4474.01,4474.01,0.156
2026-08-30 16:56:00,1788108960000,4474.01,4474.01,4474.01,4474.01,0.6753
2026-08-30 16:57:00,1788109020000,4474.01,4474.01,4474.01,4474.01,0.173
2026-08-30 16:58:00,1788109080000,4474.01,4474.01,4474.0,4474.01,0.2575
2026-08-30 16:59:00,1788109140000,4474.01,4474.01,4474.01,4474.01,1.5123
2026-08-30 17:00:00,1788109200000,4474.03,4474.35,4474.03,4474.35,0.6709
2026-08-30 17:01:00,1788109260000,4474.35,4474.35,4474.34,4474.34,2.5295
2026-08-30 17:02:00,1788109320000,4474.34,4474.35,4474.34,4474.35,0.33
2026-08-30 17:03:00,1788109380000,4474.35,4474.35,4474.34,4474.34,0.0211
2026-08-30 17:04:00,1788109440000,4474.34,4474.35,4474.34,4474.35,0.0576
2026-08-30 17:05:00,1788109500000,4474.35,4474.35,4474.0,4474.0,2.3601
2026-08-30 17:06:00,1788109560000,4473.52,4473.52,4473.51,4473.52,0.0514
2026-08-30 17:07:00,1788109620000,4473.51,4473.51,4473.51,4473.51,0.2235
2026-08-30 17:08:00,1788109680000,4473.51,4473.51,4473.18,4473.18,0.1718
2026-08-30 17:09:00,1788109740000,4473.18,4473.19,4473.18,4473.19,0.0072
2026-08-30 17:10:00,1788109800000,4473.19,4473.19,4471.92,4471.92,1.3266
2026-08-30 17:11:00,1788109860000,4471.91,4471.91,4471.54,4471.54,3.9334
2026-08-30 17:12:00,1788109920000,4471.55,4471.75,4471.55,4471.75,1.0992
2026-08-30 17:13:00,1788109980000,4471.75,4471.95,4471.59,4471.59,1.6425
2026-08-30 17:14:00,1788110040000,4471.6,4471.6,4471.6,4471.6,0.025
2026-08-30 17:15:00,1788110100000,4471.59,4471.59,4471.59,4471.59,0.837
2026-08-30 17:16:00,1788110160000,4471.59,4471.6,4471.59,4471.6,0.0973
2026-08-30 17:17:00,1788110220000,4471.6,4471.6,4471.6,4471.6,0.9812
2026-08-30 17:18:00,1788110280000,4471.61,4471.76,4471.61,4471.76,0.7173
2026-08-30 17:19:00,1788110340000,4472.47,4472.8,4472.47,4472.8,1.9676
2026-08-30 17:20:00,1788110400000,4472.8,4473.64,4472.8,4473.14,0.7391
2026-08-30 17:21:00,1788110460000,4473.14,4473.14,4473.14,4473.14,0.0044
2026-08-30 17:22:00,1788110520000,4473.14,4478.09,4473.14,4476.01,22.151
2026-08-30 17:23:00,1788110580000,4475.78,4475.78,4474.96,4474.96,2.561
2026-08-30 17:24:00,1788110640000,4474.81,4474.81,4473.47,4473.47,2.4182
2026-08-30 17:25:00,1788110700000,4473.47,4473.47,4473.47,4473.47,0.0
2026-08-30 17:26:00,1788110760000,4473.47,4473.47,4473.47,4473.47,0.1172
2026-08-30 17:27:00,1788110820000,4473.47,4473.47,4473.47,4473.47,0.0428
2026-08-30 17:28:00,1788110880000,4473.46,4473.47,4473.46,4473.47,0.0897
2026-08-30 17:29:00,1788110940000,4473.47,4473.95,4473.46,4473.95,0.6962
2026-08-30 17:30:00,1788111000000,4473.95,4473.95,4473.95,4473.95,0.1389
2026-08-30 17:31:00,1788111060000,4473.95,4473.95,4473.95,4473.95,0.1717
2026-08-30 17:32:00,1788111120000,4473.95,4474.17,4473.95,4474.17,0.7986
2026-08-30 17:33:00,1788111180000,4474.43,4474.43,4474.42,4474.43,0.3591
2026-08-30 17:34:00,1788111240000,4474.43,4474.88,4474.43,4474.87,4.294
2026-08-30 17:35:00,1788111300000,4474.87,4474.88,4474.64,4474.64,3.2423
2026-08-30 17:36:00,1788111360000,4474.66,4474.66,4474.65,4474.66,0.0813
2026-08-30 17:37:00,1788111420000,4474.65,4474.65,4474.65,4474.65,0.0705
2026-08-30 17:38:00,1788111480000,4474.65,4474.66,4474.65,4474.66,0.0129
2026-08-30 17:39:00,1788111540000,4474.66,4474.66,4474.66,4474.66,0.0
2026-08-30 17:40:00,1788111600000,4474.65,4474.66,4474.65,4474.66,0.0053
2026-08-30 17:41:00,1788111660000,4474.66,4474.66,4474.66,4474.66,0.0022
2026-08-30 17:42:00,1788111720000,4474.66,4474.66,4474.66,4474.66,0.0492
2026-08-30 17:43:00,1788111780000,4474.65,4474.66,4474.65,4474.66,0.0395
2026-08-30 17:44:00,1788111840000,4474.65,4474.66,4474.65,4474.66,3.4967
2026-08-30 17:45:00,1788111900000,4474.66,4474.66,4474.65,4474.65,1.8019
2026-08-30 17:46:00,1788111960000,4474.66,4474.66,4474.66,4474.66,1.1479
2026-08-30 17:47:00,1788112020000,4474.66,4474.66,4474.66,4474.66,1.2446
2026-08-30 17:48:00,1788112080000,4474.66,4474.66,4474.66,4474.66,0.0073
2026-08-30 17:49:00,1788112140000,4474.43,4474.43,4474.43,4474.43,0.0176
2026-08-30 17:50:00,1788112200000,4474.15,4474.15,4474.15,4474.15,0.0045
2026-08-30 17:51:00,1788112260000,4474.15,4474.15,4474.14,4474.14,5.1378
2026-08-30 17:52:00,1788112320000,4473.91,4473.92,4473.67,4473.67,1.2312
2026-08-30 17:53:00,1788112380000,4473.67,4473.67,4473.1,4473.1,5.4711
2026-08-30 17:54:00,1788112440000,4472.58,4472.58,4472.57,4472.57,0.0244
2026-08-30 17:55:00,1788112500000,4472.57,4472.58,4472.57,4472.58,0.0134
2026-08-30 17:56:00,1788112560000,4472.58,4472.58,4472.57,4472.58,0.2609
2026-08-30 17:57:00,1788112620000,4472.57,4472.57,4471.82,4471.94,3.46
2026-08-30 17:58:00,1788112680000,4471.94,4472.57,4471.94,4472.57,2.5527
2026-08-30 17:59:00,1788112740000,4472.57,4472.57,4472.57,4472.57,0.0
2026-08-30 18:00:00,1788112800000,4472.56,4472.56,4472.33,4472.33,1.0289
2026-08-30 18:01:00,1788112860000,4472.34,4472.34,4472.34,4472.34,0.1449
2026-08-30 18:02:00,1788112920000,4472.34,4472.34,4471.83,4471.83,0.3537
2026-08-30 18:03:00,1788112980000,4471.83,4471.83,4471.82,4471.82,0.1203
2026-08-30 18:04:00,1788113040000,4471.82,4471.82,4471.82,4471.82,0.1191
2026-08-30 18:05:00,1788113100000,4471.82,4471.82,4471.82,4471.82,0.1928
2026-08-30 18:06:00,1788113160000,4471.82,4471.82,4471.81,4471.82,0.1207
2026-08-30 18:07:00,1788113220000,4471.82,4471.82,4471.82,4471.82,0.0824
2026-08-30 18:08:00,1788113280000,4471.82,4471.82,4471.82,4471.82,0.1131
2026-08-30 18:09:00,1788113340000,4471.82,4471.82,4471.32,4471.33,1.4446
2026-08-30 18:10:00,1788113400000,4471.33,4471.33,4471.32,4471.33,2.6364
2026-08-30 18:11:00,1788113460000,4471.32,4471.32,4469.35,4469.36,2.7462
2026-08-30 18:12:00,1788113520000,4469.36,4469.36,4469.36,4469.36,0.3287
2026-08-30 18:13:00,1788113580000,4469.35,4469.36,4469.35,4469.35,0.1255
2026-08-30 18:14:00,1788113640000,4469.36,4469.93,4469.35,4469.93,1.637
2026-08-30 18:15:00,1788113700000,4469.93,4469.93,4469.92,4469.93,0.1619
2026-08-30 18:16:00,1788113760000,4469.93,4469.93,4469.93,4469.93,0.1363
2026-08-30 18:17:00,1788113820000,4469.93,4469.93,4469.92,4469.93,0.4974
2026-08-30 18:18:00,1788113880000,4469.93,4469.93,4469.92,4469.92,0.3152
2026-08-30 18:19:00,1788113940000,4469.93,4471.64,4469.93,4470.92,3.4729
2026-08-30 18:20:00,1788114000000,4470.92,4470.92,4470.92,4470.92,0.1706
2026-08-30 18:21:00,1788114060000,4470.92,4471.14,4470.92,4471.14,2.1488
2026-08-30 18:22:00,1788114120000,4471.14,4471.14,4471.13,4471.14,0.4154
2026-08-30 18:23:00,1788114180000,4471.14,4471.14,4471.14,4471.14,0.3129
2026-08-30 18:24:00,1788114240000,4471.14,4471.14,4471.14,4471.14,0.1124
2026-08-30 18:25:00,1788114300000,4471.14,4471.64,4471.14,4471.64,0.2505
2026-08-30 18:26:00,1788114360000,4471.64,4471.64,4471.64,4471.64,0.202
2026-08-30 18:27:00,1788114420000,4471.64,4471.64,4471.63,4471.63,0.0876
2026-08-30 18:28:00,1788114480000,4471.64,4472.63,4471.64,4472.63,1.4331
2026-08-30 18:29:00,1788114540000,4472.63,4472.63,4472.62,4472.63,0.1162
2026-08-30 18:30:00,1788114600000,4472.63,4472.63,4472.63,4472.63,0.0922
2026-08-30 18:31:00,1788114660000,4472.63,4472.63,4472.63,4472.63,0.2467
2026-08-30 18:32:00,1788114720000,4472.63,4472.84,4472.63,4472.84,1.4179
2026-08-30 18:33:00,1788114780000,4472.84,4473.1,4472.84,4473.1,0.7203
2026-08-30 18:34:00,1788114840000,4473.1,4473.1,4473.1,4473.1,0.077
2026-08-30 18:35:00,1788114900000,4473.1,4473.1,4473.1,4473.1,0.1677
2026-08-30 18:36:00,1788114960000,4473.1,4473.1,4473.1,4473.1,0.0923
2026-08-30 18:37:00,1788115020000,4473.1,4473.1,4473.09,4473.1,0.1764
2026-08-30 18:38:00,1788115080000,4473.1,4473.1,4472.53,4472.53,1.0724
2026-08-30 18:39:00,1788115140000,4472.53,4472.53,4472.53,4472.53,0.2051
2026-08-30 18:40:00,1788115200000,4472.77,4473.53,4472.77,4473.53,1.3369
2026-08-30 18:41:00,1788115260000,4473.53,4473.53,4473.52,4473.53,0.5002
2026-08-30 18:42:00,1788115320000,4473.53,4473.53,4473.52,4473.53,0.7892
2026-08-30 18:43:00,1788115380000,4473.53,4473.53,4473.53,4473.53,0.0
2026-08-30 18:44:00,1788115440000,4473.62,4473.62,4472.62,4472.62,1.7254
2026-08-30 18:45:00,1788115500000,4472.62,4472.62,4472.62,4472.62,0.0
2026-08-30 18:46:00,1788115560000,4472.62,4472.62,4472.62,4472.62,0.0
2026-08-30 18:47:00,1788115620000,4472.25,4472.26,4472.25,4472.26,0.0707
2026-08-30 18:48:00,1788115680000,4472.26,4473.33,4472.26,4473.33,1.42
2026-08-30 18:49:00,1788115740000,4473.33,4473.33,4473.02,4473.02,0.8024
2026-08-30 18:50:00,1788115800000,4473.02,4473.02,4473.02,4473.02,0.0
2026-08-30 18:51:00,1788115860000,4473.02,4473.02,4473.02,4473.02,0.0
2026-08-30 18:52:00,1788115920000,4472.86,4472.86,4472.86,4472.86,0.0076
2026-08-30 18:53:00,1788115980000,4472.86,4472.86,4472.86,4472.86,0.0
2026-08-30 18:54:00,1788116040000,4472.85,4472.85,4471.96,4472.12,2.8752
2026-08-30 18:55:00,1788116100000,4472.12,4472.12,4472.12,4472.12,0.1985
2026-08-30 18:56:00,1788116160000,4472.11,4472.12,4472.11,4472.12,0.0416
2026-08-30 18:57:00,1788116220000,4472.12,4472.12,4472.12,4472.12,0.0
2026-08-30 18:58:00,1788116280000,4472.12,4472.12,4472.12,4472.12,0.0035
2026-08-30 18:59:00,1788116340000,4472.12,4472.12,4472.11,4472.11,0.0307
2026-08-30 19:00:00,1788116400000,4472.12,4472.12,4472.11,4472.12,0.0424
2026-08-30 19:01:00,1788116460000,4472.12,4472.12,4472.12,4472.12,0.0713
2026-08-30 19:02:00,1788116520000,4472.12,4472.12,4472.12,4472.12,0.0
2026-08-30 19:03:00,1788116580000,4472.12,4472.12,4472.12,4472.12,0.0
2026-08-30 19:04:00,1788116640000,4472.12,4472.12,4472.12,4472.12,0.006
2026-08-30 19:05:00,1788116700000,4472.11,4472.12,4472.11,4472.12,0.085
2026-08-30 19:06:00,1788116760000,4472.11,4472.12,4472.11,4472.12,0.0993
2026-08-30 19:07:00,1788116820000,4472.11,4472.11,4472.11,4472.11,0.1538
2026-08-30 19:08:00,1788116880000,4472.11,4472.11,4472.11,4472.11,0.518
2026-08-30 19:09:00,1788116940000,4472.12,4472.12,4472.12,4472.12,0.0472
2026-08-30 19:10:00,1788117000000,4472.11,4472.11,4472.11,4472.11,0.0368
2026-08-30 19:11:00,1788117060000,4472.11,4472.11,4472.11,4472.11,0.0
2026-08-30 19:12:00,1788117120000,4472.12,4472.12,4472.12,4472.12,0.0023
2026-08-30 19:13:00,1788117180000,4472.12,4472.12,4472.12,4472.12,0.9553
2026-08-30 19:14:00,1788117240000,4472.13,4472.13,4472.13,4472.13,0.603
2026-08-30 19:15:00,1788117300000,4472.12,4472.13,4472.12,4472.13,0.1419
2026-08-30 19:16:00,1788117360000,4472.13,4472.13,4472.13,4472.13,0.2696
2026-08-30 19:17:00,1788117420000,4472.13,4472.13,4472.13,4472.13,0.3194
2026-08-30 19:18:00,1788117480000,4472.13,4472.13,4472.13,4472.13,0.112
2026-08-30 19:19:00,1788117540000,4472.13,4474.01,4472.13,4473.71,5.3875
2026-08-30 19:20:00,1788117600000,4473.58,4473.58,4471.66,4471.67,8.0245
2026-08-30 19:21:00,1788117660000,4471.66,4471.66,4471.66,4471.66,0.2261
2026-08-30 19:22:00,1788117720000,4471.67,4471.67,4471.67,4471.67,0.0214
2026-08-30 19:23:00,1788117780000,4471.66,4471.66,4471.14,4471.14,2.4595
2026-08-30 19:24:00,1788117840000,4471.13,4471.37,4471.13,4471.37,2.7646
2026-08-30 19:25:00,1788117900000,4471.49,4471.49,4471.49,4471.49,0.0017
2026-08-30 19:26:00,1788117960000,4471.49,4471.49,4471.49,4471.49,0.168
2026-08-30 19:27:00,1788118020000,4471.49,4471.49,4471.49,4471.49,0.5601
2026-08-30 19:28:00,1788118080000,4471.49,4471.49,4471.49,4471.49,0.2094
2026-08-30 19:29:00,1788118140000,4471.49,4471.49,4471.49,4471.49,0.0
2026-08-30 19:30:00,1788118200000,4471.48,4472.46,4471.48,4472.46,4.4619
2026-08-30 19:31:00,1788118260000,4472.46,4472.46,4472.46,4472.46,0.085
2026-08-30 19:32:00,1788118320000,4472.46,4473.32,4472.46,4473.32,0.6042
2026-08-30 19:33:00,1788118380000,4473.32,4473.32,4473.32,4473.32,0.0119
2026-08-30 19:34:00,1788118440000,4473.31,4473.32,4473.31,4473.31,0.0089
2026-08-30 19:35:00,1788118500000,4473.32,4473.32,4473.0,4473.0,1.0237
2026-08-30 19:36:00,1788118560000,4472.28,4472.29,4472.06,4472.28,3.507
2026-08-30 19:37:00,1788118620000,4472.29,4473.82,4472.29,4473.81,1.7905
2026-08-30 19:38:00,1788118680000,4472.82,4472.82,4472.82,4472.82,0.051
2026-08-30 19:39:00,1788118740000,4472.46,4472.46,4469.48,4469.48,12.2646
2026-08-30 19:40:00,1788118800000,4469.72,4469.72,4469.72,4469.72,0.0795
2026-08-30 19:41:00,1788118860000,4469.73,4469.73,4469.73,4469.73,0.0107
2026-08-30 19:42:00,1788118920000,4469.73,4469.73,4469.72,4469.73,1.247
2026-08-30 19:43:00,1788118980000,4469.73,4469.73,4469.73,4469.73,0.076
2026-08-30 19:44:00,1788119040000,4469.73,4470.82,4469.73,4470.51,4.2285
2026-08-30 19:45:00,1788119100000,4470.5,4470.5,4469.56,4469.56,0.4323
2026-08-30 19:46:00,1788119160000,4469.56,4469.56,4468.99,4468.99,3.7251
2026-08-30 19:47:00,1788119220000,4469.18,4469.6,4469.18,4469.6,1.3514
2026-08-30 19:48:00,1788119280000,4469.6,4471.65,4469.6,4471.65,1.0828
2026-08-30 19:49:00,1788119340000,4471.65,4471.65,4471.65,4471.65,0.029
2026-08-30 19:50:00,1788119400000,4471.65,4471.65,4471.65,4471.65,0.1798
2026-08-30 19:51:00,1788119460000,4471.65,4471.65,4471.64,4471.64,3.94
2026-08-30 19:52:00,1788119520000,4471.65,4471.65,4471.64,4471.64,0.1382
2026-08-30 19:53:00,1788119580000,4471.64,4471.64,4471.64,4471.64,0.0273
2026-08-30 19:54:00,1788119640000,4471.65,4471.65,4471.65,4471.65,0.0291
2026-08-30 19:55:00,1788119700000,4471.65,4471.65,4471.65,4471.65,0.0
2026-08-30 19:56:00,1788119760000,4471.64,4471.64,4471.64,4471.64,0.0021
2026-08-30 19:57:00,1788119820000,4471.64,4471.64,4471.64,4471.64,0.0
2026-08-30 19:58:00,1788119880000,4471.65,4471.65,4471.65,4471.65,0.0015
2026-08-30 19:59:00,1788119940000,4471.64,4471.64,4471.64,4471.64,0.0153
2026-08-30 20:00:00,1788120000000,4471.65,4471.65,4471.65,4471.65,0.0015
2026-08-30 20:01:00,1788120060000,4471.64,4471.64,4470.63,4470.64,2.8984
2026-08-30 20:02:00,1788120120000,4470.64,4470.64,4470.63,4470.63,1.0662
2026-08-30 20:03:00,1788120180000,4470.63,4470.63,4470.63,4470.63,0.0
2026-08-30 20:04:00,1788120240000,4470.0,4470.01,4470.0,4470.01,0.0513
2026-08-30 20:05:00,1788120300000,4470.01,4470.01,4470.01,4470.01,0.0032
2026-08-30 20:06:00,1788120360000,4470.01,4470.01,4470.01,4470.01,0.0
2026-08-30 20:07:00,1788120420000,4469.93,4469.93,4469.34,4469.34,0.0099
2026-08-30 20:08:00,1788120480000,4468.93,4468.93,4468.93,4468.93,0.0016
2026-08-30 20:09:00,1788120540000,4468.93,4468.94,4468.93,4468.94,0.008
2026-08-30 20:10:00,1788120600000,4468.94,4468.94,4468.94,4468.94,0.0021
2026-08-30 20:11:00,1788120660000,4468.93,4468.93,4468.93,4468.93,0.4272
2026-08-30 20:12:00,1788120720000,4468.59,4468.59,4468.59,4468.59,0.0451
2026-08-30 20:13:00,1788120780000,4468.6,4468.6,4468.6,4468.6,0.4365
2026-08-30 20:14:00,1788120840000,4468.6,4468.6,4468.6,4468.6,0.0843
2026-08-30 20:15:00,1788120900000,4468.59,4468.6,4468.59,4468.6,0.0059
2026-08-30 20:16:00,1788120960000,4468.59,4468.59,4468.59,4468.59,0.2608
2026-08-30 20:17:00,1788121020000,4468.59,4468.59,4468.58,4468.58,0.0038
2026-08-30 20:18:00,1788121080000,4468.58,4468.59,4468.58,4468.58,0.1131
2026-08-30 20:19:00,1788121140000,4467.97,4467.97,4467.96,4467.96,0.0523
2026-08-30 20:20:00,1788121200000,4467.97,4467.97,4467.97,4467.97,0.0022
2026-08-30 20:21:00,1788121260000,4467.97,4467.97,4467.97,4467.97,0.0
2026-08-30 20:22:00,1788121320000,4467.96,4467.96,4467.06,4467.06,0.6404
2026-08-30 20:23:00,1788121380000,4467.03,4467.03,4465.95,4465.95,5.0062
2026-08-30 20:24:00,1788121440000,4465.97,4465.97,4465.97,4465.97,0.006
2026-08-30 20:25:00,1788121500000,4465.97,4465.97,4465.97,4465.97,0.0
2026-08-30 20:26:00,1788121560000,4465.97,4465.97,4465.97,4465.97,0.0111
2026-08-30 20:27:00,1788121620000,4465.96,4465.96,4465.96,4465.96,0.2923
2026-08-30 20:28:00,1788121680000,4465.97,4465.97,4465.96,4465.96,0.0737
2026-08-30 20:29:00,1788121740000,4465.97,4465.97,4465.96,4465.96,1.0446
2026-08-30 20:30:00,1788121800000,4465.97,4465.97,4465.96,4465.96,0.2856
2026-08-30 20:31:00,1788121860000,4465.97,4465.97,4465.97,4465.97,0.1298
2026-08-30 20:32:00,1788121920000,4465.97,4465.97,4465.96,4465.96,0.0116
2026-08-30 20:33:00,1788121980000,4465.96,4465.96,4465.96,4465.96,0.0
2026-08-30 20:34:00,1788122040000,4465.97,4465.97,4465.96,4465.96,1.0047
2026-08-30 20:35:00,1788122100000,4465.96,4465.96,4465.96,4465.96,0.0
2026-08-30 20:36:00,1788122160000,4465.96,4467.97,4465.96,4467.97,1.4096
2026-08-30 20:37:00,1788122220000,4467.73,4467.73,4467.09,4467.09,0.5656
2026-08-30 20:38:00,1788122280000,4467.09,4467.09,4467.09,4467.09,0.0
2026-08-30 20:39:00,1788122340000,4467.09,4467.09,4467.09,4467.09,0.0
2026-08-30 20:40:00,1788122400000,4467.09,4467.1,4467.09,4467.09,0.0243
2026-08-30 20:41:00,1788122460000,4467.09,4467.1,4467.09,4467.1,0.0211
2026-08-30 20:42:00,1788122520000,4467.1,4467.1,4467.09,4467.09,0.0595
2026-08-30 20:43:00,1788122580000,4467.1,4467.1,4467.1,4467.1,0.1211
2026-08-30 20:44:00,1788122640000,4467.1,4467.1,4467.09,4467.1,0.1002
2026-08-30 20:45:00,1788122700000,4467.09,4467.09,4466.17,4466.17,3.1727
2026-08-30 20:46:00,1788122760000,4466.17,4466.17,4466.17,4466.17,0.1191
2026-08-30 20:47:00,1788122820000,4466.17,4466.17,4466.16,4466.17,0.0684
2026-08-30 20:48:00,1788122880000,4466.17,4466.17,4466.17,4466.17,0.0535
2026-08-30 20:49:00,1788122940000,4466.17,4466.17,4466.16,4466.17,0.0903
2026-08-30 20:50:00,1788123000000,4466.17,4466.17,4465.69,4465.7,0.5793
2026-08-30 20:51:00,1788123060000,4465.7,4465.92,4465.7,4465.92,1.36
2026-08-30 20:52:00,1788123120000,4465.92,4466.17,4465.92,4466.17,3.137
2026-08-30 20:53:00,1788123180000,4466.17,4466.17,4466.17,4466.17,0.113
2026-08-30 20:54:00,1788123240000,4466.17,4466.17,4466.17,4466.17,0.0524
2026-08-30 20:55:00,1788123300000,4466.17,4466.17,4466.17,4466.17,0.117
2026-08-30 20:56:00,1788123360000,4466.17,4466.17,4466.17,4466.17,0.0155
2026-08-30 20:57:00,1788123420000,4466.17,4466.17,4466.17,4466.17,0.0899
2026-08-30 20:58:00,1788123480000,4466.17,4466.17,4466.17,4466.17,0.0523
2026-08-30 20:59:00,1788123540000,4466.17,4466.17,4466.17,4466.17,0.03
2026-08-30 21:00:00,1788123600000,4465.72,4465.72,4465.71,4465.71,0.1029
2026-08-30 21:01:00,1788123660000,4465.71,4466.14,4464.45,4464.47,14.1036
2026-08-30 21:02:00,1788123720000,4464.54,4464.54,4463.59,4463.59,6.1162
2026-08-30 21:03:00,1788123780000,4463.59,4463.59,4462.15,4462.15,6.2419
2026-08-30 21:04:00,1788123840000,4462.16,4462.16,4462.15,4462.15,0.0497
2026-08-30 21:05:00,1788123900000,4462.01,4463.38,4461.97,4463.38,14.0209
2026-08-30 21:06:00,1788123960000,4463.38,4463.38,4463.38,4463.38,0.0
2026-08-30 21:07:00,1788124020000,4463.38,4463.38,4463.38,4463.38,0.0
2026-08-30 21:08:00,1788124080000,4463.63,4463.63,4463.62,4463.62,0.2392
2026-08-30 21:09:00,1788124140000,4463.62,4463.62,4463.62,4463.62,0.0853
2026-08-30 21:10:00,1788124200000,4463.63,4463.65,4463.63,4463.65,2.2979
2026-08-30 21:11:00,1788124260000,4463.8,4466.14,4463.8,4466.14,8.581
2026-08-30 21:12:00,1788124320000,4465.56,4465.56,4465.56,4465.56,0.9695
2026-08-30 21:13:00,1788124380000,4465.55,4465.55,4464.54,4464.96,7.4266
2026-08-30 21:14:00,1788124440000,4464.95,4464.95,4464.95,4464.95,0.1946
2026-08-30 21:15:00,1788124500000,4464.95,4464.96,4464.95,4464.96,0.0975
2026-08-30 21:16:00,1788124560000,4464.96,4464.96,4464.96,4464.96,0.0032
2026-08-30 21:17:00,1788124620000,4464.95,4464.95,4464.95,4464.95,0.0036
2026-08-30 21:18:00,1788124680000,4464.95,4464.95,4464.55,4464.55,0.6216
2026-08-30 21:19:00,1788124740000,4464.53,4464.54,4464.53,4464.54,0.0775
2026-08-30 21:20:00,1788124800000,4464.53,4464.53,4464.53,4464.53,0.0013
2026-08-30 21:21:00,1788124860000,4464.53,4464.54,4464.53,4464.54,0.0077
2026-08-30 21:22:00,1788124920000,4464.54,4464.54,4464.54,4464.54,0.0
2026-08-30 21:23:00,1788124980000,4464.54,4464.54,4464.54,4464.54,0.0
2026-08-30 21:24:00,1788125040000,4464.53,4464.54,4464.53,4464.54,1.3568
2026-08-30 21:25:00,1788125100000,4464.53,4464.54,4464.53,4464.54,0.0144
2026-08-30 21:26:00,1788125160000,4464.54,4464.54,4464.54,4464.54,0.0
2026-08-30 21:27:00,1788125220000,4464.53,4464.53,4463.69,4463.69,1.105
2026-08-30 21:28:00,1788125280000,4463.69,4463.69,4463.69,4463.69,0.0
2026-08-30 21:29:00,1788125340000,4463.69,4463.69,4463.69,4463.69,0.0
2026-08-30 21:30:00,1788125400000,4463.73,4463.73,4463.73,4463.73,0.0022
2026-08-30 21:31:00,1788125460000,4463.73,4463.73,4462.76,4462.76,0.3302
2026-08-30 21:32:00,1788125520000,4462.77,4463.19,4462.77,4463.19,0.6514
2026-08-30 21:33:00,1788125580000,4463.62,4463.62,4463.62,4463.62,0.0042
2026-08-30 21:34:00,1788125640000,4463.37,4463.37,4462.78,4462.78,0.1586
2026-08-30 21:35:00,1788125700000,4462.78,4462.78,4462.78,4462.78,0.0022
2026-08-30 21:36:00,1788125760000,4462.78,4462.78,4462.76,4462.77,1.3904
2026-08-30 21:37:00,1788125820000,4462.77,4462.77,4462.77,4462.77,0.0013
2026-08-30 21:38:00,1788125880000,4462.77,4462.77,4462.77,4462.77,0.0
2026-08-30 21:39:00,1788125940000,4462.77,4462.78,4462.77,4462.78,0.0079
2026-08-30 21:40:00,1788126000000,4462.77,4462.77,4460.33,4460.34,7.7774
2026-08-30 21:41:00,1788126060000,4460.33,4460.33,4457.01,4458.41,23.1844
2026-08-30 21:42:00,1788126120000,4458.67,4458.92,4458.67,4458.92,1.0602
2026-08-30 21:43:00,1788126180000,4458.98,4459.52,4458.92,4458.92,0.7047
2026-08-30 21:44:00,1788126240000,4459.58,4459.58,4459.58,4459.58,0.0015
2026-08-30 21:45:00,1788126300000,4459.58,4459.65,4459.39,4459.39,2.0005
2026-08-30 21:46:00,1788126360000,4458.67,4458.67,4458.01,4458.01,0.2824
2026-08-30 21:47:00,1788126420000,4458.1,4458.68,4458.1,4458.67,0.5184
2026-08-30 21:48:00,1788126480000,4458.67,4458.67,4458.28,4458.28,0.0952
2026-08-30 21:49:00,1788126540000,4458.28,4458.28,4458.28,4458.28,0.0
2026-08-30 21:50:00,1788126600000,4458.28,4458.5,4458.28,4458.5,3.9545
2026-08-30 21:51:00,1788126660000,4458.51,4458.53,4458.51,4458.53,1.0581
2026-08-30 21:52:00,1788126720000,4458.28,4458.49,4458.27,4458.49,1.9068
2026-08-30 21:53:00,1788126780000,4458.3,4459.04,4458.3,4459.03,0.873
2026-08-30 21:54:00,1788126840000,4459.04,4459.04,4459.04,4459.04,0.1402
2026-08-30 21:55:00,1788126900000,4459.04,4459.37,4459.04,4459.37,9.9391
2026-08-30 21:56:00,1788126960000,4459.42,4459.57,4459.42,4459.57,0.9316
2026-08-30 21:57:00,1788127020000,4459.57,4459.57,4459.57,4459.57,0.0
2026-08-30 21:58:00,1788127080000,4459.43,4459.43,4458.01,4458.16,4.7704
2026-08-30 21:59:00,1788127140000,4458.73,4463.06,4458.73,4463.06,5.7764
2026-08-30 22:00:00,1788127200000,4462.15,4462.25,4438.24,4448.41,324.5896
2026-08-30 22:01:00,1788127260000,4447.93,4450.12,4445.88,4449.76,22.8493
2026-08-30 22:02:00,1788127320000,4449.94,4456.02,4449.94,4451.85,13.1964
2026-08-30 22:03:00,1788127380000,4452.19,4453.32,4449.23,4451.92,19.3861
2026-08-30 22:04:00,1788127440000,4450.88,4451.15,4450.01,4450.01,13.9808
2026-08-30 22:05:00,1788127500000,4450.01,4454.67,4450.01,4452.21,9.0306
2026-08-30 22:06:00,1788127560000,4451.41,4453.97,4449.52,4452.64,17.2908
2026-08-30 22:07:00,1788127620000,4452.63,4452.63,4448.56,4450.38,63.9557
2026-08-30 22:08:00,1788127680000,4450.6,4451.57,4450.04,4451.57,8.4593
2026-08-30 22:09:00,1788127740000,4451.57,4453.34,4450.96,4451.37,27.3281
2026-08-30 22:10:00,1788127800000,4451.77,4453.18,4451.77,4452.1,2.6623
2026-08-30 22:11:00,1788127860000,4452.1,4453.64,4452.1,4452.3,20.2369
2026-08-30 22:12:00,1788127920000,4452.07,4453.62,4449.91,4452.38,46.1627
2026-08-30 22:13:00,1788127980000,4452.68,4455.56,4452.68,4455.05,20.6063
2026-08-30 22:14:00,1788128040000,4455.05,4455.56,4455.05,4455.56,8.7256
2026-08-30 22:15:00,1788128100000,4455.98,4455.98,4454.62,4455.75,2.6766
2026-08-30 22:16:00,1788128160000,4455.46,4455.46,4454.17,4454.17,0.4738
2026-08-30 22:17:00,1788128220000,4453.63,4454.1,4453.4,4454.09,1.5249
2026-08-30 22:18:00,1788128280000,4454.09,4457.2,4454.09,4456.34,18.4603
2026-08-30 22:19:00,1788128340000,4456.35,4458.01,4456.35,4458.01,16.6732
2026-08-30 22:20:00,1788128400000,4457.57,4458.91,4457.57,4458.59,10.1022
2026-08-30 22:21:00,1788128460000,4458.07,4458.07,4456.01,4457.48,14.953
2026-08-30 22:22:00,1788128520000,4457.48,4459.86,4457.11,4459.86,9.1635
2026-08-30 22:23:00,1788128580000,4459.86,4461.41,4459.86,4460.8,10.2788
2026-08-30 22:24:00,1788128640000,4460.36,4460.57,4459.06,4459.06,7.2852
2026-08-30 22:25:00,1788128700000,4458.27,4458.75,4457.03,4458.73,15.64
2026-08-30 22:26:00,1788128760000,4459.63,4460.52,4457.98,4457.98,16.1255
2026-08-30 22:27:00,1788128820000,4457.99,4457.99,4454.66,4456.03,34.3056
2026-08-30 22:28:00,1788128880000,4455.74,4457.48,4454.74,4455.14,10.4954
2026-08-30 22:29:00,1788128940000,4455.19,4456.83,4455.19,4456.47,1.6326
2026-08-30 22:30:00,1788129000000,4456.46,4456.46,4456.26,4456.26,1.0966
2026-08-30 22:31:00,1788129060000,4456.26,4456.26,4454.19,4455.74,9.132
2026-08-30 22:32:00,1788129120000,4455.74,4455.74,4455.74,4455.74,0.0
2026-08-30 22:33:00,1788129180000,4454.48,4454.48,4453.3,4453.3,0.0991
2026-08-30 22:34:00,1788129240000,4452.84,4453.5,4452.33,4453.5,2.0296
2026-08-30 22:35:00,1788129300000,4451.27,4452.48,4451.27,4452.48,3.6243
2026-08-30 22:36:00,1788129360000,4452.25,4452.53,4452.25,4452.26,0.3274
2026-08-30 22:37:00,1788129420000,4451.34,4452.91,4451.34,4452.91,7.633
2026-08-30 22:38:00,1788129480000,4452.92,4457.2,4452.92,4457.2,2.5989
2026-08-30 22:39:00,1788129540000,4457.2,4457.2,4456.92,4456.92,0.0852
2026-08-30 22:40:00,1788129600000,4456.92,4457.36,4456.92,4457.36,1.3287
2026-08-30 22:41:00,1788129660000,4457.68,4458.67,4457.68,4458.45,3.9338
2026-08-30 22:42:00,1788129720000,4457.95,4457.95,4457.95,4457.95,0.0158
2026-08-30 22:43:00,1788129780000,4457.47,4457.47,4455.12,4455.12,4.2878
2026-08-30 22:44:00,1788129840000,4454.4,4454.4,4453.45,4453.46,0.3944
2026-08-30 22:45:00,1788129900000,4453.54,4456.54,4453.54,4456.54,9.0002
2026-08-30 22:46:00,1788129960000,4456.93,4456.93,4456.22,4456.55,0.3239
2026-08-30 22:47:00,1788130020000,4456.22,4456.22,4456.22,4456.22,0.0223
2026-08-30 22:48:00,1788130080000,4455.56,4456.21,4455.56,4456.21,1.6336
2026-08-30 22:49:00,1788130140000,4456.21,4456.21,4456.21,4456.21,0.0
2026-08-30 22:50:00,1788130200000,4456.01,4456.01,4456.0,4456.0,0.2439
2026-08-30 22:51:00,1788130260000,4455.57,4455.57,4455.57,4455.57,0.0026
2026-08-30 22:52:00,1788130320000,4455.57,4455.57,4455.57,4455.57,0.0683
2026-08-30 22:53:00,1788130380000,4455.57,4455.57,4455.56,4455.57,0.1619
2026-08-30 22:54:00,1788130440000,4455.57,4455.57,4455.56,4455.56,0.0059
2026-08-30 22:55:00,1788130500000,4455.56,4455.57,4455.56,4455.57,0.2478
2026-08-30 22:56:00,1788130560000,4455.57,4456.98,4455.57,4456.88,2.9585
2026-08-30 22:57:00,1788130620000,4456.88,4457.47,4456.87,4457.47,0.1065
2026-08-30 22:58:00,1788130680000,4457.59,4459.6,4457.37,4459.6,3.4803
2026-08-30 22:59:00,1788130740000,4458.58,4458.58,4458.58,4458.58,0.007
2026-08-30 23:00:00,1788130800000,4458.74,4459.47,4458.71,4458.71,0.2643
2026-08-30 23:01:00,1788130860000,4459.2,4459.33,4458.04,4459.33,0.3962
2026-08-30 23:02:00,1788130920000,4459.15,4459.32,4457.81,4458.36,3.8226
2026-08-30 23:03:00,1788130980000,4459.2,4459.21,4459.2,4459.21,0.2107
2026-08-30 23:04:00,1788131040000,4459.21,4459.85,4459.21,4459.84,0.1146
2026-08-30 23:05:00,1788131100000,4459.85,4459.85,4459.84,4459.85,1.2298
2026-08-30 23:06:00,1788131160000,4459.85,4462.99,4459.85,4461.73,10.1111
2026-08-30 23:07:00,1788131220000,4461.73,4461.74,4460.68,4460.68,0.4868
2026-08-30 23:08:00,1788131280000,4460.68,4461.8,4460.68,4461.8,1.34
2026-08-30 23:09:00,1788131340000,4461.79,4461.79,4461.79,4461.79,0.0089
2026-08-30 23:10:00,1788131400000,4461.07,4461.07,4460.43,4460.43,0.1578
2026-08-30 23:11:00,1788131460000,4460.44,4461.21,4460.43,4460.88,3.6508
2026-08-30 23:12:00,1788131520000,4460.66,4460.66,4459.81,4459.82,0.3128
2026-08-30 23:13:00,1788131580000,4459.75,4459.75,4456.87,4456.87,3.9134
2026-08-30 23:14:00,1788131640000,4456.62,4457.29,4456.62,4457.29,0.0592
2026-08-30 23:15:00,1788131700000,4456.69,4456.69,4456.69,4456.69,0.293
2026-08-30 23:16:00,1788131760000,4456.96,4458.29,4456.96,4458.29,1.6272
2026-08-30 23:17:00,1788131820000,4458.29,4458.68,4457.97,4457.97,1.4493
2026-08-30 23:18:00,1788131880000,4457.97,4459.62,4457.97,4458.74,1.2201
2026-08-30 23:19:00,1788131940000,4458.74,4459.86,4458.74,4458.96,1.0658
2026-08-30 23:20:00,1788132000000,4459.24,4460.29,4458.37,4460.29,7.8383
2026-08-30 23:21:00,1788132060000,4459.77,4460.85,4459.77,4459.78,0.946
2026-08-30 23:22:00,1788132120000,4459.78,4459.78,4458.97,4458.97,0.2882
2026-08-30 23:23:00,1788132180000,4458.97,4458.97,4456.09,4457.72,9.214
2026-08-30 23:24:00,1788132240000,4457.44,4457.44,4454.81,4454.81,8.9378
2026-08-30 23:25:00,1788132300000,4454.8,4454.81,4454.46,4454.46,0.6634
2026-08-30 23:26:00,1788132360000,4454.46,4454.46,4453.46,4453.46,1.1375
2026-08-30 23:27:00,1788132420000,4453.02,4453.02,4452.25,4452.25,1.2474
2026-08-30 23:28:00,1788132480000,4451.8,4453.15,4451.8,4453.15,5.0719
2026-08-30 23:29:00,1788132540000,4453.14,4453.46,4453.14,4453.45,1.3516
2026-08-30 23:30:00,1788132600000,4453.17,4453.17,4448.4,4448.51,10.2903
2026-08-30 23:31:00,1788132660000,4448.07,4449.44,4448.07,4449.36,4.7861
2026-08-30 23:32:00,1788132720000,4450.83,4451.1,4448.68,4450.36,3.3653
2026-08-30 23:33:00,1788132780000,4451.32,4453.31,4450.62,4451.08,2.9567
2026-08-30 23:34:00,1788132840000,4451.83,4451.83,4450.95,4450.95,2.4846
2026-08-30 23:35:00,1788132900000,4450.94,4450.94,4449.69,4449.7,1.856
2026-08-30 23:36:00,1788132960000,4450.58,4450.58,4448.84,4450.01,3.3891
2026-08-30 23:37:00,1788133020000,4449.37,4449.37,4447.06,4447.06,0.2643
2026-08-30 23:38:00,1788133080000,4447.06,4447.26,4447.05,4447.25,1.5715
2026-08-30 23:39:00,1788133140000,4447.71,4447.71,4446.87,4446.87,1.6452
2026-08-30 23:40:00,1788133200000,4446.81,4446.81,4446.24,4446.25,1.2302
2026-08-30 23:41:00,1788133260000,4446.24,4446.24,4443.05,4443.28,2.6209
2026-08-30 23:42:00,1788133320000,4443.72,4443.72,4443.15,4443.15,1.0032
2026-08-30 23:43:00,1788133380000,4442.93,4444.15,4442.37,4444.15,2.3406
2026-08-30 23:44:00,1788133440000,4443.48,4443.48,4442.21,4442.22,1.1977
2026-08-30 23:45:00,1788133500000,4442.21,4442.21,4437.97,4439.3,9.1167
2026-08-30 23:46:00,1788133560000,4438.76,4441.76,4438.39,4438.39,8.1931
2026-08-30 23:47:00,1788133620000,4438.39,4439.11,4436.96,4437.82,9.7497
2026-08-30 23:48:00,1788133680000,4437.82,4437.82,4434.94,4436.16,13.938
2026-08-30 23:49:00,1788133740000,4435.23,4436.05,4431.76,4434.81,18.5596
2026-08-30 23:50:00,1788133800000,4434.81,4439.96,4434.81,4439.96,3.6446
2026-08-30 23:51:00,1788133860000,4439.31,4439.82,4436.56,4439.41,5.9568
2026-08-30 23:52:00,1788133920000,4438.96,4441.21,4438.96,4441.08,2.3708
2026-08-30 23:53:00,1788133980000,4441.08,4441.56,4440.5,4440.5,0.6574
2026-08-30 23:54:00,1788134040000,4440.51,4442.2,4440.5,4441.17,3.2203
2026-08-30 23:55:00,1788134100000,4442.22,4445.45,4442.22,4444.96,2.6036
2026-08-30 23:56:00,1788134160000,4443.82,4448.82,4443.82,4448.18,2.9588
2026-08-30 23:57:00,1788134220000,4448.2,4450.8,4448.2,4450.8,2.8439
2026-08-30 23:58:00,1788134280000,4450.96,4452.49,4450.96,4452.49,2.1764
2026-08-30 23:59:00,1788134340000,4452.42,4454.47,4452.42,4454.25,9.3465
2026-08-31 00:00:00,1788134400000,4453.69,4455.58,4451.26,4455.57,17.6517
2026-08-31 00:01:00,1788134460000,4455.46,4456.73,4453.17,4455.73,9.2363
2026-08-31 00:02:00,1788134520000,4455.75,4455.75,4452.24,4452.56,3.6206
2026-08-31 00:03:00,1788134580000,4452.0,4452.68,4449.49,4451.35,18.5344
2026-08-31 00:04:00,1788134640000,4451.9,4454.27,4451.71,4453.9,19.9978
2026-08-31 00:05:00,1788134700000,4454.61,4454.72,4451.42,4453.07,8.5434
2026-08-31 00:06:00,1788134760000,4453.66,4454.94,4452.76,4454.94,3.1783
2026-08-31 00:07:00,1788134820000,4454.93,4454.93,4453.46,4453.46,2.0967
2026-08-31 00:08:00,1788134880000,4453.02,4454.35,4451.67,4454.11,1.9592
2026-08-31 00:09:00,1788134940000,4453.67,4453.67,4452.56,4452.56,0.6773
2026-08-31 00:10:00,1788135000000,4451.47,4452.11,4451.47,4451.47,0.4711
2026-08-31 00:11:00,1788135060000,4451.48,4453.37,4451.48,4452.81,1.918
2026-08-31 00:12:00,1788135120000,4453.22,4455.0,4451.67,4455.0,4.8947
2026-08-31 00:13:00,1788135180000,4455.0,4457.83,4454.1,4457.83,2.9659
2026-08-31 00:14:00,1788135240000,4457.9,4459.26,4457.9,4458.84,1.3643
2026-08-31 00:15:00,1788135300000,4458.83,4459.9,4458.42,4459.9,1.3279
2026-08-31 00:16:00,1788135360000,4459.9,4461.03,4459.16,4459.16,1.4841
2026-08-31 00:17:00,1788135420000,4459.47,4459.47,4456.62,4456.62,1.1461
2026-08-31 00:18:00,1788135480000,4458.35,4458.35,4456.84,4456.84,0.8835
2026-08-31 00:19:00,1788135540000,4457.25,4457.65,4456.88,4457.51,8.3595
2026-08-31 00:20:00,1788135600000,4457.06,4457.98,4456.61,4457.98,0.4528
2026-08-31 00:21:00,1788135660000,4456.66,4456.67,4456.16,4456.37,0.7476
2026-08-31 00:22:00,1788135720000,4456.85,4456.85,4455.79,4455.79,0.359
2026-08-31 00:23:00,1788135780000,4455.27,4456.36,4454.86,4454.86,0.8356
2026-08-31 00:24:00,1788135840000,4454.85,4454.86,4454.0,4454.01,0.567
2026-08-31 00:25:00,1788135900000,4455.03,4455.03,4454.36,4454.37,0.5735
2026-08-31 00:26:00,1788135960000,4454.39,4454.39,4451.03,4454.21,3.8459
2026-08-31 00:27:00,1788136020000,4454.21,4454.21,4451.59,4452.02,0.8638
2026-08-31 00:28:00,1788136080000,4451.24,4451.59,4449.42,4451.59,1.9953
2026-08-31 00:29:00,1788136140000,4452.01,4454.2,4450.69,4454.2,0.8365
2026-08-31 00:30:00,1788136200000,4454.08,4457.51,4454.08,4457.51,0.4627
2026-08-31 00:31:00,1788136260000,4457.53,4457.53,4457.53,4457.53,0.4487
2026-08-31 00:32:00,1788136320000,4459.82,4461.21,4459.31,4461.21,3.9559
2026-08-31 00:33:00,1788136380000,4461.21,4461.34,4461.21,4461.34,0.4155
2026-08-31 00:34:00,1788136440000,4461.33,4461.33,4459.31,4459.31,0.5293
2026-08-31 00:35:00,1788136500000,4459.32,4463.32,4459.32,4463.32,10.6939
2026-08-31 00:36:00,1788136560000,4463.32,4465.53,4463.24,4465.53,2.6647
2026-08-31 00:37:00,1788136620000,4465.52,4465.7,4464.88,4465.7,1.1845
2026-08-31 00:38:00,1788136680000,4465.7,4466.66,4465.7,4466.66,1.4513
2026-08-31 00:39:00,1788136740000,4466.65,4466.68,4464.91,4466.68,0.4507
2026-08-31 00:40:00,1788136800000,4466.67,4468.2,4465.61,4466.08,1.7612
2026-08-31 00:41:00,1788136860000,4466.47,4466.47,4465.76,4466.34,0.3777
2026-08-31 00:42:00,1788136920000,4466.33,4467.11,4464.03,4464.03,1.6307
2026-08-31 00:43:00,1788136980000,4464.24,4464.24,4462.59,4462.59,0.9121
2026-08-31 00:44:00,1788137040000,4462.02,4462.03,4462.02,4462.02,0.4026
2026-08-31 00:45:00,1788137100000,4462.56,4465.09,4461.99,4464.89,8.3896
2026-08-31 00:46:00,1788137160000,4464.15,4465.54,4464.15,4464.32,0.4185
2026-08-31 00:47:00,1788137220000,4465.54,4465.54,4465.02,4465.02,0.3506
2026-08-31 00:48:00,1788137280000,4465.22,4465.22,4464.72,4464.72,2.7674
2026-08-31 00:49:00,1788137340000,4464.34,4465.17,4463.81,4463.81,0.9178
2026-08-31 00:50:00,1788137400000,4462.92,4462.92,4462.14,4462.14,0.5433
2026-08-31 00:51:00,1788137460000,4463.27,4463.27,4461.11,4461.11,0.3513
2026-08-31 00:52:00,1788137520000,4460.34,4461.64,4460.34,4461.64,2.5697
2026-08-31 00:53:00,1788137580000,4461.63,4462.39,4461.57,4462.39,0.3309
2026-08-31 00:54:00,1788137640000,4462.98,4463.13,4462.46,4463.13,1.3979
2026-08-31 00:55:00,1788137700000,4463.13,4463.36,4462.01,4462.01,0.2371
2026-08-31 00:56:00,1788137760000,4461.57,4461.63,4460.67,4460.69,2.1944
2026-08-31 00:57:00,1788137820000,4460.67,4460.67,4457.81,4457.81,0.5517
2026-08-31 00:58:00,1788137880000,4457.35,4457.94,4457.35,4457.37,5.2472
2026-08-31 00:59:00,1788137940000,4457.36,4457.36,4454.8,4454.8,4.1309
2026-08-31 01:00:00,1788138000000,4454.02,4454.09,4442.94,4443.71,22.9659
2026-08-31 01:01:00,1788138060000,4442.94,4449.25,4436.29,4449.25,8.3259
2026-08-31 01:02:00,1788138120000,4450.0,4452.16,4448.23,4450.33,2.8832
2026-08-31 01:03:00,1788138180000,4451.72,4454.8,4448.97,4454.8,2.6922
2026-08-31 01:04:00,1788138240000,4454.76,4458.2,4454.59,4458.2,1.7291
2026-08-31 01:05:00,1788138300000,4457.6,4457.6,4450.18,4451.7,3.2418
2026-08-31 01:06:00,1788138360000,4451.29,4451.29,4445.79,4445.79,4.6106
2026-08-31 01:07:00,1788138420000,4445.78,4445.78,4441.14,4442.96,1.4324
2026-08-31 01:08:00,1788138480000,4442.48,4443.03,4439.19,4439.19,2.3076
2026-08-31 01:09:00,1788138540000,4438.86,4439.37,4435.88,4436.09,0.9949
2026-08-31 01:10:00,1788138600000,4436.1,4437.47,4433.39,4435.31,2.1531
2026-08-31 01:11:00,1788138660000,4433.98,4435.31,4432.87,4434.9,1.4911
2026-08-31 01:12:00,1788138720000,4434.24,4438.46,4434.24,4437.26,3.1259
2026-08-31 01:13:00,1788138780000,4436.1,4437.09,4435.04,4437.09,1.5757
2026-08-31 01:14:00,1788138840000,4434.78,4440.43,4434.78,4440.43,1.0914
2026-08-31 01:15:00,1788138900000,4441.16,4441.16,4438.9,4438.9,1.8723
2026-08-31 01:16:00,1788138960000,4438.92,4440.95,4438.91,4439.43,0.8961
2026-08-31 01:17:00,1788139020000,4442.7,4444.67,4441.32,4442.96,0.5585
2026-08-31 01:18:00,1788139080000,4443.05,4446.29,4443.05,4445.1,1.5339
2026-08-31 01:19:00,1788139140000,4445.1,4446.57,4445.1,4446.57,2.1652
2026-08-31 01:20:00,1788139200000,4446.57,4446.57,4442.67,4443.42,0.6299
2026-08-31 01:21:00,1788139260000,4444.06,4444.06,4440.72,4444.06,0.189
2026-08-31 01:22:00,1788139320000,4445.66,4449.67,4444.15,4447.8,17.1336
2026-08-31 01:23:00,1788139380000,4446.03,4446.03,4444.66,4444.66,0.38
2026-08-31 01:24:00,1788139440000,4444.0,4445.6,4443.87,4445.6,0.2069
2026-08-31 01:25:00,1788139500000,4446.33,4446.33,4442.05,4443.63,1.097
2026-08-31 01:26:00,1788139560000,4444.32,4445.5,4440.7,4440.7,0.008
2026-08-31 01:27:00,1788139620000,4440.72,4441.15,4440.72,4441.15,0.6293
2026-08-31 01:28:00,1788139680000,4442.67,4443.85,4442.45,4443.85,0.201
2026-08-31 01:29:00,1788139740000,4440.27,4441.63,4440.27,4441.63,0.4819
2026-08-31 01:30:00,1788139800000,4441.09,4444.19,4440.83,4442.76,2.2084
2026-08-31 01:31:00,1788139860000,4444.71,4446.09,4444.71,4444.92,1.231
2026-08-31 01:32:00,1788139920000,4443.81,4443.81,4440.26,4440.26,0.4386
2026-08-31 01:33:00,1788139980000,4439.36,4440.11,4435.61,4435.61,0.9441
2026-08-31 01:34:00,1788140040000,4435.29,4438.62,4433.89,4438.62,0.1552
2026-08-31 01:35:00,1788140100000,4437.75,4440.25,4435.92,4438.79,6.3404
2026-08-31 01:36:00,1788140160000,4436.37,4439.88,4436.37,4437.73,11.6498
2026-08-31 01:37:00,1788140220000,4438.23,4441.54,4438.23,4440.5,1.3847
2026-08-31 01:38:00,1788140280000,4442.45,4444.18,4442.45,4442.71,3.2694
2026-08-31 01:39:00,1788140340000,4443.42,4446.33,4443.42,4446.33,1.424
2026-08-31 01:40:00,1788140400000,4444.72,4444.72,4440.86,4441.62,0.4234
2026-08-31 01:41:00,1788140460000,4444.31,4446.79,4444.31,4446.79,2.9832
2026-08-31 01:42:00,1788140520000,4446.3,4449.13,4446.3,4448.05,1.7838
2026-08-31 01:43:00,1788140580000,4446.79,4449.13,4446.79,4447.87,3.6461
2026-08-31 01:44:00,1788140640000,4448.36,4448.36,4446.16,4446.55,0.2629
2026-08-31 01:45:00,1788140700000,4446.55,4446.55,4446.55,4446.55,0.0
2026-08-31 01:46:00,1788140760000,4447.91,4447.91,4446.26,4446.26,1.304
2026-08-31 01:47:00,1788140820000,4446.99,4446.99,4442.93,4442.93,4.2901
2026-08-31 01:48:00,1788140880000,4439.86,4440.65,4436.17,4436.36,7.9341
2026-08-31 01:49:00,1788140940000,4436.3,4437.12,4435.56,4436.0,3.2106
2026-08-31 01:50:00,1788141000000,4435.29,4436.42,4433.77,4436.42,4.5052
2026-08-31 01:51:00,1788141060000,4436.6,4436.95,4435.17,4435.17,2.6795
2026-08-31 01:52:00,1788141120000,4435.76,4437.71,4435.2,4437.04,1.1679
2026-08-31 01:53:00,1788141180000,4437.04,4437.04,4437.04,4437.04,0.0
2026-08-31 01:54:00,1788141240000,4437.07,4439.64,4437.07,4439.64,0.7118
2026-08-31 01:55:00,1788141300000,4440.52,4442.49,4438.62,4441.18,9.0471
2026-08-31 01:56:00,1788141360000,4442.07,4442.07,4441.64,4441.64,0.1641
2026-08-31 01:57:00,1788141420000,4440.86,4440.86,4440.86,4440.86,0.1561
2026-08-31 01:58:00,1788141480000,4439.82,4439.97,4437.72,4437.72,5.3707
2026-08-31 01:59:00,1788141540000,4437.61,4437.73,4436.2,4436.2,2.2068
2026-08-31 02:00:00,1788141600000,4436.46,4437.38,4430.11,4430.11,3.6499
2026-08-31 02:01:00,1788141660000,4430.11,4430.5,4429.5,4430.11,3.6635
2026-08-31 02:02:00,1788141720000,4429.43,4429.43,4426.71,4427.3,11.7049
2026-08-31 02:03:00,1788141780000,4426.6,4426.6,4417.01,4422.06,113.5862
2026-08-31 02:04:00,1788141840000,4422.1,4425.66,4422.1,4424.61,6.4972
2026-08-31 02:05:00,1788141900000,4425.15,4425.56,4423.32,4424.91,1.192
2026-08-31 02:06:00,1788141960000,4425.0,4426.31,4424.83,4425.11,1.2823
2026-08-31 02:07:00,1788142020000,4425.1,4426.21,4424.6,4426.21,1.0172
2026-08-31 02:08:00,1788142080000,4426.22,4430.75,4426.22,4430.75,3.6066
2026-08-31 02:09:00,1788142140000,4429.85,4429.85,4426.75,4426.75,2.0741
2026-08-31 02:10:00,1788142200000,4427.67,4429.91,4427.65,4427.87,0.9026
2026-08-31 02:11:00,1788142260000,4427.26,4427.95,4426.6,4426.92,7.0434
2026-08-31 02:12:00,1788142320000,4426.92,4427.22,4423.74,4424.96,1.9965
2026-08-31 02:13:00,1788142380000,4424.64,4424.64,4422.87,4422.88,5.4802
2026-08-31 02:14:00,1788142440000,4422.88,4423.79,4422.86,4422.88,3.4896
2026-08-31 02:15:00,1788142500000,4422.0,4422.0,4420.01,4421.32,0.7789
2026-08-31 02:16:00,1788142560000,4421.51,4422.25,4420.08,4420.09,0.7166
2026-08-31 02:17:00,1788142620000,4421.37,4422.53,4421.06,4421.66,1.2709
2026-08-31 02:18:00,1788142680000,4421.66,4422.47,4419.03,4419.57,4.1056
2026-08-31 02:19:00,1788142740000,4419.58,4420.01,4417.56,4419.94,5.5791
2026-08-31 02:20:00,1788142800000,4419.93,4420.58,4419.39,4420.58,0.7562
2026-08-31 02:21:00,1788142860000,4421.35,4422.27,4420.68,4421.22,3.1956
2026-08-31 02:22:00,1788142920000,4420.99,4422.18,4420.99,4421.37,0.9772
2026-08-31 02:23:00,1788142980000,4421.55,4422.44,4421.36,4421.96,1.2585
2026-08-31 02:24:00,1788143040000,4422.43,4424.82,4421.43,4424.82,1.1648
2026-08-31 02:25:00,1788143100000,4425.0,4425.11,4423.77,4423.77,0.3464
2026-08-31 02:26:00,1788143160000,4421.37,4422.42,4421.37,4422.41,0.0187
2026-08-31 02:27:00,1788143220000,4422.88,4425.42,4422.88,4425.42,0.1016
2026-08-31 02:28:00,1788143280000,4423.77,4424.96,4423.77,4424.52,0.9449
2026-08-31 02:29:00,1788143340000,4422.86,4422.86,4421.65,4422.27,0.3473
2026-08-31 02:30:00,1788143400000,4421.68,4424.07,4419.4,4423.61,7.9816
2026-08-31 02:31:00,1788143460000,4420.06,4423.16,4418.82,4420.01,0.4751
2026-08-31 02:32:00,1788143520000,4420.02,4420.02,4416.67,4416.67,3.3469
2026-08-31 02:33:00,1788143580000,4416.66,4416.66,4411.06,4411.06,12.9335
2026-08-31 02:34:00,1788143640000,4411.01,4412.81,4411.0,4411.01,4.0116
2026-08-31 02:35:00,1788143700000,4411.01,4411.91,4407.1,4407.1,12.2304
2026-08-31 02:36:00,1788143760000,4407.0,4407.91,4405.22,4407.91,6.4264
2026-08-31 02:37:00,1788143820000,4407.38,4410.69,4407.35,4408.19,5.8791
2026-08-31 02:38:00,1788143880000,4406.83,4407.59,4404.99,4407.59,19.1798
2026-08-31 02:39:00,1788143940000,4409.14,4409.14,4405.83,4406.13,2.0432
2026-08-31 02:40:00,1788144000000,4406.13,4406.13,4403.26,4403.8,5.9642
2026-08-31 02:41:00,1788144060000,4403.81,4403.81,4402.86,4402.86,7.9711
2026-08-31 02:42:00,1788144120000,4402.87,4404.72,4402.58,4404.72,9.4897
2026-08-31 02:43:00,1788144180000,4405.02,4406.52,4404.75,4405.32,1.9383
2026-08-31 02:44:00,1788144240000,4404.37,4404.79,4402.48,4402.48,0.2796
2026-08-31 02:45:00,1788144300000,4402.75,4406.09,4402.75,4405.16,1.309
2026-08-31 02:46:00,1788144360000,4404.76,4405.59,4404.73,4405.44,0.5285
2026-08-31 02:47:00,1788144420000,4404.92,4404.92,4403.51,4403.97,0.9855
2026-08-31 02:48:00,1788144480000,4403.08,4403.57,4397.06,4401.5,36.9729
2026-08-31 02:49:00,1788144540000,4403.31,4403.31,4401.38,4401.43,14.2109
2026-08-31 02:50:00,1788144600000,4401.42,4404.15,4400.36,4404.15,3.1477
2026-08-31 02:51:00,1788144660000,4404.82,4412.0,4404.82,4412.0,5.445
2026-08-31 02:52:00,1788144720000,4411.94,4413.6,4411.26,4413.02,2.5985
2026-08-31 02:53:00,1788144780000,4413.02,4413.5,4412.64,4413.5,0.4575
2026-08-31 02:54:00,1788144840000,4413.85,4415.87,4413.85,4415.87,5.5592
2026-08-31 02:55:00,1788144900000,4415.87,4416.66,4415.67,4416.64,4.1736
2026-08-31 02:56:00,1788144960000,4416.64,4416.64,4415.05,4415.96,1.3098
2026-08-31 02:57:00,1788145020000,4416.76,4419.88,4416.76,4419.87,0.9995
2026-08-31 02:58:00,1788145080000,4419.79,4419.79,4418.81,4419.26,0.7613
2026-08-31 02:59:00,1788145140000,4420.0,4420.0,4419.99,4420.0,30.2102
2026-08-31 03:00:00,1788145200000,4420.0,4422.2,4420.0,4421.14,22.4329
2026-08-31 03:01:00,1788145260000,4420.76,4423.1,4420.76,4422.16,0.9333
2026-08-31 03:02:00,1788145320000,4423.39,4423.99,4423.36,4423.99,0.6381
2026-08-31 03:03:00,1788145380000,4424.0,4424.94,4424.0,4424.46,1.9836
2026-08-31 03:04:00,1788145440000,4423.49,4423.49,4421.14,4421.14,0.5709
2026-08-31 03:05:00,1788145500000,4421.14,4422.67,4421.14,4421.51,0.1223
2026-08-31 03:06:00,1788145560000,4420.84,4424.52,4420.84,4424.52,0.6987
2026-08-31 03:07:00,1788145620000,4424.8,4424.8,4422.95,4423.87,2.2508
2026-08-31 03:08:00,1788145680000,4422.72,4424.0,4421.97,4424.0,0.0438
2026-08-31 03:09:00,1788145740000,4424.16,4424.16,4423.6,4424.07,0.6676
2026-08-31 03:10:00,1788145800000,4424.08,4424.68,4423.47,4423.76,1.1888
2026-08-31 03:11:00,1788145860000,4423.5,4423.78,4423.5,4423.78,0.0634
2026-08-31 03:12:00,1788145920000,4424.06,4424.42,4424.06,4424.42,0.0937
2026-08-31 03:13:00,1788145980000,4424.42,4424.81,4424.4,4424.81,0.3361
2026-08-31 03:14:00,1788146040000,4424.93,4426.76,4424.93,4426.39,1.2579
2026-08-31 03:15:00,1788146100000,4426.67,4427.27,4426.67,4427.05,0.0691
2026-08-31 03:16:00,1788146160000,4427.05,4428.32,4427.05,4428.32,0.2543
2026-08-31 03:17:00,1788146220000,4427.89,4428.57,4427.89,4428.57,0.0634
2026-08-31 03:18:00,1788146280000,4428.81,4430.0,4428.81,4429.19,0.2058
2026-08-31 03:19:00,1788146340000,4429.91,4429.91,4427.36,4427.36,0.0181
2026-08-31 03:20:00,1788146400000,4426.78,4427.22,4426.11,4427.21,0.1114
2026-08-31 03:21:00,1788146460000,4426.96,4427.2,4426.96,4427.2,0.0288
2026-08-31 03:22:00,1788146520000,4427.11,4431.72,4427.11,4431.67,3.7935
2026-08-31 03:23:00,1788146580000,4431.89,4431.89,4430.0,4430.0,1.095
2026-08-31 03:24:00,1788146640000,4430.0,4430.0,4428.33,4429.8,0.7135
2026-08-31 03:25:00,1788146700000,4429.78,4429.78,4429.77,4429.77,0.0275
2026-08-31 03:26:00,1788146760000,4429.5,4429.62,4428.94,4429.22,0.4126
2026-08-31 03:27:00,1788146820000,4427.56,4427.56,4425.0,4425.0,0.3745
2026-08-31 03:28:00,1788146880000,4424.65,4426.44,4424.65,4426.44,1.3218
2026-08-31 03:29:00,1788146940000,4427.31,4427.31,4426.01,4426.01,0.6145
2026-08-31 03:30:00,1788147000000,4425.64,4425.64,4424.22,4424.22,0.2492
2026-08-31 03:31:00,1788147060000,4423.87,4423.87,4423.15,4423.71,0.801
2026-08-31 03:32:00,1788147120000,4423.01,4423.01,4420.69,4421.52,1.2621
2026-08-31 03:33:00,1788147180000,4421.52,4422.13,4421.18,4421.55,0.8936
2026-08-31 03:34:00,1788147240000,4422.15,4422.15,4421.19,4421.19,0.8156
2026-08-31 03:35:00,1788147300000,4421.19,4422.26,4421.19,4421.6,0.5878
2026-08-31 03:36:00,1788147360000,4421.59,4421.59,4420.0,4420.46,0.9173
2026-08-31 03:37:00,1788147420000,4421.52,4422.59,4421.52,4422.59,0.0677
2026-08-31 03:38:00,1788147480000,4421.36,4421.36,4419.03,4419.03,1.421
2026-08-31 03:39:00,1788147540000,4418.71,4419.05,4417.31,4419.05,5.2249
2026-08-31 03:40:00,1788147600000,4418.37,4419.5,4418.36,4418.48,0.2923
2026-08-31 03:41:00,1788147660000,4418.81,4419.47,4418.81,4419.47,0.2578
2026-08-31 03:42:00,1788147720000,4420.63,4420.63,4419.04,4419.27,0.7154
2026-08-31 03:43:00,1788147780000,4419.57,4421.1,4419.57,4421.1,1.0597
2026-08-31 03:44:00,1788147840000,4421.34,4421.82,4420.63,4420.63,0.224
2026-08-31 03:45:00,1788147900000,4421.36,4421.81,4421.35,4421.81,0.6097
2026-08-31 03:46:00,1788147960000,4421.82,4421.82,4420.91,4421.07,0.4682
2026-08-31 03:47:00,1788148020000,4421.07,4422.06,4421.07,4421.52,0.0529
2026-08-31 03:48:00,1788148080000,4422.09,4422.6,4422.09,4422.42,0.0397
2026-08-31 03:49:00,1788148140000,4421.53,4422.27,4421.52,4422.27,0.0185
2026-08-31 03:50:00,1788148200000,4422.71,4424.51,4422.71,4424.51,0.0138
2026-08-31 03:51:00,1788148260000,4424.81,4424.81,4422.78,4422.78,0.0287
2026-08-31 03:52:00,1788148320000,4422.77,4422.78,4422.43,4422.43,0.4252
2026-08-31 03:53:00,1788148380000,4422.44,4422.44,4421.74,4421.74,0.0188
2026-08-31 03:54:00,1788148440000,4421.74,4422.61,4421.74,4422.45,0.2238
2026-08-31 03:55:00,1788148500000,4422.44,4422.45,4420.77,4420.77,0.3184
2026-08-31 03:56:00,1788148560000,4420.77,4420.77,4420.17,4420.17,0.0126
2026-08-31 03:57:00,1788148620000,4420.17,4420.17,4420.16,4420.17,0.0268
2026-08-31 03:58:00,1788148680000,4420.17,4420.17,4419.91,4419.91,0.0574
2026-08-31 03:59:00,1788148740000,4419.92,4419.92,4419.91,4419.92,0.0172
2026-08-31 04:00:00,1788148800000,4420.16,4420.16,4418.41,4418.41,0.9591
2026-08-31 04:01:00,1788148860000,4417.99,4417.99,4417.98,4417.98,0.7361
2026-08-31 04:02:00,1788148920000,4417.64,4417.7,4417.36,4417.7,0.2839
2026-08-31 04:03:00,1788148980000,4417.69,4417.7,4417.44,4417.44,0.1678
2026-08-31 04:04:00,1788149040000,4417.45,4417.45,4416.86,4416.86,0.3444
2026-08-31 04:05:00,1788149100000,4416.86,4416.86,4415.01,4415.31,5.4777
2026-08-31 04:06:00,1788149160000,4415.32,4416.28,4415.32,4416.27,1.525
2026-08-31 04:07:00,1788149220000,4416.28,4416.56,4416.27,4416.27,2.0129
2026-08-31 04:08:00,1788149280000,4415.93,4415.93,4415.93,4415.93,0.255
2026-08-31 04:09:00,1788149340000,4415.92,4416.83,4415.92,4416.12,0.8734
2026-08-31 04:10:00,1788149400000,4416.11,4416.12,4415.67,4416.1,7.1408
2026-08-31 04:11:00,1788149460000,4415.21,4417.77,4415.21,4417.47,1.8019
2026-08-31 04:12:00,1788149520000,4417.32,4420.91,4417.27,4420.91,6.6835
2026-08-31 04:13:00,1788149580000,4420.58,4420.78,4420.0,4420.5,0.8698
2026-08-31 04:14:00,1788149640000,4420.49,4420.49,4419.09,4419.5,2.2563
2026-08-31 04:15:00,1788149700000,4419.35,4419.35,4418.63,4418.63,0.1098
2026-08-31 04:16:00,1788149760000,4419.0,4419.0,4418.16,4418.16,0.1136
2026-08-31 04:17:00,1788149820000,4418.21,4418.21,4416.93,4417.32,0.5538
2026-08-31 04:18:00,1788149880000,4417.31,4417.55,4417.15,4417.55,2.6233
2026-08-31 04:19:00,1788149940000,4417.02,4417.32,4416.83,4417.31,0.3454
2026-08-31 04:20:00,1788150000000,4416.72,4417.19,4416.72,4416.86,0.2172
2026-08-31 04:21:00,1788150060000,4416.21,4417.0,4415.97,4417.0,0.6691
2026-08-31 04:22:00,1788150120000,4417.55,4417.55,4417.39,4417.39,0.2342
2026-08-31 04:23:00,1788150180000,4416.87,4416.93,4415.98,4415.98,0.1876
2026-08-31 04:24:00,1788150240000,4415.37,4415.96,4415.01,4415.96,2.2964
2026-08-31 04:25:00,1788150300000,4416.56,4417.31,4416.56,4417.31,0.6919
2026-08-31 04:26:00,1788150360000,4417.77,4418.66,4417.77,4418.22,1.8565
2026-08-31 04:27:00,1788150420000,4416.42,4416.42,4415.43,4415.43,0.0138
2026-08-31 04:28:00,1788150480000,4415.41,4415.41,4415.01,4415.03,0.0548
2026-08-31 04:29:00,1788150540000,4415.01,4415.01,4415.01,4415.01,0.0232
2026-08-31 04:30:00,1788150600000,4415.0,4415.0,4413.71,4413.84,3.3524
2026-08-31 04:31:00,1788150660000,4413.84,4413.84,4413.0,4413.0,0.2222
2026-08-31 04:32:00,1788150720000,4412.99,4412.99,4412.67,4412.67,0.0378
2026-08-31 04:33:00,1788150780000,4412.6,4412.6,4412.5,4412.5,5.7402
2026-08-31 04:34:00,1788150840000,4412.46,4414.37,4412.45,4414.37,2.9146
2026-08-31 04:35:00,1788150900000,4414.97,4416.11,4414.77,4416.11,0.6042
2026-08-31 04:36:00,1788150960000,4416.56,4416.56,4416.03,4416.48,0.0189
2026-08-31 04:37:00,1788151020000,4416.47,4419.57,4416.47,4419.56,5.9217
2026-08-31 04:38:00,1788151080000,4419.15,4420.9,4419.15,4420.9,0.615
2026-08-31 04:39:00,1788151140000,4420.63,4420.63,4419.27,4420.02,3.93
2026-08-31 04:40:00,1788151200000,4420.01,4420.01,4417.86,4418.26,1.6374
2026-08-31 04:41:00,1788151260000,4417.38,4417.38,4417.02,4417.02,0.019
2026-08-31 04:42:00,1788151320000,4417.78,4417.78,4417.01,4417.01,0.6954
2026-08-31 04:43:00,1788151380000,4417.84,4417.84,4417.6,4417.61,0.1461
2026-08-31 04:44:00,1788151440000,4417.6,4419.11,4417.6,4419.11,0.2757
2026-08-31 04:45:00,1788151500000,4419.12,4419.29,4418.77,4418.78,0.7558
2026-08-31 04:46:00,1788151560000,4418.78,4420.02,4418.78,4420.02,0.5296
2026-08-31 04:47:00,1788151620000,4420.36,4420.47,4420.36,4420.46,0.1566
2026-08-31 04:48:00,1788151680000,4420.47,4420.47,4419.41,4420.01,0.781
2026-08-31 04:49:00,1788151740000,4419.42,4419.42,4418.81,4419.14,0.49
2026-08-31 04:50:00,1788151800000,4419.14,4419.14,4418.48,4419.12,0.3469
2026-08-31 04:51:00,1788151860000,4419.11,4420.02,4419.11,4420.02,0.1049
2026-08-31 04:52:00,1788151920000,4420.47,4420.47,4420.43,4420.43,0.0371
2026-08-31 04:53:00,1788151980000,4420.42,4420.43,4419.29,4419.87,1.9154
2026-08-31 04:54:00,1788152040000,4420.01,4420.92,4420.01,4420.92,3.4635
2026-08-31 04:55:00,1788152100000,4420.91,4420.91,4419.87,4420.24,0.8041
2026-08-31 04:56:00,1788152160000,4420.47,4422.27,4420.47,4422.26,0.5814
2026-08-31 04:57:00,1788152220000,4422.26,4423.62,4422.26,4423.62,0.4528
2026-08-31 04:58:00,1788152280000,4424.43,4424.43,4423.32,4423.32,0.9491
2026-08-31 04:59:00,1788152340000,4422.87,4424.52,4422.87,4424.52,0.0047
2026-08-31 05:00:00,1788152400000,4424.51,4424.51,4422.74,4424.0,0.7693
2026-08-31 05:01:00,1788152460000,4423.89,4424.99,4423.89,4424.8,0.6277
2026-08-31 05:02:00,1788152520000,4423.92,4425.0,4423.92,4425.0,1.6773
2026-08-31 05:03:00,1788152580000,4426.58,4427.96,4426.58,4427.95,19.151
2026-08-31 05:04:00,1788152640000,4426.0,4426.0,4424.32,4424.43,0.6785
2026-08-31 05:05:00,1788152700000,4424.71,4424.71,4422.92,4422.93,0.9246
2026-08-31 05:06:00,1788152760000,4423.03,4424.51,4422.49,4423.83,3.5951
2026-08-31 05:07:00,1788152820000,4423.61,4423.61,4422.37,4422.37,0.4192
2026-08-31 05:08:00,1788152880000,4422.31,4422.31,4421.42,4421.42,3.2475
2026-08-31 05:09:00,1788152940000,4420.46,4420.65,4419.71,4420.65,0.4253
2026-08-31 05:10:00,1788153000000,4420.64,4421.36,4419.94,4421.36,0.7311
2026-08-31 05:11:00,1788153060000,4422.08,4422.45,4421.54,4422.45,0.3653
2026-08-31 05:12:00,1788153120000,4422.66,4423.19,4422.66,4423.19,0.0245
2026-08-31 05:13:00,1788153180000,4424.06,4424.91,4424.06,4424.36,1.0228
2026-08-31 05:14:00,1788153240000,4424.36,4424.41,4423.79,4424.41,1.6111
2026-08-31 05:15:00,1788153300000,4423.62,4423.62,4422.98,4422.98,0.1232
2026-08-31 05:16:00,1788153360000,4423.23,4423.59,4422.62,4422.62,2.7942
2026-08-31 05:17:00,1788153420000,4423.1,4423.1,4423.1,4423.1,0.0044
2026-08-31 05:18:00,1788153480000,4424.52,4426.03,4424.52,4426.03,1.0124
2026-08-31 05:19:00,1788153540000,4426.46,4428.0,4426.15,4427.99,1.0362
2026-08-31 05:20:00,1788153600000,4428.33,4431.0,4428.33,4431.0,1.6111
2026-08-31 05:21:00,1788153660000,4431.24,4431.24,4429.33,4429.33,0.3367
2026-08-31 05:22:00,1788153720000,4429.67,4431.07,4429.67,4431.07,0.2966
2026-08-31 05:23:00,1788153780000,4431.05,4431.25,4431.05,4431.25,0.3818
2026-08-31 05:24:00,1788153840000,4431.44,4432.7,4431.44,4432.7,0.1861
2026-08-31 05:25:00,1788153900000,4432.7,4432.7,4432.2,4432.2,0.0467
2026-08-31 05:26:00,1788153960000,4432.71,4434.55,4432.71,4434.55,0.336
2026-08-31 05:27:00,1788154020000,4434.6,4437.3,4434.6,4437.3,0.3244
2026-08-31 05:28:00,1788154080000,4437.11,4437.11,4437.11,4437.11,0.1111
2026-08-31 05:29:00,1788154140000,4437.31,4438.44,4437.31,4438.44,1.4563
2026-08-31 05:30:00,1788154200000,4438.45,4440.45,4434.76,4434.76,22.543
2026-08-31 05:31:00,1788154260000,4433.84,4433.84,4430.63,4430.63,2.1814
2026-08-31 05:32:00,1788154320000,4434.4,4434.4,4431.41,4431.41,1.04
2026-08-31 05:33:00,1788154380000,4430.82,4433.2,4430.82,4432.61,1.1452
2026-08-31 05:34:00,1788154440000,4430.64,4431.11,4430.5,4431.11,1.4892
2026-08-31 05:35:00,1788154500000,4432.36,4432.45,4432.13,4432.45,0.0362
2026-08-31 05:36:00,1788154560000,4431.57,4431.72,4431.41,4431.72,2.0339
2026-08-31 05:37:00,1788154620000,4431.64,4433.07,4431.64,4433.0,0.8143
2026-08-31 05:38:00,1788154680000,4433.0,4434.0,4432.99,4434.0,0.8841
2026-08-31 05:39:00,1788154740000,4433.81,4434.87,4433.36,4433.36,2.2283
2026-08-31 05:40:00,1788154800000,4433.51,4434.41,4433.51,4434.41,0.0847
2026-08-31 05:41:00,1788154860000,4432.61,4435.0,4432.61,4435.0,1.1348
2026-08-31 05:42:00,1788154920000,4435.31,4437.0,4435.31,4437.0,1.7786
2026-08-31 05:43:00,1788154980000,4437.47,4438.46,4437.47,4438.46,0.523
2026-08-31 05:44:00,1788155040000,4437.91,4437.91,4436.81,4436.81,0.1353
2026-08-31 05:45:00,1788155100000,4437.11,4437.4,4436.21,4436.21,5.1341
2026-08-31 05:46:00,1788155160000,4436.21,4437.86,4436.21,4436.81,4.5484
2026-08-31 05:47:00,1788155220000,4435.91,4439.99,4435.91,4439.37,7.9813
2026-08-31 05:48:00,1788155280000,4439.98,4439.98,4438.16,4438.16,0.5923
2026-08-31 05:49:00,1788155340000,4438.91,4438.91,4435.01,4435.01,2.7862
2026-08-31 05:50:00,1788155400000,4435.01,4435.02,4434.18,4435.02,1.1003
2026-08-31 05:51:00,1788155460000,4434.54,4436.67,4434.54,4436.43,18.0848
2026-08-31 05:52:00,1788155520000,4436.67,4437.57,4436.67,4437.57,2.2451
2026-08-31 05:53:00,1788155580000,4438.46,4438.46,4437.57,4437.57,0.4287
2026-08-31 05:54:00,1788155640000,4437.57,4437.57,4436.91,4437.11,0.5856
2026-08-31 05:55:00,1788155700000,4436.37,4436.37,4436.37,4436.37,0.0082
2026-08-31 05:56:00,1788155760000,4435.92,4437.33,4435.92,4436.97,6.3195
2026-08-31 05:57:00,1788155820000,4437.57,4440.52,4437.26,4440.52,1.6895
2026-08-31 05:58:00,1788155880000,4440.52,4442.11,4440.52,4442.11,1.1171
2026-08-31 05:59:00,1788155940000,4442.28,4442.28,4441.42,4441.43,0.1883
2026-08-31 06:00:00,1788156000000,4441.76,4442.44,4436.01,4436.12,5.7727
2026-08-31 06:01:00,1788156060000,4436.11,4436.11,4435.22,4435.22,0.0846
2026-08-31 06:02:00,1788156120000,4435.22,4435.22,4434.33,4434.33,1.0203
2026-08-31 06:03:00,1788156180000,4434.11,4434.11,4434.11,4434.11,0.0148
2026-08-31 06:04:00,1788156240000,4433.94,4433.94,4433.19,4433.19,0.2388
2026-08-31 06:05:00,1788156300000,4433.03,4433.03,4430.52,4430.61,3.8243
2026-08-31 06:06:00,1788156360000,4431.82,4432.02,4430.54,4430.54,0.4748
2026-08-31 06:07:00,1788156420000,4430.54,4430.54,4429.77,4429.78,1.2869
2026-08-31 06:08:00,1788156480000,4429.77,4429.78,4429.2,4429.78,3.3598
2026-08-31 06:09:00,1788156540000,4432.0,4432.16,4431.99,4431.99,0.6721
2026-08-31 06:10:00,1788156600000,4431.56,4433.91,4431.56,4433.91,2.8155
2026-08-31 06:11:00,1788156660000,4434.41,4434.41,4433.32,4433.85,1.1565
2026-08-31 06:12:00,1788156720000,4432.76,4433.06,4432.37,4433.06,0.1561
2026-08-31 06:13:00,1788156780000,4433.06,4433.51,4433.06,4433.51,0.0195
2026-08-31 06:14:00,1788156840000,4433.5,4433.5,4432.17,4432.17,0.8409
2026-08-31 06:15:00,1788156900000,4432.29,4432.58,4432.29,4432.58,1.0803
2026-08-31 06:16:00,1788156960000,4432.58,4432.58,4432.01,4432.01,0.5994
2026-08-31 06:17:00,1788157020000,4432.92,4434.99,4432.54,4433.72,15.9056
2026-08-31 06:18:00,1788157080000,4434.23,4434.99,4434.23,4434.99,0.1552
2026-08-31 06:19:00,1788157140000,4435.0,4437.54,4435.0,4437.54,2.1643
2026-08-31 06:20:00,1788157200000,4437.94,4437.94,4436.87,4437.56,2.1043
2026-08-31 06:21:00,1788157260000,4438.0,4438.66,4438.0,4438.66,0.6226
2026-08-31 06:22:00,1788157320000,4438.66,4438.66,4435.33,4435.33,30.4883
2026-08-31 06:23:00,1788157380000,4435.34,4437.57,4435.34,4437.57,3.6366
2026-08-31 06:24:00,1788157440000,4436.22,4437.93,4435.77,4437.93,2.3656
2026-08-31 06:25:00,1788157500000,4437.93,4437.93,4435.47,4435.47,2.6899
2026-08-31 06:26:00,1788157560000,4435.47,4436.76,4435.47,4436.76,2.367
2026-08-31 06:27:00,1788157620000,4437.05,4437.05,4436.01,4436.01,1.1216
2026-08-31 06:28:00,1788157680000,4436.05,4436.05,4435.48,4435.48,0.4855
2026-08-31 06:29:00,1788157740000,4435.47,4435.47,4435.47,4435.47,0.561
2026-08-31 06:30:00,1788157800000,4435.75,4435.75,4433.01,4433.03,4.1992
2026-08-31 06:31:00,1788157860000,4433.73,4433.73,4432.58,4432.58,1.4107
2026-08-31 06:32:00,1788157920000,4432.58,4433.96,4432.58,4433.96,2.3444
2026-08-31 06:33:00,1788157980000,4433.21,4435.77,4433.21,4435.77,0.8735
2026-08-31 06:34:00,1788158040000,4435.76,4436.82,4434.12,4434.12,1.1622
2026-08-31 06:35:00,1788158100000,4434.22,4435.41,4434.22,4434.56,1.0234
2026-08-31 06:36:00,1788158160000,4434.57,4435.32,4434.57,4435.32,2.0021
2026-08-31 06:37:00,1788158220000,4436.08,4436.08,4435.93,4436.08,1.0072
2026-08-31 06:38:00,1788158280000,4436.71,4437.93,4436.71,4437.93,1.2264
2026-08-31 06:39:00,1788158340000,4437.93,4439.26,4437.93,4439.26,1.4956
2026-08-31 06:40:00,1788158400000,4439.75,4439.99,4439.51,4439.99,1.3356
2026-08-31 06:41:00,1788158460000,4440.0,4440.0,4440.0,4440.0,0.0169
2026-08-31 06:42:00,1788158520000,4439.99,4439.99,4439.99,4439.99,0.1084
2026-08-31 06:43:00,1788158580000,4439.75,4439.75,4439.35,4439.35,1.0477
2026-08-31 06:44:00,1788158640000,4439.74,4439.74,4439.74,4439.74,0.308
2026-08-31 06:45:00,1788158700000,4438.69,4440.52,4438.69,4440.52,2.8452
2026-08-31 06:46:00,1788158760000,4441.62,4442.06,4441.62,4442.06,1.1702
2026-08-31 06:47:00,1788158820000,4442.06,4442.06,4442.06,4442.06,0.6131
2026-08-31 06:48:00,1788158880000,4442.07,4442.07,4440.62,4440.76,2.1558
2026-08-31 06:49:00,1788158940000,4441.17,4441.17,4441.16,4441.16,0.4562
2026-08-31 06:50:00,1788159000000,4441.47,4441.48,4439.06,4439.2,1.6631
2026-08-31 06:51:00,1788159060000,4439.67,4439.67,4438.48,4438.48,0.5534
2026-08-31 06:52:00,1788159120000,4437.71,4439.72,4437.71,4439.72,2.5332
2026-08-31 06:53:00,1788159180000,4439.37,4439.37,4439.36,4439.36,0.1647
2026-08-31 06:54:00,1788159240000,4438.86,4439.26,4438.86,4439.26,1.0055
2026-08-31 06:55:00,1788159300000,4439.8,4439.8,4436.95,4436.95,0.7625
2026-08-31 06:56:00,1788159360000,4437.04,4437.15,4437.04,4437.15,0.9055
2026-08-31 06:57:00,1788159420000,4437.14,4437.14,4437.14,4437.14,0.0305
2026-08-31 06:58:00,1788159480000,4438.1,4438.11,4438.1,4438.11,0.0568
2026-08-31 06:59:00,1788159540000,4438.11,4438.92,4438.11,4438.7,1.5539
2026-08-31 07:00:00,1788159600000,4438.56,4439.7,4438.38,4438.38,0.8026
2026-08-31 07:01:00,1788159660000,4438.38,4439.37,4438.38,4438.91,1.5663
2026-08-31 07:02:00,1788159720000,4437.88,4437.88,4437.26,4437.52,0.6218
2026-08-31 07:03:00,1788159780000,4439.58,4439.58,4439.58,4439.58,0.0972
2026-08-31 07:04:00,1788159840000,4439.34,4439.57,4438.94,4438.94,0.9097
2026-08-31 07:05:00,1788159900000,4438.94,4440.65,4438.94,4439.07,7.6064
2026-08-31 07:06:00,1788159960000,4439.07,4439.07,4438.95,4438.95,0.0601
2026-08-31 07:07:00,1788160020000,4439.31,4439.31,4436.81,4437.56,1.5498
2026-08-31 07:08:00,1788160080000,4437.57,4437.98,4437.4,4437.41,0.3412
2026-08-31 07:09:00,1788160140000,4437.97,4437.97,4437.96,4437.96,0.1266
2026-08-31 07:10:00,1788160200000,4437.96,4438.52,4437.96,4438.52,0.5124
2026-08-31 07:11:00,1788160260000,4438.52,4439.16,4438.03,4439.15,2.2814
2026-08-31 07:12:00,1788160320000,4439.15,4439.15,4438.53,4438.53,0.5133
2026-08-31 07:13:00,1788160380000,4438.8,4438.8,4436.11,4436.11,2.2951
2026-08-31 07:14:00,1788160440000,4436.11,4436.11,4436.11,4436.11,0.1217
2026-08-31 07:15:00,1788160500000,4436.09,4436.11,4435.57,4436.11,0.7796
2026-08-31 07:16:00,1788160560000,4436.11,4436.11,4435.89,4435.9,0.359
2026-08-31 07:17:00,1788160620000,4436.1,4436.92,4436.1,4436.91,0.2681
2026-08-31 07:18:00,1788160680000,4436.92,4439.13,4436.92,4439.13,1.4914
2026-08-31 07:19:00,1788160740000,4439.13,4441.29,4437.17,4437.17,7.2509
2026-08-31 07:20:00,1788160800000,4438.84,4439.02,4438.69,4439.02,0.8667
2026-08-31 07:21:00,1788160860000,4439.4,4441.31,4439.4,4441.31,2.2741
2026-08-31 07:22:00,1788160920000,4442.21,4442.76,4442.21,4442.21,0.1504
2026-08-31 07:23:00,1788160980000,4442.22,4442.66,4442.22,4442.66,0.048
2026-08-31 07:24:00,1788161040000,4442.76,4444.77,4442.76,4444.76,1.0998
2026-08-31 07:25:00,1788161100000,4444.77,4444.77,4444.5,4444.5,1.228
2026-08-31 07:26:00,1788161160000,4444.01,4444.93,4444.01,4444.93,1.2108
2026-08-31 07:27:00,1788161220000,4444.93,4447.79,4444.93,4446.55,17.3071
2026-08-31 07:28:00,1788161280000,4445.82,4447.47,4445.81,4447.47,8.6745
2026-08-31 07:29:00,1788161340000,4447.5,4447.5,4445.43,4446.0,155.6383
2026-08-31 07:30:00,1788161400000,4446.04,4447.01,4446.0,4446.01,26.1981
2026-08-31 07:31:00,1788161460000,4446.0,4446.0,4446.0,4446.0,1.5342
2026-08-31 07:32:00,1788161520000,4446.0,4447.27,4446.0,4447.26,10.8331
2026-08-31 07:33:00,1788161580000,4446.0,4446.01,4446.0,4446.0,84.7111
2026-08-31 07:34:00,1788161640000,4446.0,4446.0,4443.37,4445.26,17.5802
2026-08-31 07:35:00,1788161700000,4445.25,4446.03,4444.74,4444.78,1.8835
2026-08-31 07:36:00,1788161760000,4445.37,4446.01,4444.75,4444.75,110.499
2026-08-31 07:37:00,1788161820000,4444.9,4444.9,4444.76,4444.9,4.5874
2026-08-31 07:38:00,1788161880000,4444.32,4444.32,4443.56,4443.56,0.0315
2026-08-31 07:39:00,1788161940000,4443.57,4444.42,4443.57,4444.42,2.8651
2026-08-31 07:40:00,1788162000000,4444.42,4444.42,4443.57,4443.76,1.1034
2026-08-31 07:41:00,1788162060000,4444.22,4445.48,4444.22,4445.47,2.0598
2026-08-31 07:42:00,1788162120000,4445.17,4445.27,4444.13,4445.27,4.4517
2026-08-31 07:43:00,1788162180000,4445.47,4447.12,4445.47,4447.12,1.8712
2026-08-31 07:44:00,1788162240000,4447.11,4447.57,4447.11,4447.57,0.7478
2026-08-31 07:45:00,1788162300000,4447.56,4447.56,4447.56,4447.56,0.4495
2026-08-31 07:46:00,1788162360000,4447.89,4447.89,4447.88,4447.88,0.0605
2026-08-31 07:47:00,1788162420000,4447.89,4447.89,4447.89,4447.89,0.0674
2026-08-31 07:48:00,1788162480000,4447.9,4447.9,4447.56,4447.56,0.588
2026-08-31 07:49:00,1788162540000,4445.89,4445.89,4444.19,4445.08,1.4659
2026-08-31 07:50:00,1788162600000,4444.1,4444.1,4442.37,4442.37,4.3877
2026-08-31 07:51:00,1788162660000,4442.38,4443.84,4442.38,4443.84,1.1659
2026-08-31 07:52:00,1788162720000,4443.12,4443.12,4442.67,4442.74,2.3648
2026-08-31 07:53:00,1788162780000,4443.11,4443.11,4443.11,4443.11,0.0202
2026-08-31 07:54:00,1788162840000,4443.12,4443.54,4443.06,4443.54,12.1107
2026-08-31 07:55:00,1788162900000,4443.99,4443.99,4443.99,4443.99,0.1
2026-08-31 07:56:00,1788162960000,4443.99,4443.99,4443.99,4443.99,0.0056
2026-08-31 07:57:00,1788163020000,4443.99,4443.99,4442.31,4442.31,0.7777
2026-08-31 07:58:00,1788163080000,4442.24,4442.89,4442.2,4442.2,2.1818
2026-08-31 07:59:00,1788163140000,4441.0,4442.52,4441.0,4442.52,0.4216
2026-08-31 08:00:00,1788163200000,4443.29,4447.01,4443.29,4447.01,4.2946
2026-08-31 08:01:00,1788163260000,4447.44,4450.0,4447.12,4448.07,16.3577
2026-08-31 08:02:00,1788163320000,4448.18,4449.27,4447.39,4449.27,7.3851
2026-08-31 08:03:00,1788163380000,4449.26,4449.26,4448.76,4448.76,0.2091
2026-08-31 08:04:00,1788163440000,4448.76,4449.03,4448.64,4448.64,0.7144
2026-08-31 08:05:00,1788163500000,4448.65,4449.01,4447.1,4449.0,29.8306
2026-08-31 08:06:00,1788163560000,4449.01,4449.01,4445.4,4445.4,131.1289
2026-08-31 08:07:00,1788163620000,4445.1,4445.1,4443.8,4443.8,2.9024
2026-08-31 08:08:00,1788163680000,4443.81,4444.44,4443.81,4444.37,6.0351
2026-08-31 08:09:00,1788163740000,4444.36,4444.36,4442.5,4442.5,3.9123
2026-08-31 08:10:00,1788163800000,4442.77,4443.24,4442.66,4442.66,1.561
2026-08-31 08:11:00,1788163860000,4442.66,4442.66,4442.62,4442.62,0.3656
2026-08-31 08:12:00,1788163920000,4441.59,4441.59,4439.91,4439.91,2.9014
2026-08-31 08:13:00,1788163980000,4439.92,4439.95,4439.37,4439.37,1.0084
2026-08-31 08:14:00,1788164040000,4439.17,4439.17,4437.92,4439.16,4.7388
2026-08-31 08:15:00,1788164100000,4439.31,4439.31,4437.5,4437.5,0.6214
2026-08-31 08:16:00,1788164160000,4437.71,4437.71,4437.47,4437.47,1.0992
2026-08-31 08:17:00,1788164220000,4438.39,4440.27,4438.39,4440.26,4.5027
2026-08-31 08:18:00,1788164280000,4440.25,4440.72,4439.78,4440.71,2.2964
2026-08-31 08:19:00,1788164340000,4440.71,4440.71,4440.71,4440.71,0.3321
2026-08-31 08:20:00,1788164400000,4440.62,4440.62,4440.06,4440.06,0.0062
2026-08-31 08:21:00,1788164460000,4440.0,4440.6,4440.0,4440.0,2.121
2026-08-31 08:22:00,1788164520000,4439.41,4439.41,4439.41,4439.41,1.0
2026-08-31 08:23:00,1788164580000,4439.52,4439.71,4439.42,4439.71,1.1131
2026-08-31 08:24:00,1788164640000,4439.71,4439.71,4438.38,4438.38,2.1495
2026-08-31 08:25:00,1788164700000,4438.39,4440.55,4438.39,4439.63,4.1954
2026-08-31 08:26:00,1788164760000,4440.6,4441.41,4440.6,4441.41,0.1108
2026-08-31 08:27:00,1788164820000,4440.61,4440.61,4440.61,4440.61,0.1
2026-08-31 08:28:00,1788164880000,4440.14,4442.06,4440.14,4442.06,4.3919
2026-08-31 08:29:00,1788164940000,4442.06,4442.06,4441.0,4441.0,0.4404
2026-08-31 08:30:00,1788165000000,4441.31,4441.31,4440.68,4440.79,1.1319
2026-08-31 08:31:00,1788165060000,4439.71,4439.73,4439.52,4439.52,0.7672
2026-08-31 08:32:00,1788165120000,4439.36,4439.36,4438.48,4438.48,0.6627
2026-08-31 08:33:00,1788165180000,4438.84,4439.28,4437.5,4437.5,1.669
2026-08-31 08:34:00,1788165240000,4437.32,4437.39,4437.0,4437.0,0.5297
2026-08-31 08:35:00,1788165300000,4437.0,4437.0,4437.0,4437.0,0.0
2026-08-31 08:36:00,1788165360000,4437.0,4437.01,4437.0,4437.01,0.0218
2026-08-31 08:37:00,1788165420000,4437.35,4437.78,4437.35,4437.49,1.8164
2026-08-31 08:38:00,1788165480000,4437.49,4437.49,4437.49,4437.49,0.0
2026-08-31 08:39:00,1788165540000,4437.71,4437.71,4437.71,4437.71,0.4938
2026-08-31 08:40:00,1788165600000,4437.36,4437.68,4437.36,4437.67,0.9951
2026-08-31 08:41:00,1788165660000,4437.35,4437.35,4435.67,4435.67,3.4312
2026-08-31 08:42:00,1788165720000,4435.75,4436.13,4435.75,4436.13,1.4401
2026-08-31 08:43:00,1788165780000,4436.21,4436.43,4435.93,4436.43,3.336
2026-08-31 08:44:00,1788165840000,4436.59,4436.59,4435.75,4435.76,0.375
2026-08-31 08:45:00,1788165900000,4435.98,4435.98,4435.19,4435.2,1.6054
2026-08-31 08:46:00,1788165960000,4435.52,4436.5,4435.46,4435.46,2.5567
2026-08-31 08:47:00,1788166020000,4435.47,4436.23,4435.47,4436.23,0.8461
2026-08-31 08:48:00,1788166080000,4436.12,4436.92,4436.12,4436.92,2.1614
2026-08-31 08:49:00,1788166140000,4436.92,4436.92,4436.92,4436.92,0.0
2026-08-31 08:50:00,1788166200000,4437.0,4437.0,4435.49,4435.49,2.1101
2026-08-31 08:51:00,1788166260000,4435.65,4435.88,4435.65,4435.88,0.3155
2026-08-31 08:52:00,1788166320000,4435.81,4435.88,4434.56,4435.16,0.8599
2026-08-31 08:53:00,1788166380000,4435.44,4435.77,4435.44,4435.77,0.6151
2026-08-31 08:54:00,1788166440000,4435.77,4435.77,4433.96,4434.37,1.7822
2026-08-31 08:55:00,1788166500000,4434.82,4435.8,4434.82,4435.8,0.8037
2026-08-31 08:56:00,1788166560000,4435.8,4435.8,4435.8,4435.8,0.0
2026-08-31 08:57:00,1788166620000,4435.8,4435.8,4435.79,4435.79,0.0181
2026-08-31 08:58:00,1788166680000,4435.8,4436.05,4435.8,4436.05,1.2236
2026-08-31 08:59:00,1788166740000,4436.34,4436.34,4436.34,4436.34,0.1119
2026-08-31 09:00:00,1788166800000,4436.55,4437.95,4436.55,4437.95,0.9775
2026-08-31 09:01:00,1788166860000,4438.53,4439.2,4438.41,4438.41,0.7194
2026-08-31 09:02:00,1788166920000,4438.41,4438.41,4438.41,4438.41,0.0276
2026-08-31 09:03:00,1788166980000,4438.41,4438.75,4438.41,4438.75,2.4907
2026-08-31 09:04:00,1788167040000,4438.78,4438.78,4438.78,4438.78,0.0047
2026-08-31 09:05:00,1788167100000,4438.78,4441.14,4438.78,4441.14,4.707
2026-08-31 09:06:00,1788167160000,4441.14,4441.14,4440.08,4440.08,0.8115
2026-08-31 09:07:00,1788167220000,4439.01,4440.26,4439.01,4440.26,3.2117
2026-08-31 09:08:00,1788167280000,4440.26,4440.26,4439.97,4439.97,0.6738
2026-08-31 09:09:00,1788167340000,4438.92,4438.92,4438.84,4438.84,0.5686
2026-08-31 09:10:00,1788167400000,4437.28,4438.91,4437.28,4438.91,0.6902
2026-08-31 09:11:00,1788167460000,4439.4,4440.26,4439.3,4439.3,0.1549
2026-08-31 09:12:00,1788167520000,4440.16,4441.84,4440.16,4441.84,3.3585
2026-08-31 09:13:00,1788167580000,4441.85,4442.05,4441.85,4442.05,0.1448
2026-08-31 09:14:00,1788167640000,4442.65,4442.86,4442.65,4442.85,1.7262
2026-08-31 09:15:00,1788167700000,4443.34,4443.34,4443.34,4443.34,0.0262
2026-08-31 09:16:00,1788167760000,4443.47,4443.8,4443.47,4443.8,0.677
2026-08-31 09:17:00,1788167820000,4444.31,4444.31,4443.12,4443.12,0.9224
2026-08-31 09:18:00,1788167880000,4443.04,4443.04,4443.0,4443.0,0.6621
2026-08-31 09:19:00,1788167940000,4442.65,4442.65,4441.76,4442.22,5.1205
2026-08-31 09:20:00,1788168000000,4442.21,4442.21,4441.31,4441.72,1.8664
2026-08-31 09:21:00,1788168060000,4441.72,4441.72,4441.72,4441.72,0.2334
2026-08-31 09:22:00,1788168120000,4441.72,4441.72,4440.72,4440.72,1.0006
2026-08-31 09:23:00,1788168180000,4441.06,4441.06,4440.25,4440.25,0.3992
2026-08-31 09:24:00,1788168240000,4439.99,4440.71,4439.99,4440.71,0.4752
2026-08-31 09:25:00,1788168300000,4440.72,4440.72,4440.27,4440.27,0.1366
2026-08-31 09:26:00,1788168360000,4440.27,4440.27,4440.27,4440.27,0.0
2026-08-31 09:27:00,1788168420000,4439.84,4439.84,4439.34,4439.34,0.1972
2026-08-31 09:28:00,1788168480000,4439.71,4439.71,4439.34,4439.34,0.3545
2026-08-31 09:29:00,1788168540000,4439.35,4440.27,4439.35,4440.27,6.4672
2026-08-31 09:30:00,1788168600000,4440.72,4440.72,4440.72,4440.72,1.0
2026-08-31 09:31:00,1788168660000,4442.33,4442.52,4442.33,4442.51,0.5037
2026-08-31 09:32:00,1788168720000,4442.51,4443.41,4442.51,4443.41,1.0268
2026-08-31 09:33:00,1788168780000,4443.42,4443.42,4443.41,4443.41,1.103
2026-08-31 09:34:00,1788168840000,4443.14,4444.7,4443.14,4444.7,1.0113
2026-08-31 09:35:00,1788168900000,4445.06,4445.66,4444.79,4444.79,1.3015
2026-08-31 09:36:00,1788168960000,4444.14,4444.14,4444.0,4444.0,0.1142
2026-08-31 09:37:00,1788169020000,4444.44,4444.76,4444.44,4444.54,4.728
2026-08-31 09:38:00,1788169080000,4444.54,4444.54,4444.0,4444.0,0.6407
2026-08-31 09:39:00,1788169140000,4444.01,4444.01,4444.0,4444.0,15.0397
2026-08-31 09:40:00,1788169200000,4443.53,4444.01,4442.68,4442.68,0.7228
2026-08-31 09:41:00,1788169260000,4442.5,4443.55,4442.5,4443.55,1.2337
2026-08-31 09:42:00,1788169320000,4443.46,4444.26,4443.46,4444.25,3.3729
2026-08-31 09:43:00,1788169380000,4444.26,4444.26,4444.26,4444.26,0.0012
2026-08-31 09:44:00,1788169440000,4444.26,4444.26,4444.25,4444.25,0.0276
2026-08-31 09:45:00,1788169500000,4444.25,4444.25,4444.25,4444.25,0.0
2026-08-31 09:46:00,1788169560000,4444.26,4445.22,4444.26,4445.22,1.7064
2026-08-31 09:47:00,1788169620000,4445.21,4445.21,4444.47,4444.47,0.6504
2026-08-31 09:48:00,1788169680000,4444.47,4444.69,4444.46,4444.62,12.1866
2026-08-31 09:49:00,1788169740000,4444.62,4444.62,4444.25,4444.26,0.1135
2026-08-31 09:50:00,1788169800000,4444.25,4444.25,4442.79,4442.79,1.9747
2026-08-31 09:51:00,1788169860000,4442.5,4443.43,4442.5,4443.43,1.4589
2026-08-31 09:52:00,1788169920000,4443.43,4443.43,4443.43,4443.43,0.0
2026-08-31 09:53:00,1788169980000,4443.85,4443.85,4443.45,4443.45,0.062
2026-08-31 09:54:00,1788170040000,4444.32,4444.85,4444.32,4444.85,0.1689
2026-08-31 09:55:00,1788170100000,4444.85,4444.85,4444.53,4444.53,0.3376
2026-08-31 09:56:00,1788170160000,4444.54,4444.54,4444.53,4444.53,0.0599
2026-08-31 09:57:00,1788170220000,4443.59,4443.59,4443.59,4443.59,0.0082
2026-08-31 09:58:00,1788170280000,4443.6,4444.77,4443.6,4444.77,1.1388
2026-08-31 09:59:00,1788170340000,4445.16,4445.42,4445.16,4445.42,0.0071
2026-08-31 10:00:00,1788170400000,4445.42,4446.28,4445.42,4446.27,1.0562
2026-08-31 10:01:00,1788170460000,4446.28,4446.99,4446.28,4446.51,0.8022
2026-08-31 10:02:00,1788170520000,4445.69,4445.69,4445.66,4445.66,0.2358
2026-08-31 10:03:00,1788170580000,4445.7,4445.95,4445.66,4445.95,0.1582
2026-08-31 10:04:00,1788170640000,4445.94,4446.48,4445.94,4446.48,0.4875
2026-08-31 10:05:00,1788170700000,4447.0,4447.66,4447.0,4447.66,1.6664
2026-08-31 10:06:00,1788170760000,4447.57,4450.62,4447.57,4450.5,7.1369
2026-08-31 10:07:00,1788170820000,4450.5,4453.09,4450.5,4453.06,2.4021
2026-08-31 10:08:00,1788170880000,4453.06,4453.06,4451.91,4451.91,1.1512
2026-08-31 10:09:00,1788170940000,4451.91,4451.91,4449.21,4449.21,3.3826
2026-08-31 10:10:00,1788171000000,4449.21,4449.21,4448.76,4448.93,1.3239
2026-08-31 10:11:00,1788171060000,4448.15,4448.4,4448.15,4448.4,0.6078
2026-08-31 10:12:00,1788171120000,4447.83,4447.95,4447.2,4447.95,0.1733
2026-08-31 10:13:00,1788171180000,4449.69,4449.69,4449.69,4449.69,0.0162
2026-08-31 10:14:00,1788171240000,4450.17,4450.17,4450.17,4450.17,0.9991
2026-08-31 10:15:00,1788171300000,4451.42,4452.19,4451.42,4452.19,2.8095
2026-08-31 10:16:00,1788171360000,4451.96,4451.96,4448.82,4448.82,1.4052
2026-08-31 10:17:00,1788171420000,4448.81,4448.81,4447.17,4447.62,1.9889
2026-08-31 10:18:00,1788171480000,4447.61,4447.62,4447.61,4447.62,0.0664
2026-08-31 10:19:00,1788171540000,4447.9,4447.9,4447.9,4447.9,0.4064
2026-08-31 10:20:00,1788171600000,4447.91,4448.94,4447.91,4448.94,1.2432
2026-08-31 10:21:00,1788171660000,4449.53,4449.53,4449.53,4449.53,0.0017
2026-08-31 10:22:00,1788171720000,4448.97,4448.97,4448.07,4448.53,0.0341
2026-08-31 10:23:00,1788171780000,4448.52,4448.52,4448.01,4448.01,10.8651
2026-08-31 10:24:00,1788171840000,4448.01,4448.01,4448.01,4448.01,0.0
2026-08-31 10:25:00,1788171900000,4447.62,4447.62,4447.62,4447.62,0.1612
2026-08-31 10:26:00,1788171960000,4447.47,4447.47,4446.96,4447.34,3.4521
2026-08-31 10:27:00,1788172020000,4447.92,4448.39,4447.92,4448.39,0.2639
2026-08-31 10:28:00,1788172080000,4447.61,4448.12,4447.35,4448.12,1.3013
2026-08-31 10:29:00,1788172140000,4448.12,4448.12,4448.12,4448.12,0.0045
2026-08-31 10:30:00,1788172200000,4448.12,4448.14,4448.12,4448.14,1.0542
2026-08-31 10:31:00,1788172260000,4448.14,4449.71,4448.14,4449.71,1.0941
2026-08-31 10:32:00,1788172320000,4449.42,4449.42,4449.18,4449.18,0.0484
2026-08-31 10:33:00,1788172380000,4449.06,4449.06,4448.83,4448.83,0.1359
2026-08-31 10:34:00,1788172440000,4448.27,4448.52,4448.14,4448.14,0.0495
2026-08-31 10:35:00,1788172500000,4447.91,4448.03,4447.91,4448.03,0.0827
2026-08-31 10:36:00,1788172560000,4447.91,4448.91,4447.91,4448.91,4.4671
2026-08-31 10:37:00,1788172620000,4449.03,4450.47,4449.03,4449.72,0.329
2026-08-31 10:38:00,1788172680000,4450.36,4450.36,4450.36,4450.36,0.0039
2026-08-31 10:39:00,1788172740000,4450.31,4450.31,4450.31,4450.31,0.005
2026-08-31 10:40:00,1788172800000,4449.87,4449.87,4449.87,4449.87,0.007
2026-08-31 10:41:00,1788172860000,4449.88,4449.88,4449.41,4449.41,0.5281
2026-08-31 10:42:00,1788172920000,4449.9,4449.9,4449.9,4449.9,0.002
2026-08-31 10:43:00,1788172980000,4449.9,4450.32,4449.29,4450.32,0.4847
2026-08-31 10:44:00,1788173040000,4450.32,4450.36,4450.32,4450.36,0.0204
2026-08-31 10:45:00,1788173100000,4451.08,4451.08,4449.87,4449.93,0.0398
2026-08-31 10:46:00,1788173160000,4449.42,4449.87,4449.42,4449.87,0.0029
2026-08-31 10:47:00,1788173220000,4449.87,4451.03,4449.87,4450.84,0.4696
2026-08-31 10:48:00,1788173280000,4450.71,4450.71,4450.71,4450.71,0.0471
2026-08-31 10:49:00,1788173340000,4450.65,4450.65,4450.64,4450.64,0.1358
2026-08-31 10:50:00,1788173400000,4450.64,4451.46,4450.64,4451.46,0.5378
2026-08-31 10:51:00,1788173460000,4451.58,4452.6,4451.58,4452.6,0.1792
2026-08-31 10:52:00,1788173520000,4453.16,4454.17,4453.16,4454.17,0.5682
2026-08-31 10:53:00,1788173580000,4454.53,4454.53,4454.18,4454.18,1.2095
2026-08-31 10:54:00,1788173640000,4454.17,4454.18,4453.34,4453.34,0.2179
2026-08-31 10:55:00,1788173700000,4454.08,4454.67,4454.08,4454.67,0.9058
2026-08-31 10:56:00,1788173760000,4454.78,4454.78,4454.12,4454.12,0.4288
2026-08-31 10:57:00,1788173820000,4454.12,4454.51,4454.12,4454.51,0.3361
2026-08-31 10:58:00,1788173880000,4454.67,4454.67,4453.49,4454.21,0.1004
2026-08-31 10:59:00,1788173940000,4454.22,4454.22,4454.21,4454.22,0.216
2026-08-31 11:00:00,1788174000000,4454.22,4454.22,4453.49,4453.92,1.3425
2026-08-31 11:01:00,1788174060000,4454.26,4455.47,4454.26,4455.47,0.1064
2026-08-31 11:02:00,1788174120000,4455.47,4455.48,4455.47,4455.48,0.1089
2026-08-31 11:03:00,1788174180000,4455.48,4455.48,4455.48,4455.48,0.0675
2026-08-31 11:04:00,1788174240000,4455.48,4455.81,4455.48,4455.8,0.1136
2026-08-31 11:05:00,1788174300000,4455.81,4455.81,4453.04,4453.04,0.9893
2026-08-31 11:06:00,1788174360000,4453.05,4454.22,4453.05,4454.22,0.0958
2026-08-31 11:07:00,1788174420000,4454.67,4455.46,4454.67,4455.46,0.0779
2026-08-31 11:08:00,1788174480000,4456.0,4456.18,4455.76,4455.77,1.0622
2026-08-31 11:09:00,1788174540000,4455.77,4456.18,4455.77,4456.18,0.0146
2026-08-31 11:10:00,1788174600000,4456.18,4456.18,4455.78,4455.78,0.6385
2026-08-31 11:11:00,1788174660000,4455.8,4456.12,4455.79,4456.12,0.2833
2026-08-31 11:12:00,1788174720000,4456.13,4456.13,4455.82,4455.82,0.3123
2026-08-31 11:13:00,1788174780000,4455.77,4455.77,4454.79,4454.79,0.1773
2026-08-31 11:14:00,1788174840000,4454.78,4454.78,4453.02,4453.02,10.8751
2026-08-31 11:15:00,1788174900000,4453.01,4453.02,4452.05,4452.05,1.2448
2026-08-31 11:16:00,1788174960000,4452.04,4452.54,4452.04,4452.53,1.2203
2026-08-31 11:17:00,1788175020000,4453.31,4453.77,4453.31,4453.77,0.4038
2026-08-31 11:18:00,1788175080000,4454.19,4454.74,4454.19,4454.74,0.8764
2026-08-31 11:19:00,1788175140000,4455.57,4456.25,4455.57,4456.25,0.7332
2026-08-31 11:20:00,1788175200000,4456.25,4456.66,4456.25,4456.66,0.023
2026-08-31 11:21:00,1788175260000,4456.72,4456.72,4456.25,4456.58,1.0223
2026-08-31 11:22:00,1788175320000,4456.73,4457.16,4456.73,4457.16,2.3027
2026-08-31 11:23:00,1788175380000,4457.2,4457.2,4456.88,4456.88,0.5825
2026-08-31 11:24:00,1788175440000,4456.88,4457.21,4456.88,4457.21,0.0098
2026-08-31 11:25:00,1788175500000,4457.62,4459.24,4457.62,4459.24,4.3817
2026-08-31 11:26:00,1788175560000,4459.25,4459.89,4459.25,4459.26,2.227
2026-08-31 11:27:00,1788175620000,4459.26,4461.26,4459.26,4460.4,6.0381
2026-08-31 11:28:00,1788175680000,4461.26,4462.62,4461.26,4462.62,0.5947
2026-08-31 11:29:00,1788175740000,4462.78,4462.78,4462.62,4462.62,1.2766
2026-08-31 11:30:00,1788175800000,4462.63,4462.76,4461.99,4462.12,2.9886
2026-08-31 11:31:00,1788175860000,4462.1,4462.1,4460.02,4460.52,14.2812
2026-08-31 11:32:00,1788175920000,4460.62,4460.63,4460.12,4460.43,3.4976
2026-08-31 11:33:00,1788175980000,4460.62,4460.62,4459.59,4459.59,0.596
2026-08-31 11:34:00,1788176040000,4459.18,4459.18,4458.26,4458.26,0.1636
2026-08-31 11:35:00,1788176100000,4458.26,4458.26,4456.93,4456.93,0.3638
2026-08-31 11:36:00,1788176160000,4457.13,4458.0,4457.13,4458.0,0.2971
2026-08-31 11:37:00,1788176220000,4458.0,4458.65,4457.51,4457.51,4.4032
2026-08-31 11:38:00,1788176280000,4457.51,4457.51,4456.55,4456.55,0.798
2026-08-31 11:39:00,1788176340000,4456.55,4456.55,4455.0,4455.0,0.4281
2026-08-31 11:40:00,1788176400000,4455.57,4458.29,4455.57,4457.22,1.5591
2026-08-31 11:41:00,1788176460000,4457.19,4457.19,4455.92,4455.92,0.4182
2026-08-31 11:42:00,1788176520000,4455.92,4455.92,4455.0,4455.0,0.842
2026-08-31 11:43:00,1788176580000,4454.41,4455.01,4453.75,4455.01,0.1712
2026-08-31 11:44:00,1788176640000,4455.01,4455.56,4455.01,4455.56,0.1083
2026-08-31 11:45:00,1788176700000,4455.55,4455.55,4454.01,4454.01,0.7774
2026-08-31 11:46:00,1788176760000,4454.01,4454.01,4453.12,4453.67,0.1089
2026-08-31 11:47:00,1788176820000,4453.68,4453.77,4453.68,4453.76,0.5095
2026-08-31 11:48:00,1788176880000,4453.76,4453.76,4453.76,4453.76,0.0
2026-08-31 11:49:00,1788176940000,4454.02,4454.02,4453.66,4453.66,0.1972
2026-08-31 11:50:00,1788177000000,4453.66,4453.66,4453.66,4453.66,0.0
2026-08-31 11:51:00,1788177060000,4453.75,4453.75,4453.75,4453.75,0.0017
2026-08-31 11:52:00,1788177120000,4453.75,4453.75,4453.19,4453.19,0.253
2026-08-31 11:53:00,1788177180000,4453.29,4453.29,4453.0,4453.0,0.3978
2026-08-31 11:54:00,1788177240000,4453.19,4453.19,4453.0,4453.0,0.2781
2026-08-31 11:55:00,1788177300000,4453.0,4454.21,4453.0,4454.2,6.0596
2026-08-31 11:56:00,1788177360000,4454.19,4454.21,4454.19,4454.21,0.1827
2026-08-31 11:57:00,1788177420000,4454.21,4454.97,4454.21,4454.9,5.4372
2026-08-31 11:58:00,1788177480000,4454.56,4454.56,4454.36,4454.36,0.0989
2026-08-31 11:59:00,1788177540000,4454.55,4454.57,4454.55,4454.57,0.053
2026-08-31 12:00:00,1788177600000,4454.95,4456.01,4454.95,4455.2,5.822
2026-08-31 12:01:00,1788177660000,4455.21,4457.16,4455.21,4457.16,3.5006
2026-08-31 12:02:00,1788177720000,4457.69,4458.25,4457.69,4458.25,0.4731
2026-08-31 12:03:00,1788177780000,4457.82,4458.65,4457.82,4458.65,1.2481
2026-08-31 12:04:00,1788177840000,4459.24,4459.24,4459.24,4459.24,0.0089
2026-08-31 12:05:00,1788177900000,4459.62,4459.62,4459.36,4459.36,0.3893
2026-08-31 12:06:00,1788177960000,4459.6,4459.6,4458.2,4458.58,7.567
2026-08-31 12:07:00,1788178020000,4460.96,4461.15,4460.25,4460.95,0.4606
2026-08-31 12:08:00,1788178080000,4461.13,4461.13,4458.75,4458.75,1.5339
2026-08-31 12:09:00,1788178140000,4459.05,4459.05,4450.77,4456.89,40.1121
2026-08-31 12:10:00,1788178200000,4457.36,4457.36,4456.18,4456.18,0.2159
2026-08-31 12:11:00,1788178260000,4456.18,4456.91,4456.18,4456.91,0.2069
2026-08-31 12:12:00,1788178320000,4457.33,4458.05,4456.9,4458.05,0.5229
2026-08-31 12:13:00,1788178380000,4459.06,4459.62,4459.06,4459.62,0.8141
2026-08-31 12:14:00,1788178440000,4459.63,4459.63,4458.41,4458.41,1.2822
2026-08-31 12:15:00,1788178500000,4458.52,4458.52,4457.33,4457.33,0.3968
2026-08-31 12:16:00,1788178560000,4457.81,4457.81,4456.26,4456.26,0.2134
2026-08-31 12:17:00,1788178620000,4456.27,4458.27,4456.27,4458.27,0.1907
2026-08-31 12:18:00,1788178680000,4458.27,4458.95,4457.07,4458.95,0.693
2026-08-31 12:19:00,1788178740000,4459.39,4459.4,4458.08,4458.08,0.5645
2026-08-31 12:20:00,1788178800000,4458.08,4458.08,4454.94,4456.16,1.0639
2026-08-31 12:21:00,1788178860000,4455.87,4455.87,4452.56,4452.57,0.7541
2026-08-31 12:22:00,1788178920000,4453.83,4453.83,4452.57,4452.57,0.7294
2026-08-31 12:23:00,1788178980000,4452.56,4452.56,4450.76,4450.76,1.1467
2026-08-31 12:24:00,1788179040000,4450.76,4452.53,4450.76,4452.46,0.2209
2026-08-31 12:25:00,1788179100000,4452.53,4453.63,4447.35,4448.18,13.0769
2026-08-31 12:26:00,1788179160000,4448.2,4449.19,4448.2,4449.19,0.18
2026-08-31 12:27:00,1788179220000,4449.19,4450.52,4449.19,4450.52,0.6884
2026-08-31 12:28:00,1788179280000,4450.3,4450.61,4448.66,4450.61,0.2692
2026-08-31 12:29:00,1788179340000,4450.6,4450.88,4447.61,4447.61,0.174
2026-08-31 12:30:00,1788179400000,4447.4,4449.07,4445.37,4449.07,18.6772
2026-08-31 12:31:00,1788179460000,4449.07,4449.07,4446.89,4446.89,1.0211
2026-08-31 12:32:00,1788179520000,4447.48,4447.48,4447.29,4447.47,1.3296
2026-08-31 12:33:00,1788179580000,4446.71,4446.71,4445.81,4445.81,4.0061
2026-08-31 12:34:00,1788179640000,4445.76,4445.76,4445.32,4445.32,0.2979
2026-08-31 12:35:00,1788179700000,4445.38,4446.17,4444.13,4444.13,10.3082
2026-08-31 12:36:00,1788179760000,4444.78,4445.22,4444.78,4445.22,4.7661
2026-08-31 12:37:00,1788179820000,4444.96,4445.66,4444.96,4445.35,5.5394
2026-08-31 12:38:00,1788179880000,4445.16,4445.22,4443.29,4444.22,16.9638
2026-08-31 12:39:00,1788179940000,4443.19,4443.19,4442.65,4443.0,11.2465
2026-08-31 12:40:00,1788180000000,4442.64,4442.64,4440.0,4442.06,1.2655
2026-08-31 12:41:00,1788180060000,4441.88,4441.88,4441.88,4441.88,0.0221
2026-08-31 12:42:00,1788180120000,4440.01,4442.07,4440.01,4441.97,0.1718
2026-08-31 12:43:00,1788180180000,4442.51,4442.51,4442.51,4442.51,0.0212
2026-08-31 12:44:00,1788180240000,4442.07,4442.65,4441.97,4441.97,1.2576
2026-08-31 12:45:00,1788180300000,4440.42,4440.61,4439.0,4439.0,8.5629
2026-08-31 12:46:00,1788180360000,4438.87,4438.87,4437.57,4438.19,2.17
2026-08-31 12:47:00,1788180420000,4438.52,4438.52,4437.55,4438.18,2.6661
2026-08-31 12:48:00,1788180480000,4438.03,4438.03,4436.37,4436.84,1.694
2026-08-31 12:49:00,1788180540000,4437.02,4438.03,4436.84,4438.03,4.4105
2026-08-31 12:50:00,1788180600000,4438.62,4439.54,4438.17,4439.54,0.1482
2026-08-31 12:51:00,1788180660000,4440.51,4441.0,4439.95,4441.0,0.0479
2026-08-31 12:52:00,1788180720000,4440.63,4440.63,4439.5,4439.51,0.281
2026-08-31 12:53:00,1788180780000,4439.51,4439.51,4438.31,4438.31,2.955
2026-08-31 12:54:00,1788180840000,4438.23,4438.23,4438.23,4438.23,0.459
2026-08-31 12:55:00,1788180900000,4438.01,4438.01,4438.0,4438.0,0.0056
2026-08-31 12:56:00,1788180960000,4437.01,4437.55,4437.01,4437.25,0.3798
2026-08-31 12:57:00,1788181020000,4437.25,4437.89,4437.0,4437.66,3.07
2026-08-31 12:58:00,1788181080000,4437.06,4440.01,4437.06,4439.65,12.4171
2026-08-31 12:59:00,1788181140000,4438.75,4438.75,4436.29,4436.67,1.3343
2026-08-31 13:00:00,1788181200000,4436.35,4438.02,4435.79,4437.56,7.0936
2026-08-31 13:01:00,1788181260000,4435.8,4436.22,4435.34,4436.22,2.7709
2026-08-31 13:02:00,1788181320000,4437.12,4440.71,4437.12,4440.71,1.3344
2026-08-31 13:03:00,1788181380000,4438.16,4438.45,4438.02,4438.02,0.2088
2026-08-31 13:04:00,1788181440000,4439.07,4439.07,4438.42,4438.42,0.2486
2026-08-31 13:05:00,1788181500000,4438.0,4438.02,4437.71,4438.02,0.0097
2026-08-31 13:06:00,1788181560000,4439.66,4441.99,4439.66,4440.87,0.2819
2026-08-31 13:07:00,1788181620000,4440.72,4443.72,4440.72,4443.72,0.504
2026-08-31 13:08:00,1788181680000,4443.12,4445.0,4443.12,4445.0,0.2414
2026-08-31 13:09:00,1788181740000,4444.4,4445.48,4444.4,4445.47,0.7233
2026-08-31 13:10:00,1788181800000,4445.11,4445.63,4445.04,4445.04,0.6657
2026-08-31 13:11:00,1788181860000,4443.77,4445.15,4443.6,4445.13,1.6899
2026-08-31 13:12:00,1788181920000,4445.85,4446.89,4445.67,4446.26,3.8342
2026-08-31 13:13:00,1788181980000,4446.12,4446.12,4444.86,4444.86,3.4326
2026-08-31 13:14:00,1788182040000,4446.12,4446.12,4445.89,4446.12,0.0775
2026-08-31 13:15:00,1788182100000,4447.0,4447.0,4447.0,4447.0,0.1586
2026-08-31 13:16:00,1788182160000,4444.3,4444.3,4441.76,4441.77,0.5063
2026-08-31 13:17:00,1788182220000,4443.41,4444.31,4443.41,4443.99,0.594
2026-08-31 13:18:00,1788182280000,4443.59,4443.82,4443.59,4443.82,0.2761
2026-08-31 13:19:00,1788182340000,4443.82,4444.71,4443.82,4443.84,0.5261
2026-08-31 13:20:00,1788182400000,4442.5,4442.5,4442.21,4442.22,0.1949
2026-08-31 13:21:00,1788182460000,4442.21,4442.67,4442.21,4442.65,0.3286
2026-08-31 13:22:00,1788182520000,4442.95,4442.95,4439.96,4440.72,0.9293
2026-08-31 13:23:00,1788182580000,4440.71,4441.16,4440.44,4441.16,0.195
2026-08-31 13:24:00,1788182640000,4441.16,4441.34,4440.35,4441.34,0.2082
2026-08-31 13:25:00,1788182700000,4441.16,4441.16,4441.16,4441.16,0.005
2026-08-31 13:26:00,1788182760000,4444.81,4444.81,4444.81,4444.81,0.0116
2026-08-31 13:27:00,1788182820000,4444.63,4444.63,4443.27,4443.56,0.7449
2026-08-31 13:28:00,1788182880000,4444.87,4445.38,4444.87,4445.38,1.0782
2026-08-31 13:29:00,1788182940000,4446.82,4447.11,4444.47,4444.47,4.2297
2026-08-31 13:30:00,1788183000000,4446.57,4447.01,4443.71,4445.11,2.1423
2026-08-31 13:31:00,1788183060000,4444.02,4445.22,4442.22,4442.4,2.1442
2026-08-31 13:32:00,1788183120000,4440.51,4440.77,4439.08,4439.08,0.6947
2026-08-31 13:33:00,1788183180000,4440.72,4442.65,4440.72,4442.2,1.5545
2026-08-31 13:34:00,1788183240000,4440.86,4440.94,4439.24,4439.24,0.8835
2026-08-31 13:35:00,1788183300000,4439.0,4439.81,4437.32,4437.71,3.2106
2026-08-31 13:36:00,1788183360000,4438.0,4438.7,4437.0,4437.0,0.257
2026-08-31 13:37:00,1788183420000,4437.28,4441.21,4437.28,4440.51,3.8554
2026-08-31 13:38:00,1788183480000,4440.25,4442.23,4440.25,4442.23,0.0467
2026-08-31 13:39:00,1788183540000,4442.28,4442.51,4438.95,4438.95,3.9738
2026-08-31 13:40:00,1788183600000,4437.66,4437.66,4436.27,4436.5,0.4385
2026-08-31 13:41:00,1788183660000,4436.78,4437.99,4435.91,4437.12,1.115
2026-08-31 13:42:00,1788183720000,4436.07,4436.92,4435.75,4435.91,0.5311
2026-08-31 13:43:00,1788183780000,4435.69,4435.69,4432.87,4433.02,18.3796
2026-08-31 13:44:00,1788183840000,4433.03,4434.42,4433.03,4434.42,17.1591
2026-08-31 13:45:00,1788183900000,4434.42,4434.42,4431.42,4432.8,8.9128
2026-08-31 13:46:00,1788183960000,4431.45,4431.45,4429.57,4429.83,5.776
2026-08-31 13:47:00,1788184020000,4429.83,4431.5,4425.23,4431.27,40.5796
2026-08-31 13:48:00,1788184080000,4432.16,4432.32,4430.0,4430.0,2.8297
2026-08-31 13:49:00,1788184140000,4429.06,4429.06,4428.32,4428.32,0.2703
2026-08-31 13:50:00,1788184200000,4426.86,4430.36,4425.75,4425.75,6.0781
2026-08-31 13:51:00,1788184260000,4425.55,4425.55,4424.07,4424.99,4.5685
2026-08-31 13:52:00,1788184320000,4424.99,4424.99,4421.26,4421.26,4.877
2026-08-31 13:53:00,1788184380000,4421.28,4423.16,4421.28,4423.16,0.8553
2026-08-31 13:54:00,1788184440000,4423.61,4425.41,4423.61,4425.41,0.9301
2026-08-31 13:55:00,1788184500000,4424.86,4424.86,4423.32,4424.06,0.8325
2026-08-31 13:56:00,1788184560000,4423.43,4423.61,4423.15,4423.61,0.3741
2026-08-31 13:57:00,1788184620000,4423.19,4424.38,4422.01,4424.38,3.9792
2026-08-31 13:58:00,1788184680000,4423.32,4423.32,4422.29,4422.56,2.6303
2026-08-31 13:59:00,1788184740000,4422.28,4422.28,4417.51,4419.04,3.066
2026-08-31 14:00:00,1788184800000,4419.56,4422.28,4418.06,4421.84,3.2205
2026-08-31 14:01:00,1788184860000,4422.28,4423.88,4420.8,4420.8,0.65
2026-08-31 14:02:00,1788184920000,4421.7,4423.62,4421.07,4421.71,2.7904
2026-08-31 14:03:00,1788184980000,4422.87,4422.87,4421.51,4421.51,0.2066
2026-08-31 14:04:00,1788185040000,4421.11,4422.92,4421.11,4421.54,2.2525
2026-08-31 14:05:00,1788185100000,4422.22,4425.7,4422.22,4425.7,2.711
2026-08-31 14:06:00,1788185160000,4426.9,4427.78,4423.01,4423.01,0.7769
2026-08-31 14:07:00,1788185220000,4423.77,4423.87,4422.47,4422.48,1.0768
2026-08-31 14:08:00,1788185280000,4423.16,4426.76,4423.16,4426.43,2.5678
2026-08-31 14:09:00,1788185340000,4426.91,4428.12,4425.27,4428.12,0.0877
2026-08-31 14:10:00,1788185400000,4427.52,4428.18,4425.87,4427.25,5.092
2026-08-31 14:11:00,1788185460000,4426.8,4426.8,4423.89,4424.53,2.2142
2026-08-31 14:12:00,1788185520000,4424.69,4426.67,4424.69,4426.67,1.3167
2026-08-31 14:13:00,1788185580000,4424.79,4425.42,4424.79,4425.42,0.3691
2026-08-31 14:14:00,1788185640000,4426.32,4428.56,4426.3,4428.56,0.355
2026-08-31 14:15:00,1788185700000,4426.91,4426.91,4425.86,4426.25,1.7079
2026-08-31 14:16:00,1788185760000,4426.46,4428.11,4426.46,4428.11,0.3309
2026-08-31 14:17:00,1788185820000,4429.77,4431.0,4429.77,4430.67,0.542
2026-08-31 14:18:00,1788185880000,4429.9,4429.9,4426.47,4427.1,3.5275
2026-08-31 14:19:00,1788185940000,4427.79,4427.79,4426.97,4426.97,0.3299
2026-08-31 14:20:00,1788186000000,4426.46,4426.46,4421.03,4422.15,3.3935
2026-08-31 14:21:00,1788186060000,4422.49,4422.82,4421.97,4422.34,0.1914
2026-08-31 14:22:00,1788186120000,4423.56,4423.71,4422.34,4422.34,2.4308
2026-08-31 14:23:00,1788186180000,4422.42,4422.42,4420.87,4421.04,14.2025
2026-08-31 14:24:00,1788186240000,4420.87,4420.87,4418.01,4419.57,6.6916
2026-08-31 14:25:00,1788186300000,4419.2,4420.71,4419.2,4419.94,4.5885
2026-08-31 14:26:00,1788186360000,4418.37,4420.83,4418.37,4420.46,2.7054
2026-08-31 14:27:00,1788186420000,4420.06,4423.41,4420.06,4422.53,2.896
2026-08-31 14:28:00,1788186480000,4423.16,4423.17,4421.39,4422.53,5.6988
2026-08-31 14:29:00,1788186540000,4422.28,4422.28,4420.2,4420.92,2.8759
2026-08-31 14:30:00,1788186600000,4421.37,4424.59,4420.85,4424.09,4.172
2026-08-31 14:31:00,1788186660000,4424.81,4425.95,4424.44,4424.79,3.7009
2026-08-31 14:32:00,1788186720000,4425.35,4425.35,4421.97,4424.42,12.5419
2026-08-31 14:33:00,1788186780000,4425.19,4426.5,4425.19,4426.5,0.3338
2026-08-31 14:34:00,1788186840000,4426.52,4427.66,4424.78,4425.17,5.2412
2026-08-31 14:35:00,1788186900000,4426.77,4429.76,4426.72,4429.76,1.6954
2026-08-31 14:36:00,1788186960000,4429.24,4431.72,4428.72,4431.72,3.5964
2026-08-31 14:37:00,1788187020000,4431.9,4433.51,4431.9,4433.43,2.8885
2026-08-31 14:38:00,1788187080000,4432.82,4436.71,4432.82,4435.79,2.9026
2026-08-31 14:39:00,1788187140000,4434.42,4436.66,4434.42,4435.13,2.1938
2026-08-31 14:40:00,1788187200000,4434.56,4435.62,4434.1,4435.31,3.06
2026-08-31 14:41:00,1788187260000,4434.87,4437.56,4434.86,4435.94,6.8526
2026-08-31 14:42:00,1788187320000,4435.21,4436.6,4435.05,4436.6,0.8775
2026-08-31 14:43:00,1788187380000,4436.66,4436.66,4435.32,4435.75,5.4861
2026-08-31 14:44:00,1788187440000,4434.61,4435.31,4433.68,4433.8,7.1476
2026-08-31 14:45:00,1788187500000,4434.48,4435.77,4434.48,4435.75,0.9125
2026-08-31 14:46:00,1788187560000,4435.54,4435.96,4435.54,4435.96,4.0227
2026-08-31 14:47:00,1788187620000,4436.99,4436.99,4436.13,4436.13,2.9181
2026-08-31 14:48:00,1788187680000,4436.31,4436.81,4436.15,4436.15,2.8865
2026-08-31 14:49:00,1788187740000,4434.46,4434.87,4430.91,4430.91,2.8324
2026-08-31 14:50:00,1788187800000,4430.38,4430.82,4429.02,4429.02,3.0399
2026-08-31 14:51:00,1788187860000,4428.49,4432.16,4428.01,4429.5,4.0326
2026-08-31 14:52:00,1788187920000,4429.61,4430.31,4429.0,4430.31,3.2675
2026-08-31 14:53:00,1788187980000,4430.32,4432.6,4430.32,4432.18,0.6881
2026-08-31 14:54:00,1788188040000,4432.18,4434.8,4432.18,4434.8,4.5169
2026-08-31 14:55:00,1788188100000,4434.41,4435.96,4433.83,4435.95,0.6136
2026-08-31 14:56:00,1788188160000,4435.47,4437.48,4435.47,4435.91,5.1124
2026-08-31 14:57:00,1788188220000,4436.02,4437.05,4435.47,4436.21,3.5048
2026-08-31 14:58:00,1788188280000,4435.96,4437.06,4435.51,4436.21,2.7353
2026-08-31 14:59:00,1788188340000,4435.66,4436.2,4432.9,4432.9,3.5013
2026-08-31 15:00:00,1788188400000,4433.05,4438.38,4433.05,4438.38,20.003
2026-08-31 15:01:00,1788188460000,4437.39,4438.44,4435.34,4435.35,5.3332
2026-08-31 15:02:00,1788188520000,4432.55,4432.55,4432.32,4432.32,0.9065
2026-08-31 15:03:00,1788188580000,4432.02,4433.07,4431.36,4433.07,3.6587
2026-08-31 15:04:00,1788188640000,4433.21,4433.21,4431.87,4431.87,0.297
2026-08-31 15:05:00,1788188700000,4431.27,4431.27,4430.92,4430.92,0.0171
2026-08-31 15:06:00,1788188760000,4430.91,4434.42,4430.14,4434.42,2.5245
2026-08-31 15:07:00,1788188820000,4434.4,4435.02,4434.4,4435.02,0.9345
2026-08-31 15:08:00,1788188880000,4432.19,4432.61,4431.21,4431.21,0.4052
2026-08-31 15:09:00,1788188940000,4434.84,4434.86,4434.84,4434.86,0.1776
2026-08-31 15:10:00,1788189000000,4435.58,4436.94,4434.54,4436.94,0.7712
2026-08-31 15:11:00,1788189060000,4437.61,4437.61,4435.02,4435.02,0.9141
2026-08-31 15:12:00,1788189120000,4435.32,4437.89,4435.32,4437.89,0.1811
2026-08-31 15:13:00,1788189180000,4436.9,4438.84,4436.9,4437.83,0.3342
2026-08-31 15:14:00,1788189240000,4436.97,4436.97,4436.96,4436.96,0.1583
2026-08-31 15:15:00,1788189300000,4436.97,4438.86,4435.06,4436.25,0.3467
2026-08-31 15:16:00,1788189360000,4437.71,4437.71,4437.71,4437.71,0.0036
2026-08-31 15:17:00,1788189420000,4437.6,4437.6,4431.92,4432.47,0.2301
2026-08-31 15:18:00,1788189480000,4432.57,4433.06,4431.5,4431.5,1.2113
2026-08-31 15:19:00,1788189540000,4431.96,4433.9,4431.96,4433.9,0.4819
2026-08-31 15:20:00,1788189600000,4434.41,4434.41,4432.39,4432.4,1.141
2026-08-31 15:21:00,1788189660000,4434.29,4436.95,4434.29,4436.36,0.3015
2026-08-31 15:22:00,1788189720000,4436.96,4437.11,4435.2,4435.2,1.418
2026-08-31 15:23:00,1788189780000,4434.54,4435.32,4433.98,4433.98,1.3151
2026-08-31 15:24:00,1788189840000,4433.67,4434.42,4433.03,4433.94,1.876
2026-08-31 15:25:00,1788189900000,4435.76,4435.76,4433.09,4433.94,0.1791
2026-08-31 15:26:00,1788189960000,4433.75,4434.41,4433.75,4434.41,0.2335
2026-08-31 15:27:00,1788190020000,4435.75,4435.75,4435.02,4435.02,0.0077
2026-08-31 15:28:00,1788190080000,4435.02,4435.77,4435.02,4435.77,0.0737
2026-08-31 15:29:00,1788190140000,4436.54,4436.54,4433.92,4433.92,0.5354
2026-08-31 15:30:00,1788190200000,4435.73,4435.73,4434.21,4434.21,0.4034
2026-08-31 15:31:00,1788190260000,4433.0,4435.31,4433.0,4435.31,3.5577
2026-08-31 15:32:00,1788190320000,4434.13,4435.32,4434.13,4435.32,0.1566
2026-08-31 15:33:00,1788190380000,4433.67,4434.22,4432.41,4433.07,0.1693
2026-08-31 15:34:00,1788190440000,4432.3,4433.06,4431.59,4433.06,0.3788
2026-08-31 15:35:00,1788190500000,4432.56,4432.56,4432.35,4432.35,0.1702
2026-08-31 15:36:00,1788190560000,4432.35,4434.27,4431.35,4433.07,3.9943
2026-08-31 15:37:00,1788190620000,4430.96,4430.96,4430.51,4430.82,0.0085
2026-08-31 15:38:00,1788190680000,4431.26,4432.17,4431.25,4431.25,0.0371
2026-08-31 15:39:00,1788190740000,4431.25,4432.16,4431.12,4431.74,4.834
2026-08-31 15:40:00,1788190800000,4431.74,4431.74,4431.74,4431.74,0.0
2026-08-31 15:41:00,1788190860000,4432.39,4433.07,4431.76,4431.9,0.6125
2026-08-31 15:42:00,1788190920000,4432.38,4432.38,4431.75,4431.92,0.0053
2026-08-31 15:43:00,1788190980000,4431.93,4431.93,4429.37,4429.8,2.728
2026-08-31 15:44:00,1788191040000,4428.98,4430.81,4428.98,4430.81,0.1706
2026-08-31 15:45:00,1788191100000,4430.37,4431.51,4430.37,4430.44,0.2072
2026-08-31 15:46:00,1788191160000,4430.82,4432.6,4430.82,4432.6,0.0087
2026-08-31 15:47:00,1788191220000,4431.52,4432.98,4431.12,4431.12,0.7365
2026-08-31 15:48:00,1788191280000,4431.42,4434.11,4431.42,4433.19,0.6812
2026-08-31 15:49:00,1788191340000,4433.66,4433.67,4432.99,4433.66,0.2669
2026-08-31 15:50:00,1788191400000,4432.32,4432.66,4432.32,4432.33,0.2844
2026-08-31 15:51:00,1788191460000,4432.34,4433.72,4432.34,4433.72,1.9313
2026-08-31 15:52:00,1788191520000,4433.28,4433.28,4430.0,4430.0,0.5214
2026-08-31 15:53:00,1788191580000,4430.89,4432.17,4430.55,4430.55,0.3472
2026-08-31 15:54:00,1788191640000,4429.76,4430.0,4429.35,4429.35,0.6296
2026-08-31 15:55:00,1788191700000,4428.99,4429.22,4428.99,4429.05,0.4602
2026-08-31 15:56:00,1788191760000,4428.35,4428.35,4426.34,4426.34,4.0051
2026-08-31 15:57:00,1788191820000,4426.7,4426.8,4426.7,4426.8,0.0476
2026-08-31 15:58:00,1788191880000,4426.36,4426.36,4425.83,4426.32,0.3393
2026-08-31 15:59:00,1788191940000,4427.69,4427.69,4427.69,4427.69,0.0013
2026-08-31 16:00:00,1788192000000,4427.04,4429.27,4425.21,4429.27,3.2032
2026-08-31 16:01:00,1788192060000,4429.77,4430.62,4429.77,4430.11,0.4249
2026-08-31 16:02:00,1788192120000,4430.62,4431.26,4430.62,4431.26,0.321
2026-08-31 16:03:00,1788192180000,4431.69,4432.84,4431.69,4432.84,0.0939
2026-08-31 16:04:00,1788192240000,4432.85,4432.85,4431.9,4431.9,0.2001
2026-08-31 16:05:00,1788192300000,4431.52,4433.59,4431.52,4433.59,0.1752
2026-08-31 16:06:00,1788192360000,4432.93,4435.3,4432.93,4434.64,1.3287
2026-08-31 16:07:00,1788192420000,4434.64,4436.98,4434.64,4435.54,0.4287
2026-08-31 16:08:00,1788192480000,4435.55,4436.51,4435.55,4436.5,0.1204
2026-08-31 16:09:00,1788192540000,4435.0,4435.01,4434.18,4434.67,18.5564
2026-08-31 16:10:00,1788192600000,4434.88,4435.99,4434.22,4435.99,0.3234
2026-08-31 16:11:00,1788192660000,4435.98,4436.67,4435.77,4436.28,0.1667
2026-08-31 16:12:00,1788192720000,4436.36,4438.2,4436.36,4438.04,3.1185
2026-08-31 16:13:00,1788192780000,4437.72,4437.72,4435.62,4435.62,0.2671
2026-08-31 16:14:00,1788192840000,4435.42,4436.64,4435.41,4436.64,0.5611
2026-08-31 16:15:00,1788192900000,4438.01,4438.01,4438.01,4438.01,0.0029
2026-08-31 16:16:00,1788192960000,4437.58,4437.58,4437.02,4437.02,0.7258
2026-08-31 16:17:00,1788193020000,4436.72,4436.72,4436.72,4436.72,0.0019
2026-08-31 16:18:00,1788193080000,4436.68,4436.8,4435.92,4435.92,0.2484
2026-08-31 16:19:00,1788193140000,4435.92,4435.92,4435.92,4435.92,0.0
2026-08-31 16:20:00,1788193200000,4435.84,4436.18,4435.84,4436.18,0.0933
2026-08-31 16:21:00,1788193260000,4436.66,4437.55,4436.66,4437.24,0.776
2026-08-31 16:22:00,1788193320000,4437.04,4437.04,4435.01,4435.31,1.0156
2026-08-31 16:23:00,1788193380000,4435.23,4437.04,4435.23,4437.04,0.4836
2026-08-31 16:24:00,1788193440000,4436.27,4436.88,4436.27,4436.69,5.2587
2026-08-31 16:25:00,1788193500000,4436.69,4436.69,4436.69,4436.69,0.0
2026-08-31 16:26:00,1788193560000,4436.6,4437.03,4436.6,4437.03,0.0077
2026-08-31 16:27:00,1788193620000,4437.03,4437.04,4437.03,4437.04,0.1546
2026-08-31 16:28:00,1788193680000,4437.57,4437.57,4437.56,4437.56,0.0138
2026-08-31 16:29:00,1788193740000,4438.0,4439.37,4438.0,4439.37,0.1303
2026-08-31 16:30:00,1788193800000,4440.0,4441.52,4439.29,4439.6,2.6494
2026-08-31 16:31:00,1788193860000,4439.41,4439.41,4438.04,4438.04,0.3536
2026-08-31 16:32:00,1788193920000,4438.8,4439.79,4438.8,4439.1,3.5004
2026-08-31 16:33:00,1788193980000,4438.91,4438.91,4438.44,4438.44,1.5722
2026-08-31 16:34:00,1788194040000,4438.83,4438.83,4437.76,4438.17,1.5139
2026-08-31 16:35:00,1788194100000,4438.46,4438.46,4437.64,4438.46,0.6311
2026-08-31 16:36:00,1788194160000,4437.43,4437.56,4437.43,4437.56,0.1015
2026-08-31 16:37:00,1788194220000,4436.69,4436.69,4436.69,4436.69,0.0172
2026-08-31 16:38:00,1788194280000,4434.94,4434.94,4433.64,4433.64,0.1102
2026-08-31 16:39:00,1788194340000,4433.95,4433.95,4433.95,4433.95,0.0047
2026-08-31 16:40:00,1788194400000,4434.15,4434.87,4433.65,4434.87,1.2709
2026-08-31 16:41:00,1788194460000,4434.86,4438.25,4434.86,4438.25,0.119
2026-08-31 16:42:00,1788194520000,4438.87,4438.87,4438.0,4438.0,1.5527
2026-08-31 16:43:00,1788194580000,4437.6,4437.67,4437.6,4437.67,0.0992
2026-08-31 16:44:00,1788194640000,4437.22,4437.22,4437.22,4437.22,0.0237
2026-08-31 16:45:00,1788194700000,4437.22,4438.46,4437.22,4438.02,1.2905
2026-08-31 16:46:00,1788194760000,4438.02,4438.02,4435.76,4435.76,5.7518
2026-08-31 16:47:00,1788194820000,4435.76,4435.76,4435.01,4435.47,1.0492
2026-08-31 16:48:00,1788194880000,4435.0,4435.0,4434.56,4434.56,0.8146
2026-08-31 16:49:00,1788194940000,4435.77,4436.56,4435.77,4435.84,0.0173
2026-08-31 16:50:00,1788195000000,4435.84,4436.17,4435.84,4436.17,0.4575
2026-08-31 16:51:00,1788195060000,4436.66,4438.2,4436.66,4438.2,0.4828
2026-08-31 16:52:00,1788195120000,4438.85,4438.85,4438.13,4438.13,0.2551
2026-08-31 16:53:00,1788195180000,4436.88,4436.88,4436.88,4436.88,0.0316
2026-08-31 16:54:00,1788195240000,4436.88,4436.88,4435.86,4435.86,0.0156
2026-08-31 16:55:00,1788195300000,4435.86,4435.87,4435.22,4435.22,2.9477
2026-08-31 16:56:00,1788195360000,4435.22,4435.22,4435.22,4435.22,0.0
2026-08-31 16:57:00,1788195420000,4435.53,4435.54,4435.04,4435.04,1.145
2026-08-31 16:58:00,1788195480000,4434.5,4434.5,4434.5,4434.5,0.3172
2026-08-31 16:59:00,1788195540000,4434.88,4434.88,4434.88,4434.88,0.088
2026-08-31 17:00:00,1788195600000,4434.89,4434.89,4434.25,4434.79,0.2693
2026-08-31 17:01:00,1788195660000,4434.0,4434.55,4433.37,4433.92,0.2605
2026-08-31 17:02:00,1788195720000,4433.93,4435.36,4433.93,4435.35,0.4695
2026-08-31 17:03:00,1788195780000,4435.68,4435.68,4434.69,4434.69,0.0558
2026-08-31 17:04:00,1788195840000,4433.81,4434.2,4433.11,4434.2,0.4815
2026-08-31 17:05:00,1788195900000,4434.18,4434.18,4434.18,4434.18,0.1
2026-08-31 17:06:00,1788195960000,4433.37,4433.37,4432.97,4432.97,0.0628
2026-08-31 17:07:00,1788196020000,4433.24,4433.24,4433.13,4433.15,0.4597
2026-08-31 17:08:00,1788196080000,4433.14,4433.14,4432.92,4432.93,0.5873
2026-08-31 17:09:00,1788196140000,4432.92,4432.92,4432.17,4432.54,0.2065
2026-08-31 17:10:00,1788196200000,4432.54,4433.89,4432.54,4433.89,2.3201
2026-08-31 17:11:00,1788196260000,4433.57,4435.1,4433.57,4435.1,0.5404
2026-08-31 17:12:00,1788196320000,4435.57,4436.01,4435.57,4436.01,0.0133
2026-08-31 17:13:00,1788196380000,4436.01,4436.06,4436.01,4436.06,0.2271
2026-08-31 17:14:00,1788196440000,4435.65,4436.0,4434.73,4435.12,0.8384
2026-08-31 17:15:00,1788196500000,4434.68,4434.68,4434.24,4434.67,0.2001
2026-08-31 17:16:00,1788196560000,4434.53,4435.11,4434.53,4435.11,0.2304
2026-08-31 17:17:00,1788196620000,4435.55,4435.56,4435.55,4435.55,0.0291
2026-08-31 17:18:00,1788196680000,4436.41,4436.89,4436.41,4436.89,0.0269
2026-08-31 17:19:00,1788196740000,4436.44,4436.44,4435.99,4436.0,0.6046
2026-08-31 17:20:00,1788196800000,4436.89,4437.47,4436.5,4436.5,0.1369
2026-08-31 17:21:00,1788196860000,4436.27,4436.43,4436.27,4436.43,0.0133
2026-08-31 17:22:00,1788196920000,4436.43,4436.43,4434.69,4435.57,2.4754
2026-08-31 17:23:00,1788196980000,4435.79,4435.79,4435.79,4435.79,0.0013
2026-08-31 17:24:00,1788197040000,4435.78,4435.78,4435.78,4435.78,0.1972
2026-08-31 17:25:00,1788197100000,4434.75,4434.75,4432.87,4432.87,1.0323
2026-08-31 17:26:00,1788197160000,4432.87,4432.87,4431.62,4431.94,0.7724
2026-08-31 17:27:00,1788197220000,4431.93,4431.93,4430.42,4430.42,0.164
2026-08-31 17:28:00,1788197280000,4432.45,4432.93,4432.45,4432.93,0.0635
2026-08-31 17:29:00,1788197340000,4433.65,4435.64,4431.46,4431.46,1.8834
2026-08-31 17:30:00,1788197400000,4431.6,4432.93,4431.11,4431.11,1.8074
2026-08-31 17:31:00,1788197460000,4431.61,4432.08,4431.61,4432.08,0.0227
2026-08-31 17:32:00,1788197520000,4432.08,4432.95,4431.71,4431.71,0.0348
2026-08-31 17:33:00,1788197580000,4432.92,4434.23,4432.92,4434.23,1.0152
2026-08-31 17:34:00,1788197640000,4434.4,4435.39,4433.94,4433.94,0.4585
2026-08-31 17:35:00,1788197700000,4435.56,4435.56,4435.56,4435.56,0.1
2026-08-31 17:36:00,1788197760000,4436.11,4436.11,4435.13,4435.14,0.5458
2026-08-31 17:37:00,1788197820000,4435.19,4435.98,4435.19,4435.98,0.0626
2026-08-31 17:38:00,1788197880000,4435.33,4435.93,4435.33,4435.66,6.3605
2026-08-31 17:39:00,1788197940000,4435.65,4435.65,4434.54,4434.54,0.4201
2026-08-31 17:40:00,1788198000000,4434.87,4435.57,4434.87,4435.57,0.0386
2026-08-31 17:41:00,1788198060000,4435.99,4436.0,4435.99,4436.0,0.0396
2026-08-31 17:42:00,1788198120000,4436.45,4437.33,4436.45,4437.33,0.1053
2026-08-31 17:43:00,1788198180000,4437.32,4437.32,4437.32,4437.32,0.002
2026-08-31 17:44:00,1788198240000,4437.9,4438.32,4437.9,4438.32,0.0149
2026-08-31 17:45:00,1788198300000,4438.33,4438.33,4437.55,4437.55,0.6884
2026-08-31 17:46:00,1788198360000,4437.48,4437.78,4437.48,4437.78,0.4577
2026-08-31 17:47:00,1788198420000,4438.29,4439.09,4438.28,4439.09,0.0166
2026-08-31 17:48:00,1788198480000,4439.97,4439.97,4439.96,4439.96,0.1732
2026-08-31 17:49:00,1788198540000,4440.11,4440.84,4439.96,4439.96,2.2491
2026-08-31 17:50:00,1788198600000,4439.58,4439.87,4439.52,4439.87,0.0279
2026-08-31 17:51:00,1788198660000,4440.33,4440.33,4440.33,4440.33,0.0134
2026-08-31 17:52:00,1788198720000,4440.33,4440.33,4439.52,4439.53,0.3287
2026-08-31 17:53:00,1788198780000,4439.36,4439.36,4439.36,4439.36,0.007
2026-08-31 17:54:00,1788198840000,4439.37,4439.37,4438.29,4438.29,1.4852
2026-08-31 17:55:00,1788198900000,4438.29,4438.65,4438.29,4438.51,0.741
2026-08-31 17:56:00,1788198960000,4438.28,4438.5,4438.28,4438.5,0.1043
2026-08-31 17:57:00,1788199020000,4438.49,4438.49,4438.28,4438.28,0.0371
2026-08-31 17:58:00,1788199080000,4438.29,4438.29,4437.0,4437.02,2.7436
2026-08-31 17:59:00,1788199140000,4437.02,4437.02,4437.02,4437.02,0.0
2026-08-31 18:00:00,1788199200000,4437.19,4437.2,4436.45,4436.45,0.1656
2026-08-31 18:01:00,1788199260000,4436.64,4436.64,4436.32,4436.32,0.0138
2026-08-31 18:02:00,1788199320000,4436.63,4436.63,4431.54,4432.65,2.2184
2026-08-31 18:03:00,1788199380000,4432.92,4432.93,4432.63,4432.63,0.3454
2026-08-31 18:04:00,1788199440000,4432.48,4432.48,4431.88,4432.07,7.2222
2026-08-31 18:05:00,1788199500000,4432.53,4432.54,4431.89,4431.89,0.4265
2026-08-31 18:06:00,1788199560000,4431.88,4432.44,4431.88,4432.44,0.0994
2026-08-31 18:07:00,1788199620000,4432.54,4432.55,4432.54,4432.55,0.0087
2026-08-31 18:08:00,1788199680000,4432.33,4433.01,4432.01,4433.01,11.3883
2026-08-31 18:09:00,1788199740000,4433.01,4433.01,4433.01,4433.01,0.0032
2026-08-31 18:10:00,1788199800000,4433.0,4433.13,4433.0,4433.13,18.5776
2026-08-31 18:11:00,1788199860000,4433.13,4433.9,4433.13,4433.9,0.6183
2026-08-31 18:12:00,1788199920000,4433.63,4433.95,4433.63,4433.95,0.0154
2026-08-31 18:13:00,1788199980000,4434.24,4434.24,4434.24,4434.24,0.003
2026-08-31 18:14:00,1788200040000,4434.05,4434.7,4434.05,4434.7,0.0432
2026-08-31 18:15:00,1788200100000,4435.13,4435.76,4435.13,4435.76,0.019
2026-08-31 18:16:00,1788200160000,4435.76,4435.76,4435.56,4435.57,0.1518
2026-08-31 18:17:00,1788200220000,4435.57,4435.57,4434.63,4434.63,1.1488
2026-08-31 18:18:00,1788200280000,4434.64,4434.64,4433.61,4433.89,0.5093
2026-08-31 18:19:00,1788200340000,4433.89,4433.89,4433.89,4433.89,0.6002
2026-08-31 18:20:00,1788200400000,4434.08,4434.08,4434.07,4434.07,0.5784
2026-08-31 18:21:00,1788200460000,4434.08,4434.21,4434.08,4434.21,0.0224
2026-08-31 18:22:00,1788200520000,4434.21,4434.21,4434.19,4434.19,1.0018
2026-08-31 18:23:00,1788200580000,4434.19,4434.2,4434.19,4434.2,0.0109
2026-08-31 18:24:00,1788200640000,4434.2,4434.2,4434.18,4434.18,0.7988
2026-08-31 18:25:00,1788200700000,4434.19,4434.19,4433.89,4433.89,45.5297
2026-08-31 18:26:00,1788200760000,4433.89,4433.89,4432.2,4432.2,7.5368
2026-08-31 18:27:00,1788200820000,4432.21,4432.83,4432.21,4432.82,2.1646
2026-08-31 18:28:00,1788200880000,4432.83,4432.97,4432.83,4432.97,0.5037
2026-08-31 18:29:00,1788200940000,4433.37,4433.37,4432.0,4432.01,0.136
2026-08-31 18:30:00,1788201000000,4432.0,4432.0,4429.09,4429.1,2.1649
2026-08-31 18:31:00,1788201060000,4429.1,4429.72,4429.1,4429.26,0.9021
2026-08-31 18:32:00,1788201120000,4429.26,4429.26,4429.26,4429.26,0.0687
2026-08-31 18:33:00,1788201180000,4429.25,4429.26,4428.57,4428.57,0.3934
2026-08-31 18:34:00,1788201240000,4428.6,4429.14,4428.6,4429.14,0.6143
2026-08-31 18:35:00,1788201300000,4429.14,4430.23,4429.14,4430.23,0.6561
2026-08-31 18:36:00,1788201360000,4429.28,4429.38,4429.28,4429.38,0.2162
2026-08-31 18:37:00,1788201420000,4429.82,4430.51,4429.81,4430.51,0.0757
2026-08-31 18:38:00,1788201480000,4430.51,4430.51,4430.0,4430.0,0.1019
2026-08-31 18:39:00,1788201540000,4429.64,4429.64,4429.33,4429.62,0.8143
2026-08-31 18:40:00,1788201600000,4429.85,4431.16,4429.85,4431.16,0.0401
2026-08-31 18:41:00,1788201660000,4431.61,4432.02,4431.21,4431.21,0.1825
2026-08-31 18:42:00,1788201720000,4430.73,4430.86,4430.73,4430.86,0.0092
2026-08-31 18:43:00,1788201780000,4430.86,4430.86,4430.86,4430.86,0.3573
2026-08-31 18:44:00,1788201840000,4430.95,4432.5,4430.95,4432.28,5.9166
2026-08-31 18:45:00,1788201900000,4431.62,4431.62,4431.62,4431.62,0.1359
2026-08-31 18:46:00,1788201960000,4431.62,4431.62,4431.61,4431.62,0.0358
2026-08-31 18:47:00,1788202020000,4431.62,4432.64,4431.62,4432.64,0.8127
2026-08-31 18:48:00,1788202080000,4432.93,4433.32,4432.93,4433.32,0.0253
2026-08-31 18:49:00,1788202140000,4434.66,4434.66,4434.66,4434.66,0.0158
2026-08-31 18:50:00,1788202200000,4434.92,4435.11,4434.91,4435.11,0.02
2026-08-31 18:51:00,1788202260000,4436.13,4436.22,4436.13,4436.22,0.0211
2026-08-31 18:52:00,1788202320000,4436.22,4436.22,4435.56,4435.64,1.7577
2026-08-31 18:53:00,1788202380000,4435.64,4436.13,4435.64,4436.13,0.3286
2026-08-31 18:54:00,1788202440000,4435.88,4435.88,4435.88,4435.88,0.027
2026-08-31 18:55:00,1788202500000,4435.55,4435.55,4435.55,4435.55,0.0655
2026-08-31 18:56:00,1788202560000,4435.55,4435.55,4435.34,4435.34,0.0027
2026-08-31 18:57:00,1788202620000,4435.34,4435.34,4434.16,4434.16,0.5444
2026-08-31 18:58:00,1788202680000,4434.16,4434.16,4434.16,4434.16,0.0972
2026-08-31 18:59:00,1788202740000,4434.69,4434.69,4433.0,4433.0,0.0863
2026-08-31 19:00:00,1788202800000,4433.01,4434.61,4432.16,4432.16,2.8295
2026-08-31 19:01:00,1788202860000,4432.15,4432.15,4431.59,4432.04,0.5618
2026-08-31 19:02:00,1788202920000,4432.05,4433.28,4432.05,4433.28,4.662
2026-08-31 19:03:00,1788202980000,4433.28,4433.28,4433.28,4433.28,0.0
2026-08-31 19:04:00,1788203040000,4433.14,4433.14,4433.14,4433.14,0.0554
2026-08-31 19:05:00,1788203100000,4433.14,4433.46,4433.14,4433.46,0.1788
2026-08-31 19:06:00,1788203160000,4434.34,4435.13,4434.34,4435.13,1.0616
2026-08-31 19:07:00,1788203220000,4435.38,4435.43,4435.38,4435.43,0.0586
2026-08-31 19:08:00,1788203280000,4435.43,4435.44,4435.43,4435.44,0.1364
2026-08-31 19:09:00,1788203340000,4435.43,4435.63,4435.43,4435.63,0.0383
2026-08-31 19:10:00,1788203400000,4436.85,4436.85,4436.31,4436.31,0.0839
2026-08-31 19:11:00,1788203460000,4436.31,4436.31,4436.31,4436.31,0.0239
2026-08-31 19:12:00,1788203520000,4436.25,4436.25,4434.68,4434.68,5.2204
2026-08-31 19:13:00,1788203580000,4434.69,4435.34,4434.69,4435.13,0.6825
2026-08-31 19:14:00,1788203640000,4435.13,4435.13,4435.13,4435.13,0.0311
2026-08-31 19:15:00,1788203700000,4435.13,4435.13,4435.13,4435.13,0.0
2026-08-31 19:16:00,1788203760000,4435.13,4435.39,4435.13,4435.39,0.4477
2026-08-31 19:17:00,1788203820000,4435.39,4435.39,4435.13,4435.14,0.0637
2026-08-31 19:18:00,1788203880000,4435.13,4435.13,4435.13,4435.13,0.0029
2026-08-31 19:19:00,1788203940000,4435.13,4435.13,4435.13,4435.13,0.0
2026-08-31 19:20:00,1788204000000,4435.13,4435.13,4435.13,4435.13,0.0262
2026-08-31 19:21:00,1788204060000,4435.13,4435.13,4435.13,4435.13,0.0061
2026-08-31 19:22:00,1788204120000,4435.12,4435.12,4434.51,4435.03,0.7121
2026-08-31 19:23:00,1788204180000,4435.03,4438.65,4435.03,4438.65,6.0805
2026-08-31 19:24:00,1788204240000,4438.64,4440.51,4438.64,4440.51,0.7639
2026-08-31 19:25:00,1788204300000,4440.52,4442.84,4440.52,4442.17,3.7008
2026-08-31 19:26:00,1788204360000,4442.16,4442.16,4440.07,4440.08,1.4611
2026-08-31 19:27:00,1788204420000,4440.29,4440.68,4439.56,4440.68,3.4562
2026-08-31 19:28:00,1788204480000,4442.29,4442.51,4441.83,4441.83,0.2349
2026-08-31 19:29:00,1788204540000,4441.83,4441.83,4441.83,4441.83,0.0
2026-08-31 19:30:00,1788204600000,4442.15,4442.15,4441.73,4441.73,0.0282
2026-08-31 19:31:00,1788204660000,4442.13,4442.43,4442.13,4442.42,0.4553
2026-08-31 19:32:00,1788204720000,4441.5,4441.5,4441.5,4441.5,0.1013
2026-08-31 19:33:00,1788204780000,4441.36,4441.36,4441.36,4441.36,0.02
2026-08-31 19:34:00,1788204840000,4442.02,4442.02,4441.94,4441.94,0.3813
2026-08-31 19:35:00,1788204900000,4442.15,4442.85,4442.15,4442.85,0.1033
2026-08-31 19:36:00,1788204960000,4442.84,4443.29,4442.84,4443.29,0.1521
2026-08-31 19:37:00,1788205020000,4443.65,4445.78,4443.65,4445.61,1.6777
2026-08-31 19:38:00,1788205080000,4445.61,4446.87,4445.61,4446.87,0.5498
2026-08-31 19:39:00,1788205140000,4446.0,4446.0,4445.24,4445.24,0.8524
2026-08-31 19:40:00,1788205200000,4444.36,4444.36,4442.61,4442.61,0.0388
2026-08-31 19:41:00,1788205260000,4442.61,4442.61,4441.73,4441.73,1.911
2026-08-31 19:42:00,1788205320000,4441.38,4442.54,4441.38,4441.72,0.6448
2026-08-31 19:43:00,1788205380000,4441.16,4442.71,4441.16,4442.71,1.1756
2026-08-31 19:44:00,1788205440000,4442.71,4442.71,4442.71,4442.71,0.0
2026-08-31 19:45:00,1788205500000,4443.48,4443.48,4443.1,4443.1,0.0493
2026-08-31 19:46:00,1788205560000,4444.74,4446.13,4444.74,4446.13,0.056
2026-08-31 19:47:00,1788205620000,4446.87,4446.87,4446.85,4446.85,0.1025
2026-08-31 19:48:00,1788205680000,4446.85,4447.48,4446.76,4447.48,0.3321
2026-08-31 19:49:00,1788205740000,4447.52,4449.0,4447.52,4449.0,0.1896
2026-08-31 19:50:00,1788205800000,4449.12,4451.25,4448.77,4448.77,2.5414
2026-08-31 19:51:00,1788205860000,4448.77,4450.96,4448.77,4449.8,2.3181
2026-08-31 19:52:00,1788205920000,4450.35,4451.99,4450.35,4451.4,0.7461
2026-08-31 19:53:00,1788205980000,4452.0,4452.71,4450.09,4450.09,1.5581
2026-08-31 19:54:00,1788206040000,4449.21,4450.0,4449.21,4450.0,0.9689
2026-08-31 19:55:00,1788206100000,4450.88,4450.88,4450.08,4450.43,0.2161
2026-08-31 19:56:00,1788206160000,4450.38,4450.38,4448.76,4449.85,7.9026
2026-08-31 19:57:00,1788206220000,4450.05,4450.05,4449.93,4449.93,1.7962
2026-08-31 19:58:00,1788206280000,4449.93,4450.97,4449.93,4450.95,1.9079
2026-08-31 19:59:00,1788206340000,4450.96,4452.96,4450.96,4452.96,2.281
2026-08-31 20:00:00,1788206400000,4452.95,4454.63,4452.72,4453.98,11.7165
2026-08-31 20:01:00,1788206460000,4454.67,4454.98,4454.48,4454.49,2.4518
2026-08-31 20:02:00,1788206520000,4454.9,4456.55,4453.79,4454.49,48.2297
2026-08-31 20:03:00,1788206580000,4455.65,4456.24,4454.93,4454.93,6.7261
2026-08-31 20:04:00,1788206640000,4454.94,4454.94,4454.5,4454.5,1.9277
2026-08-31 20:05:00,1788206700000,4453.78,4453.78,4453.1,4453.6,1.4196
2026-08-31 20:06:00,1788206760000,4453.6,4453.61,4453.27,4453.28,0.0811
2026-08-31 20:07:00,1788206820000,4453.27,4453.27,4452.99,4453.27,0.4533
2026-08-31 20:08:00,1788206880000,4453.26,4453.44,4453.2,4453.44,3.2213
2026-08-31 20:09:00,1788206940000,4453.1,4453.15,4452.88,4453.14,0.506
2026-08-31 20:10:00,1788207000000,4453.15,4454.0,4453.15,4453.6,4.0273
2026-08-31 20:11:00,1788207060000,4453.39,4453.39,4452.52,4452.52,0.4067
2026-08-31 20:12:00,1788207120000,4452.29,4452.29,4451.62,4451.62,0.5966
2026-08-31 20:13:00,1788207180000,4451.47,4451.47,4451.02,4451.02,0.834
2026-08-31 20:14:00,1788207240000,4451.03,4451.03,4451.02,4451.02,0.0066
2026-08-31 20:15:00,1788207300000,4451.03,4451.03,4451.03,4451.03,0.0015
2026-08-31 20:16:00,1788207360000,4451.03,4451.03,4450.12,4450.12,1.5251
2026-08-31 20:17:00,1788207420000,4450.13,4450.5,4450.13,4450.5,0.3167
2026-08-31 20:18:00,1788207480000,4450.5,4450.5,4450.14,4450.14,0.0049
2026-08-31 20:19:00,1788207540000,4450.09,4450.09,4450.04,4450.04,0.6038
2026-08-31 20:20:00,1788207600000,4449.93,4449.93,4449.04,4449.04,0.5216
2026-08-31 20:21:00,1788207660000,4448.8,4448.8,4448.26,4448.27,0.3356
2026-08-31 20:22:00,1788207720000,4448.26,4448.26,4448.22,4448.22,0.5557
2026-08-31 20:23:00,1788207780000,4448.22,4448.56,4448.17,4448.56,3.2414
2026-08-31 20:24:00,1788207840000,4448.56,4448.74,4448.56,4448.74,1.4047
2026-08-31 20:25:00,1788207900000,4448.74,4448.74,4448.18,4448.18,0.7078
2026-08-31 20:26:00,1788207960000,4448.19,4448.61,4448.19,4448.61,0.9355
2026-08-31 20:27:00,1788208020000,4448.6,4448.86,4448.32,4448.32,4.3955
2026-08-31 20:28:00,1788208080000,4448.32,4448.32,4448.32,4448.32,0.5843
2026-08-31 20:29:00,1788208140000,4448.61,4448.61,4448.26,4448.26,0.5664
2026-08-31 20:30:00,1788208200000,4448.26,4448.26,4447.73,4447.73,0.4378
2026-08-31 20:31:00,1788208260000,4447.73,4447.73,4447.72,4447.72,3.2204
2026-08-31 20:32:00,1788208320000,4447.68,4447.72,4447.68,4447.72,1.6915
2026-08-31 20:33:00,1788208380000,4448.26,4448.26,4448.11,4448.11,0.5989
2026-08-31 20:34:00,1788208440000,4448.24,4449.35,4448.24,4448.85,3.7861
2026-08-31 20:35:00,1788208500000,4448.84,4448.84,4448.84,4448.84,0.0034
2026-08-31 20:36:00,1788208560000,4448.84,4448.85,4448.84,4448.85,0.4616
2026-08-31 20:37:00,1788208620000,4448.85,4448.85,4448.85,4448.85,0.0
2026-08-31 20:38:00,1788208680000,4448.85,4448.85,4448.85,4448.85,0.0
2026-08-31 20:39:00,1788208740000,4449.45,4449.45,4449.45,4449.45,0.0019
2026-08-31 20:40:00,1788208800000,4449.45,4449.45,4449.44,4449.45,0.8992
2026-08-31 20:41:00,1788208860000,4449.43,4449.43,4449.27,4449.27,0.0262
2026-08-31 20:42:00,1788208920000,4448.97,4448.97,4448.97,4448.97,0.0087
2026-08-31 20:43:00,1788208980000,4448.97,4448.97,4448.97,4448.97,0.1025
2026-08-31 20:44:00,1788209040000,4448.97,4448.97,4448.97,4448.97,0.0
2026-08-31 20:45:00,1788209100000,4448.97,4448.97,4448.97,4448.97,0.0054
2026-08-31 20:46:00,1788209160000,4448.97,4448.97,4448.86,4448.86,0.0198
2026-08-31 20:47:00,1788209220000,4448.85,4448.85,4448.85,4448.85,0.3757
2026-08-31 20:48:00,1788209280000,4448.85,4448.85,4448.85,4448.85,0.0
2026-08-31 20:49:00,1788209340000,4448.09,4448.09,4448.09,4448.09,0.0095
2026-08-31 20:50:00,1788209400000,4448.09,4448.09,4448.09,4448.09,0.0225
2026-08-31 20:51:00,1788209460000,4448.09,4448.09,4448.09,4448.09,0.0
2026-08-31 20:52:00,1788209520000,4447.88,4447.88,4447.88,4447.88,0.2289
2026-08-31 20:53:00,1788209580000,4447.87,4447.87,4447.87,4447.87,0.0733
2026-08-31 20:54:00,1788209640000,4447.88,4448.56,4447.88,4448.56,0.0718
2026-08-31 20:55:00,1788209700000,4448.92,4448.92,4448.4,4448.4,2.8952
2026-08-31 20:56:00,1788209760000,4448.41,4448.41,4448.4,4448.4,0.0658
2026-08-31 20:57:00,1788209820000,4448.4,4448.4,4448.4,4448.4,0.0944
2026-08-31 20:58:00,1788209880000,4448.82,4448.83,4448.82,4448.82,0.4908
2026-08-31 20:59:00,1788209940000,4448.83,4449.42,4448.32,4448.32,0.9089
2026-08-31 21:00:00,1788210000000,4448.32,4448.33,4448.32,4448.33,0.2423
2026-08-31 21:01:00,1788210060000,4448.32,4448.33,4448.32,4448.33,0.0847
2026-08-31 21:02:00,1788210120000,4448.32,4448.32,4448.32,4448.32,0.1065
2026-08-31 21:03:00,1788210180000,4448.32,4448.32,4448.32,4448.32,0.0678
2026-08-31 21:04:00,1788210240000,4448.32,4448.33,4448.32,4448.32,0.063
2026-08-31 21:05:00,1788210300000,4448.32,4448.33,4447.88,4447.88,1.2294
2026-08-31 21:06:00,1788210360000,4447.88,4447.98,4447.88,4447.98,0.051
2026-08-31 21:07:00,1788210420000,4447.98,4447.98,4447.98,4447.98,0.1173
2026-08-31 21:08:00,1788210480000,4447.98,4447.99,4447.98,4447.98,0.0472
2026-08-31 21:09:00,1788210540000,4447.98,4447.99,4447.98,4447.98,0.1106
2026-08-31 21:10:00,1788210600000,4447.98,4447.98,4447.98,4447.98,0.073
2026-08-31 21:11:00,1788210660000,4447.98,4447.99,4447.98,4447.99,0.0498
2026-08-31 21:12:00,1788210720000,4447.98,4447.98,4447.98,4447.98,0.0904
2026-08-31 21:13:00,1788210780000,4447.98,4447.98,4447.98,4447.98,0.0766
2026-08-31 21:14:00,1788210840000,4447.98,4447.99,4447.98,4447.98,0.2905
2026-08-31 21:15:00,1788210900000,4447.99,4447.99,4447.98,4447.98,0.0731
2026-08-31 21:16:00,1788210960000,4447.98,4447.98,4447.98,4447.98,0.1829
2026-08-31 21:17:00,1788211020000,4447.98,4447.99,4447.98,4447.99,0.1182
2026-08-31 21:18:00,1788211080000,4447.98,4447.98,4447.98,4447.98,0.0795
2026-08-31 21:19:00,1788211140000,4447.98,4447.99,4447.98,4447.99,0.2244
2026-08-31 21:20:00,1788211200000,4447.99,4447.99,4447.98,4447.98,0.044
2026-08-31 21:21:00,1788211260000,4447.98,4447.98,4447.98,4447.98,0.0967
2026-08-31 21:22:00,1788211320000,4447.98,4447.98,4447.98,4447.98,0.059
2026-08-31 21:23:00,1788211380000,4447.99,4447.99,4447.91,4447.91,0.5279
2026-08-31 21:24:00,1788211440000,4447.91,4447.91,4447.91,4447.91,0.0504
2026-08-31 21:25:00,1788211500000,4447.91,4447.91,4447.91,4447.91,0.5157
2026-08-31 21:26:00,1788211560000,4447.88,4447.88,4447.87,4447.87,0.0972
2026-08-31 21:27:00,1788211620000,4447.87,4447.87,4447.87,4447.87,0.0461
2026-08-31 21:28:00,1788211680000,4447.87,4447.87,4447.87,4447.87,0.0671
2026-08-31 21:29:00,1788211740000,4447.87,4447.88,4447.87,4447.87,0.0495
2026-08-31 21:30:00,1788211800000,4447.87,4447.87,4447.87,4447.87,0.045
2026-08-31 21:31:00,1788211860000,4447.87,4447.88,4447.87,4447.87,0.0601
2026-08-31 21:32:00,1788211920000,4447.88,4447.88,4447.81,4447.81,0.7645
2026-08-31 21:33:00,1788211980000,4447.81,4447.81,4447.81,4447.81,0.036
2026-08-31 21:34:00,1788212040000,4447.81,4447.82,4447.81,4447.82,0.0735
2026-08-31 21:35:00,1788212100000,4447.81,4447.81,4447.81,4447.81,0.0942
2026-08-31 21:36:00,1788212160000,4447.82,4447.82,4447.81,4447.81,0.0404
2026-08-31 21:37:00,1788212220000,4447.81,4448.45,4447.81,4448.45,1.6901
2026-08-31 21:38:00,1788212280000,4448.44,4448.45,4448.44,4448.45,0.8523
2026-08-31 21:39:00,1788212340000,4448.44,4448.45,4448.44,4448.44,0.841
2026-08-31 21:40:00,1788212400000,4448.45,4448.45,4448.44,4448.44,0.1553
2026-08-31 21:41:00,1788212460000,4448.44,4448.45,4448.44,4448.44,0.0454
2026-08-31 21:42:00,1788212520000,4448.44,4448.45,4448.44,4448.44,0.126
2026-08-31 21:43:00,1788212580000,4448.44,4448.44,4448.44,4448.44,0.2715
2026-08-31 21:44:00,1788212640000,4448.43,4448.43,4447.56,4447.57,1.3652
2026-08-31 21:45:00,1788212700000,4447.56,4447.63,4447.56,4447.62,0.2206
2026-08-31 21:46:00,1788212760000,4447.62,4447.63,4447.62,4447.63,0.1317
2026-08-31 21:47:00,1788212820000,4447.62,4447.63,4447.62,4447.63,0.0492
2026-08-31 21:48:00,1788212880000,4447.62,4447.62,4447.62,4447.62,0.0916
2026-08-31 21:49:00,1788212940000,4447.62,4448.09,4447.62,4448.09,0.4953
2026-08-31 21:50:00,1788213000000,4448.1,4448.1,4448.09,4448.09,0.085
2026-08-31 21:51:00,1788213060000,4448.1,4448.91,4448.1,4448.91,1.6115
2026-08-31 21:52:00,1788213120000,4448.91,4448.91,4448.91,4448.91,0.0916
2026-08-31 21:53:00,1788213180000,4448.91,4448.92,4448.91,4448.91,0.0642
2026-08-31 21:54:00,1788213240000,4448.91,4448.91,4448.91,4448.91,0.0903
2026-08-31 21:55:00,1788213300000,4448.91,4448.91,4448.91,4448.91,0.2097
2026-08-31 21:56:00,1788213360000,4448.92,4448.99,4448.91,4448.99,0.0804
2026-08-31 21:57:00,1788213420000,4448.99,4449.0,4448.99,4448.99,0.1511
2026-08-31 21:58:00,1788213480000,4449.0,4449.0,4448.99,4449.0,0.1315
2026-08-31 21:59:00,1788213540000,4448.99,4449.0,4448.99,4449.0,0.128
2026-08-31 22:00:00,1788213600000,4448.99,4451.41,4448.99,4450.96,2.0219
2026-08-31 22:01:00,1788213660000,4450.22,4450.22,4448.99,4449.31,0.5757
2026-08-31 22:02:00,1788213720000,4449.94,4451.64,4448.65,4450.43,25.5636
2026-08-31 22:03:00,1788213780000,4450.43,4451.13,4450.43,4451.13,0.2001
2026-08-31 22:04:00,1788213840000,4451.81,4453.71,4451.81,4453.71,0.3601
2026-08-31 22:05:00,1788213900000,4453.72,4454.28,4453.61,4453.61,0.175
2026-08-31 22:06:00,1788213960000,4453.6,4453.6,4452.72,4453.07,0.5904
2026-08-31 22:07:00,1788214020000,4453.07,4453.07,4453.07,4453.07,0.0016
2026-08-31 22:08:00,1788214080000,4453.07,4453.99,4453.06,4453.99,0.6927
2026-08-31 22:09:00,1788214140000,4453.99,4454.32,4453.99,4454.31,1.0969
2026-08-31 22:10:00,1788214200000,4454.6,4454.6,4454.05,4454.36,0.8873
2026-08-31 22:11:00,1788214260000,4454.36,4454.36,4454.36,4454.36,0.0
2026-08-31 22:12:00,1788214320000,4454.53,4454.53,4453.17,4453.17,0.4373
2026-08-31 22:13:00,1788214380000,4453.16,4453.16,4452.03,4452.03,9.9963
2026-08-31 22:14:00,1788214440000,4452.28,4452.28,4451.4,4451.4,0.2495
2026-08-31 22:15:00,1788214500000,4451.4,4451.4,4451.4,4451.4,0.0
2026-08-31 22:16:00,1788214560000,4451.36,4451.4,4451.36,4451.4,0.0265
2026-08-31 22:17:00,1788214620000,4450.21,4450.21,4450.21,4450.21,0.0044
2026-08-31 22:18:00,1788214680000,4450.21,4450.21,4450.21,4450.21,0.0014
2026-08-31 22:19:00,1788214740000,4450.21,4450.21,4450.21,4450.21,0.0
2026-08-31 22:20:00,1788214800000,4450.2,4450.2,4449.65,4449.65,0.4936
2026-08-31 22:21:00,1788214860000,4449.65,4449.65,4448.17,4448.17,0.648
2026-08-31 22:22:00,1788214920000,4448.17,4448.18,4447.98,4448.18,3.391
2026-08-31 22:23:00,1788214980000,4448.17,4448.17,4448.17,4448.17,0.0012
2026-08-31 22:24:00,1788215040000,4448.17,4448.17,4448.17,4448.17,0.0013
2026-08-31 22:25:00,1788215100000,4448.17,4448.17,4448.17,4448.17,0.0
2026-08-31 22:26:00,1788215160000,4448.0,4448.0,4445.51,4446.85,56.5777
2026-08-31 22:27:00,1788215220000,4447.22,4447.86,4447.22,4447.86,1.5224
2026-08-31 22:28:00,1788215280000,4448.16,4448.8,4448.16,4448.2,2.9784
2026-08-31 22:29:00,1788215340000,4448.2,4448.21,4448.2,4448.21,0.6278
2026-08-31 22:30:00,1788215400000,4448.58,4450.36,4448.58,4449.88,1.3252
2026-08-31 22:31:00,1788215460000,4449.88,4449.88,4448.89,4448.89,1.1113
2026-08-31 22:32:00,1788215520000,4448.76,4448.76,4448.33,4448.33,0.4531
2026-08-31 22:33:00,1788215580000,4448.33,4448.33,4448.33,4448.33,0.1302
2026-08-31 22:34:00,1788215640000,4448.33,4448.33,4448.32,4448.32,0.0088
2026-08-31 22:35:00,1788215700000,4448.32,4448.32,4447.88,4447.88,3.935
2026-08-31 22:36:00,1788215760000,4447.66,4447.66,4447.66,4447.66,0.0019
2026-08-31 22:37:00,1788215820000,4447.66,4447.66,4447.66,4447.66,0.0022
2026-08-31 22:38:00,1788215880000,4447.66,4447.66,4447.65,4447.65,0.0253
2026-08-31 22:39:00,1788215940000,4447.65,4447.65,4447.13,4447.13,0.624
2026-08-31 22:40:00,1788216000000,4447.13,4447.13,4447.12,4447.12,0.0085
2026-08-31 22:41:00,1788216060000,4447.13,4447.13,4447.0,4447.0,0.0103
2026-08-31 22:42:00,1788216120000,4446.82,4446.82,4446.82,4446.82,0.4984
2026-08-31 22:43:00,1788216180000,4446.24,4446.24,4446.23,4446.24,5.4699
2026-08-31 22:44:00,1788216240000,4446.55,4446.56,4446.55,4446.56,0.0679
2026-08-31 22:45:00,1788216300000,4446.56,4446.56,4446.55,4446.55,0.0087
2026-08-31 22:46:00,1788216360000,4446.55,4446.56,4446.55,4446.56,0.4944
2026-08-31 22:47:00,1788216420000,4446.56,4446.56,4446.56,4446.56,0.0
2026-08-31 22:48:00,1788216480000,4446.56,4446.56,4446.55,4446.55,3.7493
2026-08-31 22:49:00,1788216540000,4445.23,4445.23,4445.23,4445.23,0.3734
2026-08-31 22:50:00,1788216600000,4445.24,4445.25,4445.24,4445.25,0.0757
2026-08-31 22:51:00,1788216660000,4445.24,4445.25,4445.24,4445.25,0.1364
2026-08-31 22:52:00,1788216720000,4445.25,4445.25,4445.25,4445.25,0.0
2026-08-31 22:53:00,1788216780000,4445.23,4445.23,4445.23,4445.23,0.0128
2026-08-31 22:54:00,1788216840000,4444.84,4444.84,4444.84,4444.84,0.0028
2026-08-31 22:55:00,1788216900000,4444.84,4444.84,4444.83,4444.84,0.0354
2026-08-31 22:56:00,1788216960000,4444.84,4445.68,4444.84,4445.68,0.2084
2026-08-31 22:57:00,1788217020000,4445.69,4445.69,4445.69,4445.69,0.0018
2026-08-31 22:58:00,1788217080000,4445.68,4445.68,4445.68,4445.68,0.0083
2026-08-31 22:59:00,1788217140000,4445.69,4446.63,4445.69,4446.62,0.657
2026-08-31 23:00:00,1788217200000,4445.69,4445.7,4445.69,4445.7,0.0231
2026-08-31 23:01:00,1788217260000,4445.69,4445.69,4445.69,4445.69,0.0078
2026-08-31 23:02:00,1788217320000,4445.69,4445.7,4445.69,4445.7,0.1363
2026-08-31 23:03:00,1788217380000,4445.69,4445.7,4445.69,4445.7,0.0059
2026-08-31 23:04:00,1788217440000,4445.69,4445.69,4445.24,4445.24,0.3769
2026-08-31 23:05:00,1788217500000,4445.24,4445.24,4445.24,4445.24,0.0
2026-08-31 23:06:00,1788217560000,4444.98,4444.98,4444.98,4444.98,0.0292
2026-08-31 23:07:00,1788217620000,4444.98,4445.69,4444.98,4445.69,0.1117
2026-08-31 23:08:00,1788217680000,4445.25,4445.25,4445.25,4445.25,0.0224
2026-08-31 23:09:00,1788217740000,4444.98,4444.98,4444.98,4444.98,0.0055
2026-08-31 23:10:00,1788217800000,4444.99,4444.99,4444.85,4444.85,0.9491
2026-08-31 23:11:00,1788217860000,4444.85,4444.86,4444.85,4444.86,0.0598
2026-08-31 23:12:00,1788217920000,4444.86,4444.86,4444.19,4444.19,0.0201
2026-08-31 23:13:00,1788217980000,4443.3,4443.3,4443.3,4443.3,0.0014
2026-08-31 23:14:00,1788218040000,4443.3,4443.3,4443.3,4443.3,0.0058
2026-08-31 23:15:00,1788218100000,4443.3,4443.3,4442.91,4442.91,0.728
2026-08-31 23:16:00,1788218160000,4442.22,4442.22,4442.22,4442.22,0.0015
2026-08-31 23:17:00,1788218220000,4442.22,4442.22,4442.22,4442.22,0.546
2026-08-31 23:18:00,1788218280000,4442.51,4442.52,4442.51,4442.51,0.0252
2026-08-31 23:19:00,1788218340000,4442.52,4442.52,4442.52,4442.52,0.0092
2026-08-31 23:20:00,1788218400000,4442.52,4442.52,4442.52,4442.52,0.011
2026-08-31 23:21:00,1788218460000,4442.52,4442.52,4442.21,4442.21,0.119
2026-08-31 23:22:00,1788218520000,4441.63,4441.9,4441.63,4441.9,0.0042
2026-08-31 23:23:00,1788218580000,4441.9,4441.9,4441.9,4441.9,0.0042
2026-08-31 23:24:00,1788218640000,4441.9,4441.9,4441.9,4441.9,0.0315
2026-08-31 23:25:00,1788218700000,4442.27,4443.47,4442.27,4443.47,1.1529
2026-08-31 23:26:00,1788218760000,4443.29,4443.29,4443.29,4443.29,0.0226
2026-08-31 23:27:00,1788218820000,4443.29,4443.29,4443.29,4443.29,0.0018
2026-08-31 23:28:00,1788218880000,4443.29,4443.29,4443.29,4443.29,0.0
2026-08-31 23:29:00,1788218940000,4443.28,4443.28,4443.28,4443.28,0.4502
2026-08-31 23:30:00,1788219000000,4442.97,4442.97,4442.96,4442.96,0.0263
2026-08-31 23:31:00,1788219060000,4442.97,4442.97,4442.97,4442.97,0.0016
2026-08-31 23:32:00,1788219120000,4443.28,4445.7,4443.28,4445.7,1.6801
2026-08-31 23:33:00,1788219180000,4446.28,4446.28,4444.9,4444.9,0.0074
2026-08-31 23:34:00,1788219240000,4444.91,4445.59,4444.81,4444.81,0.2611
2026-08-31 23:35:00,1788219300000,4444.77,4444.77,4444.77,4444.77,0.011
2026-08-31 23:36:00,1788219360000,4444.6,4444.6,4444.6,4444.6,0.0017
2026-08-31 23:37:00,1788219420000,4444.6,4444.6,4444.6,4444.6,0.0
2026-08-31 23:38:00,1788219480000,4444.48,4444.48,4444.48,4444.48,0.1517
2026-08-31 23:39:00,1788219540000,4444.48,4444.48,4444.48,4444.48,0.0
2026-08-31 23:40:00,1788219600000,4443.93,4443.93,4443.93,4443.93,0.0042
2026-08-31 23:41:00,1788219660000,4443.92,4443.92,4443.08,4443.08,0.0369
2026-08-31 23:42:00,1788219720000,4442.61,4444.37,4442.61,4444.37,0.3723
2026-08-31 23:43:00,1788219780000,4444.37,4444.37,4444.36,4444.36,0.487
2026-08-31 23:44:00,1788219840000,4444.37,4444.37,4444.37,4444.37,0.0972
2026-08-31 23:45:00,1788219900000,4444.81,4446.33,4444.81,4446.11,0.8223
2026-08-31 23:46:00,1788219960000,4445.69,4447.89,4445.69,4447.44,1.1112
2026-08-31 23:47:00,1788220020000,4447.44,4447.44,4447.44,4447.44,0.0
2026-08-31 23:48:00,1788220080000,4446.61,4447.25,4446.61,4447.25,0.0542
2026-08-31 23:49:00,1788220140000,4447.24,4447.24,4446.57,4446.57,0.5101
2026-08-31 23:50:00,1788220200000,4446.57,4446.57,4446.57,4446.57,0.0
2026-08-31 23:51:00,1788220260000,4445.53,4446.12,4445.53,4446.12,0.7659
2026-08-31 23:52:00,1788220320000,4446.12,4446.12,4446.12,4446.12,0.0
2026-08-31 23:53:00,1788220380000,4447.39,4447.78,4447.39,4447.78,0.4459
2026-08-31 23:54:00,1788220440000,4448.3,4450.09,4448.3,4450.09,0.5251
2026-08-31 23:55:00,1788220500000,4450.08,4450.08,4449.91,4449.91,0.4133
2026-08-31 23:56:00,1788220560000,4449.64,4449.64,4448.45,4449.08,0.2744
2026-08-31 23:57:00,1788220620000,4449.37,4449.4,4449.37,4449.4,0.8224
2026-08-31 23:58:00,1788220680000,4450.33,4450.34,4450.33,4450.34,0.6232
2026-08-31 23:59:00,1788220740000,4450.34,4451.13,4450.34,4451.13,0.3547
2026-09-01 00:00:00,1788220800000,4451.13,4453.56,4446.63,4447.44,7.9777
2026-09-01 00:01:00,1788220860000,4446.73,4450.78,4446.73,4450.78,2.1856
2026-09-01 00:02:00,1788220920000,4450.79,4452.29,4450.79,4451.96,0.1018
2026-09-01 00:03:00,1788220980000,4451.41,4453.34,4451.41,4453.12,0.8424
2026-09-01 00:04:00,1788221040000,4452.43,4452.9,4451.51,4452.89,2.0859
2026-09-01 00:05:00,1788221100000,4453.69,4453.69,4452.29,4452.59,1.0485
2026-09-01 00:06:00,1788221160000,4452.58,4452.58,4451.42,4452.27,0.7847
2026-09-01 00:07:00,1788221220000,4452.27,4453.16,4452.27,4453.16,0.045
2026-09-01 00:08:00,1788221280000,4453.78,4453.78,4453.17,4453.78,0.1664
2026-09-01 00:09:00,1788221340000,4454.42,4455.59,4454.42,4455.58,0.7881
2026-09-01 00:10:00,1788221400000,4455.58,4456.47,4455.58,4456.46,0.1683
2026-09-01 00:11:00,1788221460000,4456.47,4457.0,4456.28,4457.0,0.2889
2026-09-01 00:12:00,1788221520000,4457.0,4457.03,4453.8,4455.81,3.2748
2026-09-01 00:13:00,1788221580000,4455.15,4456.86,4455.15,4456.45,0.0366
2026-09-01 00:14:00,1788221640000,4457.1,4457.98,4456.24,4456.24,0.6374
2026-09-01 00:15:00,1788221700000,4455.56,4455.56,4454.17,4454.17,0.9289
2026-09-01 00:16:00,1788221760000,4453.48,4454.92,4453.48,4454.4,0.1103
2026-09-01 00:17:00,1788221820000,4455.37,4455.37,4453.66,4453.66,0.1894
2026-09-01 00:18:00,1788221880000,4453.77,4454.84,4453.77,4454.84,1.2377
2026-09-01 00:19:00,1788221940000,4456.26,4457.97,4456.26,4457.97,0.3622
2026-09-01 00:20:00,1788222000000,4457.94,4458.43,4457.94,4458.43,0.3256
2026-09-01 00:21:00,1788222060000,4458.58,4459.92,4458.58,4459.92,2.8213
2026-09-01 00:22:00,1788222120000,4459.91,4459.92,4459.13,4459.13,4.4901
2026-09-01 00:23:00,1788222180000,4458.45,4458.45,4458.45,4458.45,0.0015
2026-09-01 00:24:00,1788222240000,4458.44,4458.44,4457.93,4457.93,0.1916
2026-09-01 00:25:00,1788222300000,4457.57,4457.74,4457.57,4457.57,4.0135
2026-09-01 00:26:00,1788222360000,4457.97,4458.89,4457.7,4458.89,4.592
2026-09-01 00:27:00,1788222420000,4458.88,4460.0,4458.88,4459.99,0.2867
2026-09-01 00:28:00,1788222480000,4460.0,4460.33,4460.0,4460.32,0.7165
2026-09-01 00:29:00,1788222540000,4460.33,4460.33,4459.76,4459.76,0.0652
2026-09-01 00:30:00,1788222600000,4460.0,4460.38,4460.0,4460.37,0.0215
2026-09-01 00:31:00,1788222660000,4460.38,4460.38,4460.38,4460.38,0.0087
2026-09-01 00:32:00,1788222720000,4460.38,4460.38,4458.44,4458.44,13.6925
2026-09-01 00:33:00,1788222780000,4457.98,4458.65,4457.39,4457.39,2.0033
2026-09-01 00:34:00,1788222840000,4456.57,4457.13,4456.57,4457.13,0.4845
2026-09-01 00:35:00,1788222900000,4456.69,4456.69,4454.93,4455.37,0.8994
2026-09-01 00:36:00,1788222960000,4455.84,4455.85,4455.84,4455.85,0.0256
2026-09-01 00:37:00,1788223020000,4455.23,4455.23,4453.96,4453.96,0.0118
2026-09-01 00:38:00,1788223080000,4453.74,4455.95,4453.74,4455.95,0.8744
2026-09-01 00:39:00,1788223140000,4455.17,4455.17,4455.17,4455.17,0.003
2026-09-01 00:40:00,1788223200000,4456.52,4456.52,4456.52,4456.52,0.0016
2026-09-01 00:41:00,1788223260000,4456.45,4456.45,4455.27,4455.27,0.0049
2026-09-01 00:42:00,1788223320000,4455.37,4455.64,4455.37,4455.63,0.0102
2026-09-01 00:43:00,1788223380000,4455.37,4455.37,4454.92,4454.92,0.6223
2026-09-01 00:44:00,1788223440000,4454.49,4454.49,4452.05,4452.84,1.3953
2026-09-01 00:45:00,1788223500000,4453.37,4453.8,4453.37,4453.8,0.0196
2026-09-01 00:46:00,1788223560000,4453.17,4454.02,4453.01,4454.02,0.9387
2026-09-01 00:47:00,1788223620000,4454.02,4456.13,4454.02,4456.13,0.516
2026-09-01 00:48:00,1788223680000,4454.93,4456.25,4454.93,4456.25,1.0039
2026-09-01 00:49:00,1788223740000,4456.25,4456.25,4456.25,4456.25,0.0
2026-09-01 00:50:00,1788223800000,4458.02,4458.02,4457.57,4457.57,0.4658
2026-09-01 00:51:00,1788223860000,4458.22,4459.33,4458.22,4459.33,0.4856
2026-09-01 00:52:00,1788223920000,4458.9,4460.77,4458.9,4460.77,0.1836
2026-09-01 00:53:00,1788223980000,4460.77,4460.77,4458.3,4458.3,0.5912
2026-09-01 00:54:00,1788224040000,4458.29,4458.29,4457.26,4457.26,0.1087
2026-09-01 00:55:00,1788224100000,4457.13,4457.13,4456.26,4456.26,0.9182
2026-09-01 00:56:00,1788224160000,4456.78,4456.78,4456.41,4456.41,0.1077
2026-09-01 00:57:00,1788224220000,4456.25,4456.25,4454.48,4454.49,0.9348
2026-09-01 00:58:00,1788224280000,4454.48,4454.48,4454.04,4454.04,0.3542
2026-09-01 00:59:00,1788224340000,4453.16,4453.62,4451.41,4453.62,1.5881
2026-09-01 01:00:00,1788224400000,4453.63,4454.41,4450.29,4451.96,15.3664
2026-09-01 01:01:00,1788224460000,4454.42,4456.68,4454.24,4454.24,1.5014
2026-09-01 01:02:00,1788224520000,4453.76,4454.92,4452.28,4453.82,0.476
2026-09-01 01:03:00,1788224580000,4451.9,4451.9,4449.15,4449.21,1.7057
2026-09-01 01:04:00,1788224640000,4450.98,4451.79,4449.64,4449.64,0.158
2026-09-01 01:05:00,1788224700000,4450.08,4450.87,4449.14,4449.14,0.8231
2026-09-01 01:06:00,1788224760000,4449.14,4449.14,4449.14,4449.14,0.0
2026-09-01 01:07:00,1788224820000,4448.44,4449.25,4448.44,4449.25,0.0049
2026-09-01 01:08:00,1788224880000,4448.77,4449.22,4448.77,4449.22,0.0349
2026-09-01 01:09:00,1788224940000,4448.44,4448.44,4448.01,4448.01,0.0937
2026-09-01 01:10:00,1788225000000,4448.01,4448.01,4446.57,4446.64,1.4255
2026-09-01 01:11:00,1788225060000,4447.51,4448.21,4447.07,4448.21,0.4751
2026-09-01 01:12:00,1788225120000,4448.22,4448.22,4446.56,4446.6,0.7891
2026-09-01 01:13:00,1788225180000,4448.5,4449.2,4447.45,4447.45,0.2461
2026-09-01 01:14:00,1788225240000,4447.89,4447.89,4446.35,4446.35,0.4515
2026-09-01 01:15:00,1788225300000,4446.8,4446.8,4445.78,4445.78,0.1294
2026-09-01 01:16:00,1788225360000,4448.11,4448.11,4446.74,4446.74,0.1664
2026-09-01 01:17:00,1788225420000,4446.32,4447.14,4446.32,4446.62,0.06
2026-09-01 01:18:00,1788225480000,4446.55,4446.55,4445.1,4445.31,0.1416
2026-09-01 01:19:00,1788225540000,4445.0,4445.33,4444.12,4444.12,0.7793
2026-09-01 01:20:00,1788225600000,4444.91,4445.09,4444.59,4445.09,0.2317
2026-09-01 01:21:00,1788225660000,4445.19,4445.19,4444.43,4444.43,0.0618
2026-09-01 01:22:00,1788225720000,4444.14,4444.14,4441.63,4441.63,1.0447
2026-09-01 01:23:00,1788225780000,4442.45,4442.45,4441.9,4441.9,5.17
2026-09-01 01:24:00,1788225840000,4441.62,4441.62,4440.39,4440.55,0.335
2026-09-01 01:25:00,1788225900000,4440.22,4440.22,4439.53,4439.54,0.5069
2026-09-01 01:26:00,1788225960000,4439.97,4439.97,4439.72,4439.96,0.1217
2026-09-01 01:27:00,1788226020000,4439.97,4440.4,4439.73,4440.4,1.0651
2026-09-01 01:28:00,1788226080000,4441.72,4441.72,4441.26,4441.26,0.17
2026-09-01 01:29:00,1788226140000,4440.74,4441.01,4440.74,4441.01,0.0916
2026-09-01 01:30:00,1788226200000,4441.15,4441.15,4440.6,4440.6,0.6154
2026-09-01 01:31:00,1788226260000,4440.46,4441.22,4440.46,4440.61,0.6018
2026-09-01 01:32:00,1788226320000,4440.21,4440.21,4439.01,4439.52,0.2066
2026-09-01 01:33:00,1788226380000,4439.0,4440.84,4438.48,4440.84,0.4748
2026-09-01 01:34:00,1788226440000,4440.41,4443.41,4440.41,4443.41,0.3632
2026-09-01 01:35:00,1788226500000,4443.92,4444.74,4443.77,4443.77,0.8749
2026-09-01 01:36:00,1788226560000,4443.49,4443.5,4443.34,4443.35,0.4557
2026-09-01 01:37:00,1788226620000,4446.09,4446.26,4445.86,4445.86,1.248
2026-09-01 01:38:00,1788226680000,4445.13,4445.13,4444.88,4444.88,0.2037
2026-09-01 01:39:00,1788226740000,4442.6,4444.6,4442.6,4444.6,0.1718
2026-09-01 01:40:00,1788226800000,4444.6,4445.66,4444.37,4444.37,0.1249
2026-09-01 01:41:00,1788226860000,4443.54,4443.54,4442.45,4443.45,0.0818
2026-09-01 01:42:00,1788226920000,4444.04,4444.96,4443.48,4444.96,6.5898
2026-09-01 01:43:00,1788226980000,4445.86,4445.86,4445.86,4445.86,0.08
2026-09-01 01:44:00,1788227040000,4446.44,4446.92,4446.44,4446.92,0.0294
2026-09-01 01:45:00,1788227100000,4446.92,4447.17,4445.68,4445.68,0.0195
2026-09-01 01:46:00,1788227160000,4446.46,4446.46,4446.14,4446.14,0.4545
2026-09-01 01:47:00,1788227220000,4445.68,4447.45,4445.68,4447.44,0.2232
2026-09-01 01:48:00,1788227280000,4446.58,4446.58,4445.2,4445.2,0.5042
2026-09-01 01:49:00,1788227340000,4445.0,4445.0,4442.17,4442.17,0.2454
2026-09-01 01:50:00,1788227400000,4443.08,4443.92,4443.08,4443.92,0.2377
2026-09-01 01:51:00,1788227460000,4442.87,4443.47,4442.87,4443.07,0.1708
2026-09-01 01:52:00,1788227520000,4444.0,4444.0,4442.04,4442.04,0.0778
2026-09-01 01:53:00,1788227580000,4442.42,4442.42,4442.03,4442.03,0.0495
2026-09-01 01:54:00,1788227640000,4440.41,4441.73,4440.41,4441.73,0.6101
2026-09-01 01:55:00,1788227700000,4443.89,4443.89,4443.89,4443.89,0.0163
2026-09-01 01:56:00,1788227760000,4444.66,4444.67,4444.66,4444.67,0.0037
2026-09-01 01:57:00,1788227820000,4443.24,4444.34,4443.24,4444.16,10.1232
2026-09-01 01:58:00,1788227880000,4444.11,4444.22,4443.17,4444.22,10.6115
2026-09-01 01:59:00,1788227940000,4444.81,4445.08,4444.74,4445.08,0.9296
2026-09-01 02:00:00,1788228000000,4445.53,4445.73,4444.03,4445.73,2.1015
2026-09-01 02:01:00,1788228060000,4446.24,4446.24,4445.36,4445.36,0.226
2026-09-01 02:02:00,1788228120000,4444.58,4446.27,4444.58,4445.03,0.2086
2026-09-01 02:03:00,1788228180000,4444.8,4446.39,4444.8,4446.39,0.228
2026-09-01 02:04:00,1788228240000,4446.09,4447.45,4445.83,4447.45,1.9255
2026-09-01 02:05:00,1788228300000,4447.95,4449.64,4447.95,4448.77,0.2573
2026-09-01 02:06:00,1788228360000,4448.03,4449.45,4448.0,4449.45,0.4888
2026-09-01 02:07:00,1788228420000,4449.33,4449.33,4447.33,4447.33,0.1735
2026-09-01 02:08:00,1788228480000,4447.08,4447.08,4444.79,4444.79,0.1457
2026-09-01 02:09:00,1788228540000,4444.79,4444.79,4444.79,4444.79,0.0
2026-09-01 02:10:00,1788228600000,4443.55,4446.88,4443.55,4446.88,0.3763
2026-09-01 02:11:00,1788228660000,4447.87,4448.77,4447.87,4448.77,0.0105
2026-09-01 02:12:00,1788228720000,4448.77,4449.99,4448.33,4448.86,2.2843
2026-09-01 02:13:00,1788228780000,4448.0,4448.32,4445.36,4445.62,2.9075
2026-09-01 02:14:00,1788228840000,4445.25,4446.13,4445.25,4446.13,0.1788
2026-09-01 02:15:00,1788228900000,4446.69,4447.01,4446.69,4447.01,0.0192
2026-09-01 02:16:00,1788228960000,4447.44,4447.51,4447.44,4447.51,0.0043
2026-09-01 02:17:00,1788229020000,4447.51,4447.51,4447.51,4447.51,0.0
2026-09-01 02:18:00,1788229080000,4447.29,4447.29,4447.01,4447.02,0.1463
2026-09-01 02:19:00,1788229140000,4446.8,4447.88,4446.58,4447.74,16.4079
2026-09-01 02:20:00,1788229200000,4448.5,4448.76,4448.5,4448.76,0.0029
2026-09-01 02:21:00,1788229260000,4449.52,4449.52,4448.76,4448.76,0.622
2026-09-01 02:22:00,1788229320000,4448.0,4448.0,4448.0,4448.0,0.0013
2026-09-01 02:23:00,1788229380000,4447.88,4447.88,4446.91,4446.91,0.3003
2026-09-01 02:24:00,1788229440000,4446.02,4446.02,4444.73,4444.73,0.2194
2026-09-01 02:25:00,1788229500000,4444.12,4444.12,4443.14,4443.14,0.1618
2026-09-01 02:26:00,1788229560000,4442.49,4442.49,4442.48,4442.49,0.0243
2026-09-01 02:27:00,1788229620000,4442.49,4443.22,4442.49,4443.22,0.1592
2026-09-01 02:28:00,1788229680000,4443.22,4443.22,4443.22,4443.22,0.0
2026-09-01 02:29:00,1788229740000,4442.17,4442.17,4442.17,4442.17,0.0018
2026-09-01 02:30:00,1788229800000,4441.32,4441.32,4438.7,4438.84,1.6597
2026-09-01 02:31:00,1788229860000,4438.89,4438.89,4436.82,4436.94,0.8202
2026-09-01 02:32:00,1788229920000,4439.85,4441.44,4439.85,4441.43,0.7301
2026-09-01 02:33:00,1788229980000,4440.21,4440.21,4440.21,4440.21,0.0018
2026-09-01 02:34:00,1788230040000,4440.61,4440.61,4439.71,4439.71,0.6569
2026-09-01 02:35:00,1788230100000,4438.2,4438.2,4436.72,4436.72,1.4552
2026-09-01 02:36:00,1788230160000,4436.28,4436.28,4435.73,4435.88,2.189
2026-09-01 02:37:00,1788230220000,4435.72,4435.73,4434.79,4434.79,0.2931
2026-09-01 02:38:00,1788230280000,4434.34,4435.01,4434.34,4435.01,0.0465
2026-09-01 02:39:00,1788230340000,4436.16,4436.16,4435.02,4435.93,10.0306
2026-09-01 02:40:00,1788230400000,4435.26,4437.61,4435.26,4437.61,0.3363
2026-09-01 02:41:00,1788230460000,4437.77,4438.17,4437.6,4438.17,0.0953
2026-09-01 02:42:00,1788230520000,4438.17,4438.52,4438.17,4438.17,0.3333
2026-09-01 02:43:00,1788230580000,4437.14,4437.33,4435.7,4435.7,0.8025
2026-09-01 02:44:00,1788230640000,4435.22,4435.22,4434.54,4434.54,2.3359
2026-09-01 02:45:00,1788230700000,4434.34,4434.34,4431.53,4431.53,0.5351
2026-09-01 02:46:00,1788230760000,4431.53,4432.24,4431.53,4431.53,0.9898
2026-09-01 02:47:00,1788230820000,4431.53,4434.88,4431.53,4434.88,1.1197
2026-09-01 02:48:00,1788230880000,4437.6,4437.6,4437.6,4437.6,0.0163
2026-09-01 02:49:00,1788230940000,4437.6,4437.6,4437.6,4437.6,0.0
2026-09-01 02:50:00,1788231000000,4437.6,4437.6,4437.05,4437.05,0.3
2026-09-01 02:51:00,1788231060000,4437.05,4437.05,4437.05,4437.05,0.0
2026-09-01 02:52:00,1788231120000,4437.05,4437.05,4437.05,4437.05,0.0
2026-09-01 02:53:00,1788231180000,4439.97,4440.95,4439.97,4440.95,0.207
2026-09-01 02:54:00,1788231240000,4442.03,4442.03,4441.05,4441.05,0.4161
2026-09-01 02:55:00,1788231300000,4441.27,4441.73,4440.86,4441.73,0.2013
2026-09-01 02:56:00,1788231360000,4442.39,4442.39,4442.39,4442.39,0.13
2026-09-01 02:57:00,1788231420000,4442.23,4443.2,4442.23,4443.2,0.7186
2026-09-01 02:58:00,1788231480000,4443.55,4443.8,4443.55,4443.8,6.1912
2026-09-01 02:59:00,1788231540000,4443.81,4444.61,4443.81,4444.61,1.6093
2026-09-01 03:00:00,1788231600000,4444.71,4446.0,4444.4,4446.0,47.7963
2026-09-01 03:01:00,1788231660000,4446.01,4446.93,4446.0,4446.0,61.2469
2026-09-01 03:02:00,1788231720000,4446.0,4446.01,4442.49,4443.44,4.239
2026-09-01 03:03:00,1788231780000,4443.81,4443.81,4442.9,4443.04,1.9058
2026-09-01 03:04:00,1788231840000,4442.17,4442.68,4442.17,4442.68,0.0231
2026-09-01 03:05:00,1788231900000,4443.05,4443.92,4443.05,4443.92,0.1335
2026-09-01 03:06:00,1788231960000,4443.05,4444.18,4443.05,4444.16,0.0499
2026-09-01 03:07:00,1788232020000,4444.15,4444.15,4442.48,4442.48,0.4881
2026-09-01 03:08:00,1788232080000,4442.73,4442.73,4442.4,4442.4,0.0134
2026-09-01 03:09:00,1788232140000,4442.59,4442.59,4442.58,4442.59,0.0162
2026-09-01 03:10:00,1788232200000,4443.04,4443.04,4442.6,4442.61,0.1321
2026-09-01 03:11:00,1788232260000,4442.68,4443.23,4442.68,4443.23,0.3173
2026-09-01 03:12:00,1788232320000,4443.22,4444.36,4443.22,4444.35,0.4314
2026-09-01 03:13:00,1788232380000,4444.03,4444.03,4440.61,4441.27,12.7952
2026-09-01 03:14:00,1788232440000,4441.68,4441.69,4441.56,4441.56,0.1551
2026-09-01 03:15:00,1788232500000,4441.56,4441.76,4441.56,4441.66,1.1458
2026-09-01 03:16:00,1788232560000,4441.68,4442.38,4441.68,4442.37,0.0411
2026-09-01 03:17:00,1788232620000,4440.85,4440.85,4440.0,4440.0,0.0306
2026-09-01 03:18:00,1788232680000,4440.0,4440.01,4440.0,4440.01,0.0211
2026-09-01 03:19:00,1788232740000,4440.0,4440.01,4439.4,4439.4,0.8238
2026-09-01 03:20:00,1788232800000,4438.71,4438.72,4437.32,4437.32,0.0195
2026-09-01 03:21:00,1788232860000,4437.06,4437.06,4436.15,4436.44,0.1384
2026-09-01 03:22:00,1788232920000,4436.63,4436.63,4436.08,4436.08,0.0089
2026-09-01 03:23:00,1788232980000,4436.36,4436.36,4436.35,4436.36,0.2669
2026-09-01 03:24:00,1788233040000,4437.03,4437.03,4435.35,4435.35,0.1073
2026-09-01 03:25:00,1788233100000,4435.12,4435.12,4434.55,4434.55,0.3459
2026-09-01 03:26:00,1788233160000,4434.55,4434.62,4434.45,4434.62,1.8171
2026-09-01 03:27:00,1788233220000,4435.12,4438.21,4435.12,4438.21,0.2081
2026-09-01 03:28:00,1788233280000,4438.4,4438.4,4437.78,4437.78,0.0089
2026-09-01 03:29:00,1788233340000,4437.77,4437.77,4437.08,4437.08,0.4614
2026-09-01 03:30:00,1788233400000,4436.0,4436.89,4436.0,4436.88,0.1184
2026-09-01 03:31:00,1788233460000,4437.33,4437.7,4437.33,4437.51,0.1996
2026-09-01 03:32:00,1788233520000,4437.51,4438.21,4437.51,4437.92,0.1214
2026-09-01 03:33:00,1788233580000,4437.92,4437.92,4437.91,4437.92,0.171
2026-09-01 03:34:00,1788233640000,4438.65,4438.96,4438.64,4438.96,0.0369
2026-09-01 03:35:00,1788233700000,4438.85,4438.87,4438.18,4438.87,1.0111
2026-09-01 03:36:00,1788233760000,4438.87,4438.87,4438.2,4438.36,1.5678
2026-09-01 03:37:00,1788233820000,4438.36,4438.36,4436.92,4436.92,0.2689
2026-09-01 03:38:00,1788233880000,4436.45,4439.0,4436.45,4438.38,1.9875
2026-09-01 03:39:00,1788233940000,4438.22,4439.53,4438.22,4439.53,0.3215
2026-09-01 03:40:00,1788234000000,4440.32,4440.4,4439.56,4440.4,1.0053
2026-09-01 03:41:00,1788234060000,4439.97,4440.41,4439.97,4440.41,1.3337
2026-09-01 03:42:00,1788234120000,4441.11,4441.11,4440.48,4440.48,0.0175
2026-09-01 03:43:00,1788234180000,4441.03,4441.03,4441.02,4441.02,0.0781
2026-09-01 03:44:00,1788234240000,4441.03,4441.09,4441.03,4441.09,0.0203
2026-09-01 03:45:00,1788234300000,4441.85,4442.6,4441.85,4442.6,0.4593
2026-09-01 03:46:00,1788234360000,4443.05,4443.05,4443.04,4443.05,0.0109
2026-09-01 03:47:00,1788234420000,4443.04,4443.22,4443.04,4443.22,0.014
2026-09-01 03:48:00,1788234480000,4443.23,4443.23,4443.22,4443.23,0.055
2026-09-01 03:49:00,1788234540000,4443.22,4445.34,4443.22,4445.22,4.2655
2026-09-01 03:50:00,1788234600000,4444.52,4444.52,4440.99,4444.27,57.9748
2026-09-01 03:51:00,1788234660000,4444.27,4444.53,4444.27,4444.35,2.9613
2026-09-01 03:52:00,1788234720000,4444.35,4444.35,4443.97,4444.01,3.3655
2026-09-01 03:53:00,1788234780000,4444.01,4444.01,4443.49,4443.49,14.5994
2026-09-01 03:54:00,1788234840000,4443.48,4443.49,4443.04,4443.49,1.4823
2026-09-01 03:55:00,1788234900000,4443.48,4443.48,4442.16,4442.17,0.7561
2026-09-01 03:56:00,1788234960000,4442.17,4442.17,4442.03,4442.04,0.3651
2026-09-01 03:57:00,1788235020000,4442.01,4442.01,4440.73,4440.73,1.8233
2026-09-01 03:58:00,1788235080000,4440.74,4440.74,4438.7,4438.71,0.8924
2026-09-01 03:59:00,1788235140000,4439.18,4439.18,4438.71,4438.71,0.203
2026-09-01 04:00:00,1788235200000,4438.46,4438.94,4438.32,4438.87,0.4741
2026-09-01 04:01:00,1788235260000,4438.87,4438.95,4438.21,4438.21,0.7266
2026-09-01 04:02:00,1788235320000,4438.31,4438.39,4438.31,4438.39,0.8218
2026-09-01 04:03:00,1788235380000,4438.21,4438.21,4437.23,4437.67,0.8991
2026-09-01 04:04:00,1788235440000,4437.67,4438.05,4437.67,4438.05,2.6582
2026-09-01 04:05:00,1788235500000,4438.64,4438.64,4438.3,4438.3,0.1185
2026-09-01 04:06:00,1788235560000,4437.76,4437.76,4436.87,4437.31,0.3251
2026-09-01 04:07:00,1788235620000,4437.54,4437.54,4435.56,4435.56,0.3284
2026-09-01 04:08:00,1788235680000,4434.72,4434.72,4434.72,4434.72,0.1181
2026-09-01 04:09:00,1788235740000,4434.0,4434.0,4433.93,4433.93,0.2108
2026-09-01 04:10:00,1788235800000,4433.86,4433.87,4432.71,4432.71,1.5779
2026-09-01 04:11:00,1788235860000,4432.35,4433.81,4432.35,4433.8,1.4024
2026-09-01 04:12:00,1788235920000,4433.55,4433.55,4432.9,4433.15,0.9447
2026-09-01 04:13:00,1788235980000,4433.15,4433.15,4432.86,4433.13,1.5576
2026-09-01 04:14:00,1788236040000,4432.9,4433.14,4432.9,4432.91,0.7661
2026-09-01 04:15:00,1788236100000,4432.91,4433.09,4432.34,4433.09,1.1342
2026-09-01 04:16:00,1788236160000,4433.12,4433.81,4433.09,4433.81,1.2909
2026-09-01 04:17:00,1788236220000,4433.8,4434.66,4433.8,4434.66,0.2535
2026-09-01 04:18:00,1788236280000,4435.56,4435.56,4432.47,4432.47,0.5147
2026-09-01 04:19:00,1788236340000,4432.93,4432.93,4432.0,4432.0,0.1991
2026-09-01 04:20:00,1788236400000,4432.0,4432.18,4432.0,4432.18,0.2337
2026-09-01 04:21:00,1788236460000,4432.48,4433.36,4432.48,4433.36,0.0923
2026-09-01 04:22:00,1788236520000,4433.35,4433.8,4433.35,4433.79,0.2359
2026-09-01 04:23:00,1788236580000,4433.86,4433.87,4433.86,4433.87,0.3488
2026-09-01 04:24:00,1788236640000,4433.86,4434.0,4433.86,4434.0,0.1206
2026-09-01 04:25:00,1788236700000,4434.01,4434.69,4434.0,4434.68,2.2104
2026-09-01 04:26:00,1788236760000,4434.24,4434.24,4434.0,4434.0,0.1675
2026-09-01 04:27:00,1788236820000,4434.0,4434.0,4433.34,4433.34,0.9891
2026-09-01 04:28:00,1788236880000,4432.5,4432.94,4432.4,4432.4,0.4996
2026-09-01 04:29:00,1788236940000,4432.11,4432.11,4432.01,4432.01,0.1631
2026-09-01 04:30:00,1788237000000,4431.63,4431.87,4431.52,4431.87,1.1224
2026-09-01 04:31:00,1788237060000,4431.58,4432.01,4431.12,4432.0,0.1656
2026-09-01 04:32:00,1788237120000,4432.0,4432.0,4431.0,4431.0,0.1955
2026-09-01 04:33:00,1788237180000,4431.03,4431.03,4430.76,4430.76,0.162
2026-09-01 04:34:00,1788237240000,4431.02,4431.29,4431.02,4431.28,1.4727
2026-09-01 04:35:00,1788237300000,4431.6,4431.64,4431.6,4431.64,0.1256
2026-09-01 04:36:00,1788237360000,4431.64,4431.64,4431.64,4431.64,0.1315
2026-09-01 04:37:00,1788237420000,4431.92,4431.92,4430.94,4431.81,0.8219
2026-09-01 04:38:00,1788237480000,4431.81,4431.81,4430.77,4430.77,0.4603
2026-09-01 04:39:00,1788237540000,4431.6,4431.6,4431.39,4431.39,0.7095
2026-09-01 04:40:00,1788237600000,4431.02,4431.02,4431.02,4431.02,0.1321
2026-09-01 04:41:00,1788237660000,4431.02,4431.02,4429.77,4429.77,0.7392
2026-09-01 04:42:00,1788237720000,4429.59,4429.59,4429.11,4429.12,0.1309
2026-09-01 04:43:00,1788237780000,4429.16,4430.21,4428.98,4430.21,1.1683
2026-09-01 04:44:00,1788237840000,4430.2,4430.2,4429.17,4429.17,0.3658
2026-09-01 04:45:00,1788237900000,4428.97,4429.64,4428.58,4429.64,2.2231
2026-09-01 04:46:00,1788237960000,4429.65,4429.65,4427.32,4428.97,1.2096
2026-09-01 04:47:00,1788238020000,4427.82,4430.28,4427.82,4429.82,1.6329
2026-09-01 04:48:00,1788238080000,4429.41,4430.54,4428.53,4429.23,2.8522
2026-09-01 04:49:00,1788238140000,4428.8,4428.8,4428.09,4428.53,2.846
2026-09-01 04:50:00,1788238200000,4428.86,4428.86,4428.09,4428.09,0.7424
2026-09-01 04:51:00,1788238260000,4428.01,4428.01,4427.99,4428.0,0.158
2026-09-01 04:52:00,1788238320000,4428.0,4429.41,4428.0,4429.34,4.1969
2026-09-01 04:53:00,1788238380000,4428.84,4430.73,4428.84,4430.71,0.8433
2026-09-01 04:54:00,1788238440000,4430.85,4430.85,4430.85,4430.85,0.1283
2026-09-01 04:55:00,1788238500000,4430.85,4430.85,4430.02,4430.72,0.4926
2026-09-01 04:56:00,1788238560000,4430.02,4430.02,4427.81,4428.96,3.3222
2026-09-01 04:57:00,1788238620000,4429.41,4429.41,4428.77,4428.77,1.1212
2026-09-01 04:58:00,1788238680000,4428.77,4429.06,4428.77,4429.06,0.1846
2026-09-01 04:59:00,1788238740000,4429.05,4429.05,4427.99,4427.99,1.0395
2026-09-01 05:00:00,1788238800000,4428.47,4428.62,4428.41,4428.62,0.1705
2026-09-01 05:01:00,1788238860000,4428.96,4429.27,4428.96,4429.27,0.1402
2026-09-01 05:02:00,1788238920000,4430.4,4430.4,4430.4,4430.4,0.1102
2026-09-01 05:03:00,1788238980000,4430.41,4431.44,4430.41,4431.44,0.0922
2026-09-01 05:04:00,1788239040000,4431.07,4432.92,4431.06,4432.92,0.3566
2026-09-01 05:05:00,1788239100000,4432.93,4432.93,4432.46,4432.46,0.1266
2026-09-01 05:06:00,1788239160000,4432.78,4433.7,4432.78,4433.7,1.0823
2026-09-01 05:07:00,1788239220000,4434.25,4434.25,4433.36,4433.36,0.8875
2026-09-01 05:08:00,1788239280000,4433.14,4433.49,4433.14,4433.49,2.2429
2026-09-01 05:09:00,1788239340000,4432.93,4432.93,4432.79,4432.79,0.0953
2026-09-01 05:10:00,1788239400000,4432.72,4432.73,4432.72,4432.72,0.1416
2026-09-01 05:11:00,1788239460000,4432.04,4432.04,4431.6,4432.04,0.5793
2026-09-01 05:12:00,1788239520000,4432.04,4432.05,4432.04,4432.05,0.3925
2026-09-01 05:13:00,1788239580000,4432.6,4432.84,4432.6,4432.6,2.3573
2026-09-01 05:14:00,1788239640000,4431.62,4431.62,4430.72,4430.72,0.1595
2026-09-01 05:15:00,1788239700000,4431.47,4431.9,4431.47,4431.9,0.1067
2026-09-01 05:16:00,1788239760000,4430.28,4430.28,4430.28,4430.28,0.0955
2026-09-01 05:17:00,1788239820000,4430.29,4430.29,4429.84,4429.84,0.1122
2026-09-01 05:18:00,1788239880000,4429.86,4429.86,4429.01,4429.01,0.3048
2026-09-01 05:19:00,1788239940000,4429.0,4429.0,4427.46,4428.08,0.285
2026-09-01 05:20:00,1788240000000,4428.07,4428.53,4428.07,4428.44,0.1931
2026-09-01 05:21:00,1788240060000,4428.44,4428.9,4428.44,4428.9,0.3477
2026-09-01 05:22:00,1788240120000,4428.96,4428.96,4428.96,4428.96,0.7469
2026-09-01 05:23:00,1788240180000,4429.0,4429.02,4428.45,4428.45,0.4512
2026-09-01 05:24:00,1788240240000,4428.45,4428.85,4428.28,4428.85,0.2421
2026-09-01 05:25:00,1788240300000,4428.86,4428.96,4428.85,4428.96,0.0615
2026-09-01 05:26:00,1788240360000,4428.96,4428.96,4428.63,4428.63,0.2634
2026-09-01 05:27:00,1788240420000,4428.61,4429.84,4428.6,4429.84,0.4792
2026-09-01 05:28:00,1788240480000,4429.69,4429.69,4428.01,4428.01,0.3665
2026-09-01 05:29:00,1788240540000,4428.0,4429.8,4428.0,4429.38,0.7805
2026-09-01 05:30:00,1788240600000,4428.6,4430.97,4426.25,4430.97,5.8802
2026-09-01 05:31:00,1788240660000,4433.78,4435.56,4433.5,4435.12,0.9603
2026-09-01 05:32:00,1788240720000,4435.44,4435.44,4434.69,4435.44,0.3821
2026-09-01 05:33:00,1788240780000,4432.93,4434.69,4432.93,4433.75,0.3225
2026-09-01 05:34:00,1788240840000,4434.18,4436.45,4434.18,4436.45,0.4777
2026-09-01 05:35:00,1788240900000,4435.56,4437.32,4435.56,4437.32,0.2484
2026-09-01 05:36:00,1788240960000,4437.99,4438.51,4436.93,4438.14,0.2185
2026-09-01 05:37:00,1788241020000,4438.23,4438.23,4437.3,4437.75,0.128
2026-09-01 05:38:00,1788241080000,4438.5,4440.51,4437.93,4440.51,1.4171
2026-09-01 05:39:00,1788241140000,4440.51,4443.29,4440.51,4441.36,1.9199
2026-09-01 05:40:00,1788241200000,4440.84,4440.84,4439.96,4439.96,0.1097
2026-09-01 05:41:00,1788241260000,4441.17,4441.36,4441.05,4441.36,0.088
2026-09-01 05:42:00,1788241320000,4442.61,4443.71,4442.29,4443.71,0.3106
2026-09-01 05:43:00,1788241380000,4443.72,4443.73,4441.72,4441.95,0.2409
2026-09-01 05:44:00,1788241440000,4441.67,4444.1,4441.67,4444.1,0.2291
2026-09-01 05:45:00,1788241500000,4444.1,4445.77,4444.1,4445.77,0.7364
2026-09-01 05:46:00,1788241560000,4445.44,4445.45,4444.36,4444.36,2.1869
2026-09-01 05:47:00,1788241620000,4443.3,4445.29,4443.3,4445.29,0.2442
2026-09-01 05:48:00,1788241680000,4445.25,4445.77,4445.24,4445.77,0.0893
2026-09-01 05:49:00,1788241740000,4445.77,4446.52,4445.77,4446.52,0.6772
2026-09-01 05:50:00,1788241800000,4445.58,4445.58,4444.81,4445.22,1.8102
2026-09-01 05:51:00,1788241860000,4444.58,4444.58,4442.6,4443.45,0.0717
2026-09-01 05:52:00,1788241920000,4443.07,4443.08,4443.07,4443.07,0.3233
2026-09-01 05:53:00,1788241980000,4443.58,4443.58,4443.08,4443.44,0.3101
2026-09-01 05:54:00,1788242040000,4443.82,4444.57,4443.82,4444.57,0.0812
2026-09-01 05:55:00,1788242100000,4444.57,4445.49,4444.57,4445.49,0.1356
2026-09-01 05:56:00,1788242160000,4445.36,4446.87,4445.36,4446.86,0.6396
2026-09-01 05:57:00,1788242220000,4446.42,4446.5,4446.42,4446.5,0.0256
2026-09-01 05:58:00,1788242280000,4445.75,4445.75,4444.0,4444.01,0.3011
2026-09-01 05:59:00,1788242340000,4444.0,4444.0,4442.23,4442.23,1.5407
2026-09-01 06:00:00,1788242400000,4441.8,4441.8,4439.97,4441.73,5.9284
2026-09-01 06:01:00,1788242460000,4441.84,4441.84,4440.41,4440.41,0.212
2026-09-01 06:02:00,1788242520000,4439.74,4440.74,4439.53,4439.62,0.2679
2026-09-01 06:03:00,1788242580000,4439.18,4439.18,4438.91,4438.91,0.1026
2026-09-01 06:04:00,1788242640000,4438.26,4438.26,4437.32,4438.19,4.2049
2026-09-01 06:05:00,1788242700000,4438.64,4439.1,4438.64,4439.09,0.2239
2026-09-01 06:06:00,1788242760000,4439.52,4439.52,4438.15,4438.15,0.296
2026-09-01 06:07:00,1788242820000,4438.64,4438.67,4438.64,4438.67,0.0554
2026-09-01 06:08:00,1788242880000,4439.97,4439.98,4438.68,4439.12,0.3366
2026-09-01 06:09:00,1788242940000,4438.65,4438.76,4437.89,4437.89,0.1429
2026-09-01 06:10:00,1788243000000,4437.9,4437.9,4436.66,4436.66,0.099
2026-09-01 06:11:00,1788243060000,4436.01,4436.66,4436.01,4436.66,0.1139
2026-09-01 06:12:00,1788243120000,4436.44,4436.44,4435.72,4435.93,0.2113
2026-09-01 06:13:00,1788243180000,4435.57,4435.73,4435.37,4435.72,0.1194
2026-09-01 06:14:00,1788243240000,4435.72,4435.72,4434.53,4434.84,0.1638
2026-09-01 06:15:00,1788243300000,4434.85,4434.85,4434.85,4434.85,0.0561
2026-09-01 06:16:00,1788243360000,4434.84,4434.85,4434.84,4434.85,0.0493
2026-09-01 06:17:00,1788243420000,4434.99,4436.45,4434.99,4436.45,0.2152
2026-09-01 06:18:00,1788243480000,4436.43,4436.43,4435.59,4435.59,0.1171
2026-09-01 06:19:00,1788243540000,4436.23,4437.19,4435.56,4435.57,0.8897
2026-09-01 06:20:00,1788243600000,4436.02,4436.41,4435.61,4435.61,0.1146
2026-09-01 06:21:00,1788243660000,4435.74,4435.74,4435.74,4435.74,0.0256
2026-09-01 06:22:00,1788243720000,4435.14,4435.14,4434.08,4434.08,0.5695
2026-09-01 06:23:00,1788243780000,4433.73,4434.06,4433.73,4434.06,0.091
2026-09-01 06:24:00,1788243840000,4434.05,4434.61,4433.73,4434.61,0.2265
2026-09-01 06:25:00,1788243900000,4434.69,4434.69,4434.5,4434.5,0.0458
2026-09-01 06:26:00,1788243960000,4434.5,4434.67,4434.5,4434.66,0.0544
2026-09-01 06:27:00,1788244020000,4433.8,4433.81,4433.8,4433.81,0.0513
2026-09-01 06:28:00,1788244080000,4433.8,4433.8,4431.7,4432.03,1.0441
2026-09-01 06:29:00,1788244140000,4432.06,4432.06,4430.84,4430.84,0.8751
2026-09-01 06:30:00,1788244200000,4431.56,4431.6,4431.56,4431.6,0.0893
2026-09-01 06:31:00,1788244260000,4431.61,4432.05,4431.61,4432.04,0.1243
2026-09-01 06:32:00,1788244320000,4432.34,4432.48,4432.33,4432.47,0.1995
2026-09-01 06:33:00,1788244380000,4431.81,4432.01,4431.81,4432.01,0.2684
2026-09-01 06:34:00,1788244440000,4432.04,4432.2,4432.04,4432.19,0.2226
2026-09-01 06:35:00,1788244500000,4432.41,4433.8,4432.41,4433.8,0.0392
2026-09-01 06:36:00,1788244560000,4434.17,4434.17,4433.37,4433.51,0.0422
2026-09-01 06:37:00,1788244620000,4433.51,4433.51,4433.32,4433.32,0.0464
2026-09-01 06:38:00,1788244680000,4433.41,4435.06,4433.41,4435.05,0.2995
2026-09-01 06:39:00,1788244740000,4435.53,4435.53,4435.53,4435.53,0.0357
2026-09-01 06:40:00,1788244800000,4435.53,4435.82,4435.06,4435.82,3.5184
2026-09-01 06:41:00,1788244860000,4435.12,4436.22,4435.12,4436.22,0.1012
2026-09-01 06:42:00,1788244920000,4436.38,4436.38,4435.89,4435.89,0.0859
2026-09-01 06:43:00,1788244980000,4436.22,4436.22,4435.61,4435.61,1.2766
2026-09-01 06:44:00,1788245040000,4435.13,4436.66,4435.12,4436.66,1.0287
2026-09-01 06:45:00,1788245100000,4436.66,4436.8,4436.66,4436.8,0.4788
2026-09-01 06:46:00,1788245160000,4436.01,4436.01,4434.23,4434.23,2.0867
2026-09-01 06:47:00,1788245220000,4433.46,4433.46,4431.6,4431.61,0.2128
2026-09-01 06:48:00,1788245280000,4431.63,4432.05,4431.63,4432.05,0.0633
2026-09-01 06:49:00,1788245340000,4432.15,4432.28,4432.14,4432.28,0.0621
2026-09-01 06:50:00,1788245400000,4432.05,4432.06,4432.05,4432.05,0.3195
2026-09-01 06:51:00,1788245460000,4430.84,4430.85,4430.84,4430.84,0.2702
2026-09-01 06:52:00,1788245520000,4430.76,4430.77,4430.76,4430.77,0.3147
2026-09-01 06:53:00,1788245580000,4431.55,4432.05,4431.55,4431.98,0.0616
2026-09-01 06:54:00,1788245640000,4432.04,4432.05,4432.04,4432.05,0.3851
2026-09-01 06:55:00,1788245700000,4432.3,4432.92,4432.3,4432.92,0.1641
2026-09-01 06:56:00,1788245760000,4432.92,4432.93,4432.75,4432.75,0.1089
2026-09-01 06:57:00,1788245820000,4432.62,4432.62,4432.62,4432.62,0.055
2026-09-01 06:58:00,1788245880000,4432.62,4432.62,4432.62,4432.62,0.0549
2026-09-01 06:59:00,1788245940000,4432.05,4432.06,4432.05,4432.05,1.0349
2026-09-01 07:00:00,1788246000000,4432.07,4432.59,4432.0,4432.01,0.2562
2026-09-01 07:01:00,1788246060000,4432.73,4433.49,4432.48,4433.49,1.178
2026-09-01 07:02:00,1788246120000,4434.32,4436.41,4434.32,4436.41,0.2714
2026-09-01 07:03:00,1788246180000,4436.41,4436.41,4433.81,4433.81,0.2123
2026-09-01 07:04:00,1788246240000,4434.16,4435.93,4434.16,4435.13,0.3833
2026-09-01 07:05:00,1788246300000,4435.67,4435.67,4435.42,4435.42,0.122
2026-09-01 07:06:00,1788246360000,4434.38,4434.38,4433.05,4433.05,0.293
2026-09-01 07:07:00,1788246420000,4433.03,4433.8,4433.03,4433.8,0.0334
2026-09-01 07:08:00,1788246480000,4432.92,4433.07,4432.47,4432.47,0.6353
2026-09-01 07:09:00,1788246540000,4432.04,4432.46,4432.0,4432.06,0.2588
2026-09-01 07:10:00,1788246600000,4432.18,4432.18,4432.18,4432.18,0.0214
2026-09-01 07:11:00,1788246660000,4432.0,4432.02,4432.0,4432.0,0.047
2026-09-01 07:12:00,1788246720000,4433.79,4433.79,4432.0,4432.0,0.2859
2026-09-01 07:13:00,1788246780000,4432.35,4432.35,4432.14,4432.22,0.6663
2026-09-01 07:14:00,1788246840000,4432.8,4434.44,4432.8,4434.44,0.4595
2026-09-01 07:15:00,1788246900000,4434.88,4434.88,4433.8,4433.8,0.0386
2026-09-01 07:16:00,1788246960000,4434.03,4434.03,4433.37,4433.38,0.0915
2026-09-01 07:17:00,1788247020000,4433.37,4433.8,4432.67,4433.8,0.2092
2026-09-01 07:18:00,1788247080000,4433.8,4433.8,4431.04,4431.04,4.7488
2026-09-01 07:19:00,1788247140000,4431.29,4431.29,4431.29,4431.29,0.0205
2026-09-01 07:20:00,1788247200000,4431.05,4431.65,4431.05,4431.65,0.5019
2026-09-01 07:21:00,1788247260000,4431.57,4432.49,4430.7,4432.49,1.1784
2026-09-01 07:22:00,1788247320000,4434.25,4434.25,4432.21,4432.21,0.0854
2026-09-01 07:23:00,1788247380000,4430.73,4431.16,4430.16,4430.16,2.2585
2026-09-01 07:24:00,1788247440000,4430.28,4430.28,4429.86,4429.86,1.1586
2026-09-01 07:25:00,1788247500000,4429.78,4431.51,4429.78,4430.29,0.104
2026-09-01 07:26:00,1788247560000,4430.86,4430.86,4430.28,4430.29,0.1453
2026-09-01 07:27:00,1788247620000,4430.28,4430.28,4429.41,4429.77,0.5835
2026-09-01 07:28:00,1788247680000,4430.28,4430.92,4429.51,4429.51,1.6099
2026-09-01 07:29:00,1788247740000,4429.51,4429.51,4428.8,4428.81,0.0599
2026-09-01 07:30:00,1788247800000,4428.57,4428.57,4423.09,4425.16,4.3315
2026-09-01 07:31:00,1788247860000,4425.28,4428.74,4425.28,4426.59,4.0923
2026-09-01 07:32:00,1788247920000,4427.29,4427.29,4425.88,4425.88,0.3332
2026-09-01 07:33:00,1788247980000,4425.89,4428.5,4425.89,4428.5,0.4724
2026-09-01 07:34:00,1788248040000,4429.4,4429.99,4428.73,4428.73,0.5751
2026-09-01 07:35:00,1788248100000,4428.73,4428.73,4427.86,4427.86,1.8734
2026-09-01 07:36:00,1788248160000,4427.65,4427.65,4426.09,4426.76,0.3329
2026-09-01 07:37:00,1788248220000,4426.28,4426.28,4424.24,4424.24,0.7505
2026-09-01 07:38:00,1788248280000,4424.0,4424.0,4423.08,4423.08,0.0879
2026-09-01 07:39:00,1788248340000,4424.32,4424.32,4416.96,4417.65,6.6846
2026-09-01 07:40:00,1788248400000,4416.85,4420.48,4416.29,4420.47,1.6876
2026-09-01 07:41:00,1788248460000,4420.47,4422.28,4420.0,4422.28,2.4707
2026-09-01 07:42:00,1788248520000,4422.28,4422.29,4421.79,4422.29,1.5139
2026-09-01 07:43:00,1788248580000,4423.22,4423.95,4423.22,4423.94,1.5548
2026-09-01 07:44:00,1788248640000,4421.04,4421.48,4421.04,4421.48,0.4507
2026-09-01 07:45:00,1788248700000,4420.6,4420.6,4419.45,4419.45,0.1068
2026-09-01 07:46:00,1788248760000,4419.31,4420.44,4419.31,4419.38,0.5154
2026-09-01 07:47:00,1788248820000,4419.76,4421.34,4419.76,4421.34,0.4865
2026-09-01 07:48:00,1788248880000,4421.47,4424.12,4421.47,4423.88,2.1191
2026-09-01 07:49:00,1788248940000,4424.12,4424.12,4423.93,4423.93,0.1839
2026-09-01 07:50:00,1788249000000,4424.21,4424.71,4423.75,4423.75,0.3999
2026-09-01 07:51:00,1788249060000,4424.21,4424.21,4423.86,4423.86,0.077
2026-09-01 07:52:00,1788249120000,4423.65,4423.65,4421.93,4421.93,11.5028
2026-09-01 07:53:00,1788249180000,4421.93,4422.36,4421.71,4422.03,1.0681
2026-09-01 07:54:00,1788249240000,4421.55,4422.37,4421.55,4422.36,0.6726
2026-09-01 07:55:00,1788249300000,4421.62,4424.16,4421.62,4424.16,3.6214
2026-09-01 07:56:00,1788249360000,4422.6,4423.15,4422.59,4423.15,2.8019
2026-09-01 07:57:00,1788249420000,4423.14,4423.44,4421.59,4422.0,7.4535
2026-09-01 07:58:00,1788249480000,4421.81,4421.81,4421.0,4421.0,0.2481
2026-09-01 07:59:00,1788249540000,4420.68,4422.36,4420.68,4421.96,6.1122
2026-09-01 08:00:00,1788249600000,4422.36,4422.36,4419.05,4419.05,3.9217
2026-09-01 08:01:00,1788249660000,4419.01,4419.72,4419.01,4419.29,7.5407
2026-09-01 08:02:00,1788249720000,4419.08,4419.08,4417.34,4418.16,1.4607
2026-09-01 08:03:00,1788249780000,4417.57,4418.1,4416.0,4416.0,1.2979
2026-09-01 08:04:00,1788249840000,4416.0,4416.0,4414.19,4414.51,14.1705
2026-09-01 08:05:00,1788249900000,4414.09,4420.96,4414.08,4415.0,29.807
2026-09-01 08:06:00,1788249960000,4414.33,4415.32,4408.84,4409.1,15.1363
2026-09-01 08:07:00,1788250020000,4409.61,4410.21,4404.6,4408.19,77.7387
2026-09-01 08:08:00,1788250080000,4408.19,4408.64,4406.43,4406.65,9.3804
2026-09-01 08:09:00,1788250140000,4406.65,4407.81,4399.32,4400.81,62.9681
2026-09-01 08:10:00,1788250200000,4399.32,4399.66,4394.46,4395.2,30.9697
2026-09-01 08:11:00,1788250260000,4395.21,4397.0,4394.12,4396.54,9.7592
2026-09-01 08:12:00,1788250320000,4396.1,4401.22,4396.1,4401.22,10.2889
2026-09-01 08:13:00,1788250380000,4402.56,4408.82,4401.69,4407.32,9.9999
2026-09-01 08:14:00,1788250440000,4407.86,4408.86,4406.53,4407.15,2.3536
2026-09-01 08:15:00,1788250500000,4407.84,4407.84,4404.78,4405.02,3.8176
2026-09-01 08:16:00,1788250560000,4405.3,4405.3,4402.88,4402.88,3.3885
2026-09-01 08:17:00,1788250620000,4402.86,4402.86,4400.8,4401.31,5.0326
2026-09-01 08:18:00,1788250680000,4400.91,4401.93,4399.01,4399.48,1.381
2026-09-01 08:19:00,1788250740000,4399.0,4400.34,4398.37,4398.72,15.0548
2026-09-01 08:20:00,1788250800000,4398.1,4400.81,4398.1,4400.37,2.2992
2026-09-01 08:21:00,1788250860000,4401.24,4401.66,4399.29,4399.93,3.3462
2026-09-01 08:22:00,1788250920000,4399.59,4400.36,4397.54,4397.66,4.9806
2026-09-01 08:23:00,1788250980000,4397.01,4397.68,4391.11,4391.13,12.4287
2026-09-01 08:24:00,1788251040000,4391.52,4391.52,4388.89,4388.92,11.5376
2026-09-01 08:25:00,1788251100000,4391.56,4391.56,4389.62,4389.62,0.4002
2026-09-01 08:26:00,1788251160000,4388.88,4390.84,4388.4,4390.84,13.1538
2026-09-01 08:27:00,1788251220000,4390.83,4391.56,4389.89,4391.56,5.6637
2026-09-01 08:28:00,1788251280000,4391.51,4391.51,4387.41,4387.41,5.3164
2026-09-01 08:29:00,1788251340000,4387.3,4388.48,4387.3,4387.6,5.9989
2026-09-01 08:30:00,1788251400000,4387.74,4387.91,4382.01,4382.79,18.3202
2026-09-01 08:31:00,1788251460000,4382.2,4383.34,4379.66,4382.6,45.0946
2026-09-01 08:32:00,1788251520000,4382.02,4382.02,4377.36,4379.83,7.2816
2026-09-01 08:33:00,1788251580000,4381.01,4381.44,4378.01,4378.01,3.2694
2026-09-01 08:34:00,1788251640000,4378.74,4379.25,4378.02,4379.25,2.8194
2026-09-01 08:35:00,1788251700000,4379.24,4380.56,4378.82,4380.42,14.2454
2026-09-01 08:36:00,1788251760000,4378.94,4381.0,4378.52,4378.82,1.4157
2026-09-01 08:37:00,1788251820000,4378.08,4378.37,4375.81,4375.81,5.0226
2026-09-01 08:38:00,1788251880000,4375.8,4380.27,4375.47,4378.03,4.5574
2026-09-01 08:39:00,1788251940000,4377.48,4380.8,4376.49,4379.26,3.6235
2026-09-01 08:40:00,1788252000000,4379.41,4384.06,4379.41,4384.06,3.9057
2026-09-01 08:41:00,1788252060000,4384.9,4384.9,4381.01,4381.38,0.3016
2026-09-01 08:42:00,1788252120000,4381.37,4381.37,4379.17,4380.57,1.4924
2026-09-01 08:43:00,1788252180000,4377.93,4378.08,4375.47,4375.73,0.9059
2026-09-01 08:44:00,1788252240000,4376.17,4380.56,4376.17,4380.12,1.782
2026-09-01 08:45:00,1788252300000,4379.4,4382.33,4379.4,4381.44,1.2633
2026-09-01 08:46:00,1788252360000,4381.3,4381.3,4378.54,4378.54,2.1901
2026-09-01 08:47:00,1788252420000,4377.49,4377.93,4374.74,4377.93,9.1414
2026-09-01 08:48:00,1788252480000,4378.56,4380.57,4378.56,4380.06,10.6451
2026-09-01 08:49:00,1788252540000,4379.35,4381.44,4379.35,4381.01,3.8324
2026-09-01 08:50:00,1788252600000,4380.96,4380.96,4378.81,4379.36,2.4945
2026-09-01 08:51:00,1788252660000,4380.13,4380.34,4379.72,4380.34,1.1285
2026-09-01 08:52:00,1788252720000,4380.34,4382.65,4379.01,4379.01,12.513
2026-09-01 08:53:00,1788252780000,4379.41,4382.33,4379.41,4379.79,4.0118
2026-09-01 08:54:00,1788252840000,4379.25,4381.45,4379.25,4381.45,1.6506
2026-09-01 08:55:00,1788252900000,4382.38,4382.77,4381.03,4382.09,2.8606
2026-09-01 08:56:00,1788252960000,4381.5,4381.5,4378.1,4378.36,3.1336
2026-09-01 08:57:00,1788253020000,4378.37,4380.42,4378.37,4380.42,3.7962
2026-09-01 08:58:00,1788253080000,4380.42,4381.02,4378.38,4379.34,2.6832
2026-09-01 08:59:00,1788253140000,4379.07,4379.69,4377.0,4377.0,28.0813
2026-09-01 09:00:00,1788253200000,4376.47,4378.56,4376.23,4377.05,3.1053
2026-09-01 09:01:00,1788253260000,4377.05,4377.23,4374.01,4375.7,6.1761
2026-09-01 09:02:00,1788253320000,4375.53,4375.53,4372.42,4372.42,3.1541
2026-09-01 09:03:00,1788253380000,4372.43,4376.12,4372.43,4375.57,17.4497
2026-09-01 09:04:00,1788253440000,4375.28,4380.27,4374.92,4379.28,5.7991
2026-09-01 09:05:00,1788253500000,4379.02,4380.12,4377.49,4379.55,3.7614
2026-09-01 09:06:00,1788253560000,4379.4,4379.4,4373.53,4374.07,6.5241
2026-09-01 09:07:00,1788253620000,4374.5,4380.13,4374.5,4380.13,5.2666
2026-09-01 09:08:00,1788253680000,4380.13,4380.57,4378.17,4379.11,10.8671
2026-09-01 09:09:00,1788253740000,4378.36,4378.93,4376.05,4376.05,6.1435
2026-09-01 09:10:00,1788253800000,4376.05,4378.23,4375.79,4377.49,4.3119
2026-09-01 09:11:00,1788253860000,4377.49,4377.93,4376.61,4377.84,2.7431
2026-09-01 09:12:00,1788253920000,4378.37,4380.13,4378.37,4379.67,1.747
2026-09-01 09:13:00,1788253980000,4380.25,4380.51,4380.25,4380.37,0.8994
2026-09-01 09:14:00,1788254040000,4379.71,4380.68,4379.71,4380.11,0.267
2026-09-01 09:15:00,1788254100000,4380.71,4381.01,4380.22,4380.35,0.5883
2026-09-01 09:16:00,1788254160000,4380.86,4382.06,4379.97,4381.89,1.4375
2026-09-01 09:17:00,1788254220000,4382.3,4382.75,4380.63,4382.75,1.0724
2026-09-01 09:18:00,1788254280000,4382.75,4382.89,4381.26,4381.26,0.6057
2026-09-01 09:19:00,1788254340000,4381.05,4382.33,4380.93,4381.72,5.682
2026-09-01 09:20:00,1788254400000,4381.89,4382.31,4380.94,4380.94,2.8084
2026-09-01 09:21:00,1788254460000,4380.95,4381.88,4380.95,4381.29,1.219
2026-09-01 09:22:00,1788254520000,4381.16,4382.77,4381.16,4382.77,0.8587
2026-09-01 09:23:00,1788254580000,4381.89,4381.89,4380.94,4381.43,0.2468
2026-09-01 09:24:00,1788254640000,4381.43,4381.43,4380.62,4380.62,0.8404
2026-09-01 09:25:00,1788254700000,4380.62,4380.62,4380.0,4380.0,0.9024
2026-09-01 09:26:00,1788254760000,4379.61,4380.19,4378.11,4378.11,8.0872
2026-09-01 09:27:00,1788254820000,4378.11,4378.69,4377.34,4377.92,3.7519
2026-09-01 09:28:00,1788254880000,4378.24,4378.24,4378.24,4378.24,0.0567
2026-09-01 09:29:00,1788254940000,4378.36,4379.24,4377.81,4378.42,1.8661
2026-09-01 09:30:00,1788255000000,4378.57,4378.57,4374.15,4374.15,11.0673
2026-09-01 09:31:00,1788255060000,4374.16,4375.33,4374.16,4374.4,1.0721
2026-09-01 09:32:00,1788255120000,4374.83,4375.3,4374.08,4374.52,1.3934
2026-09-01 09:33:00,1788255180000,4375.66,4376.94,4374.07,4374.07,5.2353
2026-09-01 09:34:00,1788255240000,4374.28,4376.61,4374.07,4376.61,1.563
2026-09-01 09:35:00,1788255300000,4376.6,4376.6,4374.84,4374.84,0.8433
2026-09-01 09:36:00,1788255360000,4374.06,4374.83,4373.23,4374.25,1.2831
2026-09-01 09:37:00,1788255420000,4373.96,4375.28,4373.96,4373.96,0.5093
2026-09-01 09:38:00,1788255480000,4372.51,4372.51,4372.5,4372.51,1.0606
2026-09-01 09:39:00,1788255540000,4372.21,4373.08,4371.82,4373.08,0.6378
2026-09-01 09:40:00,1788255600000,4373.96,4373.96,4372.27,4373.9,4.4347
2026-09-01 09:41:00,1788255660000,4374.46,4374.56,4373.45,4373.45,1.1464
2026-09-01 09:42:00,1788255720000,4374.78,4374.79,4373.53,4373.95,0.6404
2026-09-01 09:43:00,1788255780000,4373.95,4375.55,4373.45,4375.55,1.2684
2026-09-01 09:44:00,1788255840000,4375.91,4376.95,4375.91,4376.95,0.19
2026-09-01 09:45:00,1788255900000,4377.49,4377.49,4375.93,4376.99,1.0371
2026-09-01 09:46:00,1788255960000,4377.85,4379.01,4377.85,4378.78,15.6013
2026-09-01 09:47:00,1788256020000,4378.18,4378.8,4376.61,4378.8,3.5962
2026-09-01 09:48:00,1788256080000,4377.94,4378.0,4377.05,4377.4,1.7301
2026-09-01 09:49:00,1788256140000,4377.61,4377.61,4376.36,4376.64,0.8915
2026-09-01 09:50:00,1788256200000,4375.86,4376.15,4375.0,4375.0,1.5265
2026-09-01 09:51:00,1788256260000,4375.73,4376.16,4375.73,4376.16,0.3003
2026-09-01 09:52:00,1788256320000,4376.17,4376.29,4374.82,4376.29,4.9811
2026-09-01 09:53:00,1788256380000,4376.3,4377.17,4376.3,4377.0,2.3619
2026-09-01 09:54:00,1788256440000,4376.3,4376.33,4376.3,4376.33,0.0675
2026-09-01 09:55:00,1788256500000,4376.33,4377.35,4376.33,4377.35,0.4883
2026-09-01 09:56:00,1788256560000,4378.26,4378.8,4374.73,4375.28,0.7527
2026-09-01 09:57:00,1788256620000,4375.99,4375.99,4375.09,4375.09,0.4574
2026-09-01 09:58:00,1788256680000,4374.16,4375.07,4373.53,4374.54,1.4217
2026-09-01 09:59:00,1788256740000,4374.53,4374.53,4371.56,4371.56,3.284
2026-09-01 10:00:00,1788256800000,4371.56,4372.22,4371.48,4372.22,2.1496
2026-09-01 10:01:00,1788256860000,4372.64,4375.35,4372.64,4374.91,1.6731
2026-09-01 10:02:00,1788256920000,4375.69,4376.33,4375.3,4376.33,1.016
2026-09-01 10:03:00,1788256980000,4375.54,4375.77,4374.41,4374.41,1.0128
2026-09-01 10:04:00,1788257040000,4374.47,4374.82,4372.65,4373.52,2.3126
2026-09-01 10:05:00,1788257100000,4374.48,4375.82,4374.48,4375.26,1.8522
2026-09-01 10:06:00,1788257160000,4373.59,4376.04,4373.59,4375.58,3.7762
2026-09-01 10:07:00,1788257220000,4376.15,4377.92,4376.15,4377.26,0.4151
2026-09-01 10:08:00,1788257280000,4378.26,4379.98,4378.26,4378.57,2.3594
2026-09-01 10:09:00,1788257340000,4378.57,4378.57,4378.27,4378.27,1.1581
2026-09-01 10:10:00,1788257400000,4378.28,4379.85,4378.28,4379.85,2.755
2026-09-01 10:11:00,1788257460000,4381.39,4381.58,4381.39,4381.58,0.1897
2026-09-01 10:12:00,1788257520000,4381.57,4384.14,4381.57,4383.64,1.8074
2026-09-01 10:13:00,1788257580000,4383.9,4385.58,4383.9,4385.58,2.2329
2026-09-01 10:14:00,1788257640000,4385.35,4386.79,4383.45,4383.45,2.8929
2026-09-01 10:15:00,1788257700000,4385.55,4385.56,4385.55,4385.56,0.0297
2026-09-01 10:16:00,1788257760000,4386.07,4387.41,4386.07,4387.41,0.4855
2026-09-01 10:17:00,1788257820000,4387.5,4387.61,4386.28,4386.73,0.2108
2026-09-01 10:18:00,1788257880000,4386.72,4386.72,4386.01,4386.14,2.1397
2026-09-01 10:19:00,1788257940000,4386.37,4387.56,4386.37,4386.97,2.8374
2026-09-01 10:20:00,1788258000000,4386.73,4386.73,4386.73,4386.73,0.0479
2026-09-01 10:21:00,1788258060000,4387.46,4389.0,4387.24,4389.0,1.7467
2026-09-01 10:22:00,1788258120000,4389.11,4389.72,4388.27,4389.37,1.2644
2026-09-01 10:23:00,1788258180000,4389.73,4389.73,4389.15,4389.32,0.1284
2026-09-01 10:24:00,1788258240000,4389.31,4389.31,4389.14,4389.15,0.6104
2026-09-01 10:25:00,1788258300000,4389.15,4390.74,4389.15,4389.61,1.5467
2026-09-01 10:26:00,1788258360000,4389.61,4389.61,4389.31,4389.31,0.2072
2026-09-01 10:27:00,1788258420000,4389.3,4390.25,4389.29,4389.66,6.0842
2026-09-01 10:28:00,1788258480000,4389.66,4390.24,4389.37,4389.37,1.4078
2026-09-01 10:29:00,1788258540000,4389.37,4390.68,4389.37,4390.68,1.2349
2026-09-01 10:30:00,1788258600000,4390.01,4390.69,4390.0,4390.69,5.0168
2026-09-01 10:31:00,1788258660000,4390.48,4390.48,4389.36,4389.36,1.8517
2026-09-01 10:32:00,1788258720000,4389.3,4389.3,4387.88,4388.0,0.6604
2026-09-01 10:33:00,1788258780000,4388.0,4388.47,4388.0,4388.47,1.0493
2026-09-01 10:34:00,1788258840000,4388.09,4388.92,4388.09,4388.92,0.6968
2026-09-01 10:35:00,1788258900000,4388.92,4389.81,4388.92,4388.92,2.7896
2026-09-01 10:36:00,1788258960000,4388.93,4388.93,4388.48,4388.49,1.3398
2026-09-01 10:37:00,1788259020000,4388.49,4390.66,4388.49,4390.63,1.2389
2026-09-01 10:38:00,1788259080000,4390.64,4390.64,4390.44,4390.44,0.4614
2026-09-01 10:39:00,1788259140000,4390.44,4390.44,4389.98,4389.98,0.2838
2026-09-01 10:40:00,1788259200000,4389.98,4389.98,4389.93,4389.93,0.4965
2026-09-01 10:41:00,1788259260000,4389.93,4390.24,4389.93,4390.24,1.0561
2026-09-01 10:42:00,1788259320000,4390.69,4391.13,4389.22,4389.22,2.9626
2026-09-01 10:43:00,1788259380000,4389.21,4389.83,4389.01,4389.52,1.5345
2026-09-01 10:44:00,1788259440000,4389.22,4389.22,4387.92,4387.92,0.0637
2026-09-01 10:45:00,1788259500000,4387.88,4387.88,4385.2,4385.2,0.5682
2026-09-01 10:46:00,1788259560000,4385.21,4385.21,4385.01,4385.2,0.5255
2026-09-01 10:47:00,1788259620000,4385.0,4385.0,4383.41,4384.97,7.2433
2026-09-01 10:48:00,1788259680000,4384.97,4385.4,4382.85,4383.74,3.6076
2026-09-01 10:49:00,1788259740000,4383.73,4383.73,4383.25,4383.25,0.1955
2026-09-01 10:50:00,1788259800000,4383.25,4383.82,4381.59,4381.59,0.8077
2026-09-01 10:51:00,1788259860000,4381.59,4381.89,4381.59,4381.67,0.6928
2026-09-01 10:52:00,1788259920000,4381.66,4381.67,4381.66,4381.67,0.0114
2026-09-01 10:53:00,1788259980000,4381.67,4381.67,4380.93,4380.99,1.3621
2026-09-01 10:54:00,1788260040000,4381.0,4381.0,4381.0,4381.0,0.0056
2026-09-01 10:55:00,1788260100000,4381.0,4381.88,4381.0,4381.86,0.6672
2026-09-01 10:56:00,1788260160000,4381.38,4382.7,4381.38,4381.68,2.5842
2026-09-01 10:57:00,1788260220000,4381.68,4383.25,4381.68,4383.21,3.2626
2026-09-01 10:58:00,1788260280000,4383.6,4384.97,4383.6,4384.15,0.8448
2026-09-01 10:59:00,1788260340000,4384.61,4386.28,4384.16,4385.89,4.1624
2026-09-01 11:00:00,1788260400000,4384.3,4384.65,4383.1,4383.65,3.6179
2026-09-01 11:01:00,1788260460000,4383.66,4384.06,4382.78,4382.78,1.0402
2026-09-01 11:02:00,1788260520000,4383.5,4384.74,4383.5,4384.74,0.3284
2026-09-01 11:03:00,1788260580000,4385.41,4386.28,4384.54,4385.85,0.7602
2026-09-01 11:04:00,1788260640000,4386.19,4386.56,4386.19,4386.25,0.687
2026-09-01 11:05:00,1788260700000,4386.29,4386.29,4383.97,4383.97,0.2343
2026-09-01 11:06:00,1788260760000,4383.87,4384.44,4383.87,4384.44,0.844
2026-09-01 11:07:00,1788260820000,4384.26,4386.57,4384.26,4386.57,0.1406
2026-09-01 11:08:00,1788260880000,4387.95,4388.5,4387.15,4387.15,4.379
2026-09-01 11:09:00,1788260940000,4386.9,4388.45,4386.9,4388.06,0.2314
2026-09-01 11:10:00,1788261000000,4388.06,4388.93,4388.06,4388.28,2.3342
2026-09-01 11:11:00,1788261060000,4388.05,4388.05,4387.52,4387.52,0.2811
2026-09-01 11:12:00,1788261120000,4388.05,4389.81,4388.05,4388.98,0.0548
2026-09-01 11:13:00,1788261180000,4388.97,4388.97,4387.6,4387.6,0.8375
2026-09-01 11:14:00,1788261240000,4387.52,4387.52,4383.64,4383.64,1.7531
2026-09-01 11:15:00,1788261300000,4383.64,4383.64,4382.77,4383.06,0.2295
2026-09-01 11:16:00,1788261360000,4383.42,4383.42,4382.65,4382.65,2.1499
2026-09-01 11:17:00,1788261420000,4381.89,4381.89,4381.82,4381.82,0.4465
2026-09-01 11:18:00,1788261480000,4381.91,4381.91,4381.91,4381.91,0.0033
2026-09-01 11:19:00,1788261540000,4382.5,4383.14,4382.5,4383.14,0.4105
2026-09-01 11:20:00,1788261600000,4383.14,4384.52,4382.78,4383.44,7.1746
2026-09-01 11:21:00,1788261660000,4383.9,4386.72,4383.9,4384.73,3.3493
2026-09-01 11:22:00,1788261720000,4383.85,4384.38,4383.2,4383.94,0.8494
2026-09-01 11:23:00,1788261780000,4383.95,4384.06,4383.94,4384.06,0.6899
2026-09-01 11:24:00,1788261840000,4384.39,4384.39,4383.97,4383.98,0.4034
2026-09-01 11:25:00,1788261900000,4384.47,4384.68,4383.99,4383.99,0.1646
2026-09-01 11:26:00,1788261960000,4384.22,4384.22,4383.2,4384.18,0.5981
2026-09-01 11:27:00,1788262020000,4384.96,4385.54,4384.76,4385.54,2.5645
2026-09-01 11:28:00,1788262080000,4385.54,4387.73,4385.32,4386.9,5.9994
2026-09-01 11:29:00,1788262140000,4386.28,4387.6,4386.28,4387.6,0.2712
2026-09-01 11:30:00,1788262200000,4387.38,4388.05,4385.84,4388.05,9.9345
2026-09-01 11:31:00,1788262260000,4388.04,4388.36,4388.04,4388.05,1.4601
2026-09-01 11:32:00,1788262320000,4388.32,4388.89,4388.32,4388.89,0.2015
2026-09-01 11:33:00,1788262380000,4388.89,4388.89,4388.05,4388.05,0.7217
2026-09-01 11:34:00,1788262440000,4388.05,4388.05,4387.61,4388.05,0.9489
2026-09-01 11:35:00,1788262500000,4387.62,4387.62,4386.39,4386.39,0.9388
2026-09-01 11:36:00,1788262560000,4386.06,4387.17,4385.79,4387.16,4.1236
2026-09-01 11:37:00,1788262620000,4388.04,4388.04,4386.64,4386.73,1.5166
2026-09-01 11:38:00,1788262680000,4387.57,4391.12,4387.57,4389.56,4.0102
2026-09-01 11:39:00,1788262740000,4389.78,4389.79,4389.78,4389.78,0.9232
2026-09-01 11:40:00,1788262800000,4390.69,4390.69,4389.83,4389.83,0.8722
2026-09-01 11:41:00,1788262860000,4389.82,4389.83,4389.82,4389.83,0.6526
2026-09-01 11:42:00,1788262920000,4389.82,4389.82,4389.14,4389.81,0.8273
2026-09-01 11:43:00,1788262980000,4390.02,4390.64,4390.02,4390.49,3.3045
2026-09-01 11:44:00,1788263040000,4390.49,4391.12,4390.49,4391.12,0.3095
2026-09-01 11:45:00,1788263100000,4390.65,4390.65,4390.65,4390.65,0.0187
2026-09-01 11:46:00,1788263160000,4390.65,4394.25,4390.65,4393.25,23.1956
2026-09-01 11:47:00,1788263220000,4393.25,4393.25,4391.93,4393.21,6.2019
2026-09-01 11:48:00,1788263280000,4393.2,4393.33,4393.2,4393.33,0.2034
2026-09-01 11:49:00,1788263340000,4393.77,4393.77,4392.84,4392.84,0.4253
2026-09-01 11:50:00,1788263400000,4392.66,4392.66,4392.17,4392.29,0.7545
2026-09-01 11:51:00,1788263460000,4392.45,4393.32,4392.45,4392.72,1.786
2026-09-01 11:52:00,1788263520000,4392.01,4392.45,4390.28,4390.28,2.3042
2026-09-01 11:53:00,1788263580000,4390.0,4390.0,4389.52,4389.52,0.5448
2026-09-01 11:54:00,1788263640000,4388.32,4388.32,4386.58,4386.58,3.9135
2026-09-01 11:55:00,1788263700000,4385.85,4385.85,4385.51,4385.51,0.146
2026-09-01 11:56:00,1788263760000,4385.13,4385.85,4383.46,4384.5,4.1061
2026-09-01 11:57:00,1788263820000,4384.1,4384.1,4382.59,4382.69,1.0565
2026-09-01 11:58:00,1788263880000,4382.6,4382.6,4380.01,4380.77,7.1223
2026-09-01 11:59:00,1788263940000,4381.01,4381.52,4381.01,4381.52,1.0104
2026-09-01 12:00:00,1788264000000,4381.01,4381.2,4379.4,4379.4,1.8599
2026-09-01 12:01:00,1788264060000,4379.05,4379.55,4378.01,4378.01,0.7819
2026-09-01 12:02:00,1788264120000,4378.01,4379.15,4377.49,4379.15,3.9268
2026-09-01 12:03:00,1788264180000,4379.15,4380.29,4377.97,4379.37,6.3776
2026-09-01 12:04:00,1788264240000,4379.68,4379.68,4379.24,4379.24,1.1759
2026-09-01 12:05:00,1788264300000,4379.24,4379.24,4377.77,4377.93,3.361
2026-09-01 12:06:00,1788264360000,4378.05,4378.48,4377.26,4378.2,2.3813
2026-09-01 12:07:00,1788264420000,4378.2,4378.97,4378.2,4378.36,0.6501
2026-09-01 12:08:00,1788264480000,4377.82,4379.68,4377.82,4378.48,2.1659
2026-09-01 12:09:00,1788264540000,4378.48,4378.49,4377.28,4377.28,0.9982
2026-09-01 12:10:00,1788264600000,4377.28,4377.6,4375.41,4376.16,4.6775
2026-09-01 12:11:00,1788264660000,4376.16,4376.16,4373.83,4374.44,3.9015
2026-09-01 12:12:00,1788264720000,4375.28,4376.99,4374.41,4376.99,1.3027
2026-09-01 12:13:00,1788264780000,4377.24,4379.16,4377.24,4378.4,0.4482
2026-09-01 12:14:00,1788264840000,4378.73,4378.73,4376.96,4377.2,1.3268
2026-09-01 12:15:00,1788264900000,4377.92,4378.36,4376.97,4376.97,10.2615
2026-09-01 12:16:00,1788264960000,4377.62,4377.62,4377.62,4377.62,0.0753
2026-09-01 12:17:00,1788265020000,4378.7,4380.71,4378.7,4380.71,1.519
2026-09-01 12:18:00,1788265080000,4379.13,4379.9,4379.05,4379.9,0.0811
2026-09-01 12:19:00,1788265140000,4379.25,4380.35,4378.0,4378.0,3.2814
2026-09-01 12:20:00,1788265200000,4377.05,4377.92,4373.76,4377.04,2.2123
2026-09-01 12:21:00,1788265260000,4376.25,4376.59,4375.41,4375.41,17.9967
2026-09-01 12:22:00,1788265320000,4375.53,4377.51,4375.53,4377.51,1.1321
2026-09-01 12:23:00,1788265380000,4376.83,4376.83,4374.64,4375.35,2.3625
2026-09-01 12:24:00,1788265440000,4375.73,4375.76,4374.7,4375.72,0.4604
2026-09-01 12:25:00,1788265500000,4376.17,4377.15,4376.17,4377.15,3.035
2026-09-01 12:26:00,1788265560000,4378.37,4382.4,4378.37,4382.4,2.3801
2026-09-01 12:27:00,1788265620000,4382.72,4382.72,4381.41,4381.66,5.5725
2026-09-01 12:28:00,1788265680000,4380.11,4380.11,4378.92,4378.92,9.5784
2026-09-01 12:29:00,1788265740000,4378.86,4378.87,4375.47,4375.47,1.2248
2026-09-01 12:30:00,1788265800000,4375.01,4375.28,4374.05,4374.47,2.111
2026-09-01 12:31:00,1788265860000,4374.72,4374.85,4374.72,4374.85,0.1634
2026-09-01 12:32:00,1788265920000,4374.0,4374.0,4369.23,4370.45,22.4342
2026-09-01 12:33:00,1788265980000,4370.47,4370.8,4369.72,4370.2,1.4817
2026-09-01 12:34:00,1788266040000,4369.42,4371.06,4366.78,4366.78,15.3066
2026-09-01 12:35:00,1788266100000,4366.77,4366.77,4363.93,4363.94,12.1912
2026-09-01 12:36:00,1788266160000,4363.94,4364.21,4361.83,4361.83,24.6891
2026-09-01 12:37:00,1788266220000,4361.84,4361.84,4360.21,4360.77,5.1634
2026-09-01 12:38:00,1788266280000,4360.99,4364.66,4360.48,4364.65,5.0041
2026-09-01 12:39:00,1788266340000,4364.72,4368.87,4363.66,4365.76,7.3427
2026-09-01 12:40:00,1788266400000,4365.64,4365.64,4364.66,4364.66,1.0232
2026-09-01 12:41:00,1788266460000,4364.93,4364.95,4364.65,4364.92,5.3766
2026-09-01 12:42:00,1788266520000,4364.91,4364.91,4363.14,4364.64,1.5841
2026-09-01 12:43:00,1788266580000,4364.59,4365.08,4364.43,4365.08,33.2146
2026-09-01 12:44:00,1788266640000,4365.08,4370.87,4365.08,4370.87,25.9126
2026-09-01 12:45:00,1788266700000,4370.68,4372.92,4370.17,4372.52,8.9517
2026-09-01 12:46:00,1788266760000,4372.93,4373.2,4371.77,4373.06,10.0711
2026-09-01 12:47:00,1788266820000,4372.53,4374.99,4372.53,4373.96,13.8941
2026-09-01 12:48:00,1788266880000,4373.33,4373.33,4372.0,4372.0,42.1335
2026-09-01 12:49:00,1788266940000,4372.0,4372.5,4372.0,4372.0,17.458
2026-09-01 12:50:00,1788267000000,4372.06,4372.07,4370.57,4370.57,24.9772
2026-09-01 12:51:00,1788267060000,4370.01,4371.78,4370.01,4371.78,1.8397
2026-09-01 12:52:00,1788267120000,4372.5,4372.5,4370.1,4371.77,5.4973
2026-09-01 12:53:00,1788267180000,4371.62,4371.99,4370.0,4371.98,2.9185
2026-09-01 12:54:00,1788267240000,4370.45,4370.45,4370.45,4370.45,1.3326
2026-09-01 12:55:00,1788267300000,4370.0,4370.0,4368.24,4368.24,1.4756
2026-09-01 12:56:00,1788267360000,4366.93,4367.8,4366.61,4367.8,0.8337
2026-09-01 12:57:00,1788267420000,4367.96,4369.57,4367.81,4368.25,1.6514
2026-09-01 12:58:00,1788267480000,4368.35,4368.35,4366.64,4367.37,2.4614
2026-09-01 12:59:00,1788267540000,4367.36,4367.36,4365.1,4366.04,2.1096
2026-09-01 13:00:00,1788267600000,4365.08,4366.06,4358.0,4359.07,38.8258
2026-09-01 13:01:00,1788267660000,4359.88,4359.88,4352.29,4353.29,40.0351
2026-09-01 13:02:00,1788267720000,4353.73,4357.56,4351.14,4351.14,9.121
2026-09-01 13:03:00,1788267780000,4351.13,4352.98,4348.09,4348.89,54.1378
2026-09-01 13:04:00,1788267840000,4348.89,4352.03,4348.0,4349.0,8.3192
2026-09-01 13:05:00,1788267900000,4349.01,4349.01,4345.13,4345.17,9.3732
2026-09-01 13:06:00,1788267960000,4346.68,4348.45,4346.25,4346.25,30.1888
2026-09-01 13:07:00,1788268020000,4346.26,4349.33,4345.77,4348.89,9.3134
2026-09-01 13:08:00,1788268080000,4348.01,4351.27,4348.01,4350.01,2.1619
2026-09-01 13:09:00,1788268140000,4350.0,4350.0,4340.87,4341.84,10.4039
2026-09-01 13:10:00,1788268200000,4341.84,4343.03,4340.73,4342.29,51.1806
2026-09-01 13:11:00,1788268260000,4341.46,4342.71,4339.86,4339.86,8.6307
2026-09-01 13:12:00,1788268320000,4339.85,4340.0,4336.59,4340.0,24.9683
2026-09-01 13:13:00,1788268380000,4340.0,4344.04,4340.0,4343.74,15.9605
2026-09-01 13:14:00,1788268440000,4343.74,4344.3,4338.79,4340.48,4.3455
2026-09-01 13:15:00,1788268500000,4339.99,4341.72,4339.5,4341.71,1.0987
2026-09-01 13:16:00,1788268560000,4341.71,4342.73,4340.01,4341.41,17.0661
2026-09-01 13:17:00,1788268620000,4341.66,4341.84,4340.07,4340.97,4.867
2026-09-01 13:18:00,1788268680000,4341.94,4341.94,4338.0,4338.65,3.0017
2026-09-01 13:19:00,1788268740000,4338.65,4343.88,4338.64,4343.88,4.0548
2026-09-01 13:20:00,1788268800000,4343.62,4344.91,4342.62,4343.17,4.3405
2026-09-01 13:21:00,1788268860000,4343.37,4345.34,4342.65,4344.34,1.0276
2026-09-01 13:22:00,1788268920000,4345.14,4345.4,4343.16,4344.49,0.9147
2026-09-01 13:23:00,1788268980000,4345.52,4347.13,4345.52,4346.64,1.4177
2026-09-01 13:24:00,1788269040000,4347.7,4347.7,4345.01,4346.27,3.7588
2026-09-01 13:25:00,1788269100000,4346.89,4348.87,4346.27,4348.87,2.858
2026-09-01 13:26:00,1788269160000,4349.39,4351.0,4349.39,4350.03,9.957
2026-09-01 13:27:00,1788269220000,4349.99,4349.99,4348.44,4348.44,1.4279
2026-09-01 13:28:00,1788269280000,4348.45,4351.0,4348.09,4351.0,2.5943
2026-09-01 13:29:00,1788269340000,4350.99,4353.87,4350.99,4352.85,5.2799
2026-09-01 13:30:00,1788269400000,4352.84,4355.5,4349.85,4355.15,16.1877
2026-09-01 13:31:00,1788269460000,4355.79,4360.0,4355.79,4358.29,15.9493
2026-09-01 13:32:00,1788269520000,4358.3,4361.4,4357.87,4359.9,2.0313
2026-09-01 13:33:00,1788269580000,4359.88,4362.5,4359.88,4361.99,1.6184
2026-09-01 13:34:00,1788269640000,4361.26,4365.99,4360.97,4364.04,67.8851
2026-09-01 13:35:00,1788269700000,4363.06,4364.61,4360.0,4360.0,6.2786
2026-09-01 13:36:00,1788269760000,4360.0,4360.01,4356.96,4357.9,12.3235
2026-09-01 13:37:00,1788269820000,4358.01,4365.36,4358.01,4364.81,6.0045
2026-09-01 13:38:00,1788269880000,4364.69,4365.3,4363.28,4363.56,5.4411
2026-09-01 13:39:00,1788269940000,4363.53,4364.75,4361.85,4362.82,30.1742
2026-09-01 13:40:00,1788270000000,4362.82,4363.7,4361.85,4362.7,17.117
2026-09-01 13:41:00,1788270060000,4362.71,4363.93,4360.55,4362.1,14.6715
2026-09-01 13:42:00,1788270120000,4362.1,4363.13,4361.82,4363.13,17.0428
2026-09-01 13:43:00,1788270180000,4363.82,4367.04,4363.31,4366.59,6.3444
2026-09-01 13:44:00,1788270240000,4367.05,4369.92,4367.05,4369.69,1.2777
2026-09-01 13:45:00,1788270300000,4369.23,4369.23,4367.03,4367.61,10.2264
2026-09-01 13:46:00,1788270360000,4368.25,4368.45,4364.11,4364.11,9.0374
2026-09-01 13:47:00,1788270420000,4364.11,4367.38,4363.83,4367.38,3.308
2026-09-01 13:48:00,1788270480000,4367.27,4368.25,4366.13,4367.91,17.5792
2026-09-01 13:49:00,1788270540000,4367.9,4367.9,4366.16,4366.17,4.7433
2026-09-01 13:50:00,1788270600000,4368.13,4369.23,4366.92,4366.92,2.8688
2026-09-01 13:51:00,1788270660000,4368.21,4369.22,4367.63,4368.9,0.3467
2026-09-01 13:52:00,1788270720000,4368.9,4371.1,4368.36,4368.36,8.2402
2026-09-01 13:53:00,1788270780000,4369.13,4370.25,4369.01,4369.65,7.7008
2026-09-01 13:54:00,1788270840000,4369.78,4369.78,4365.47,4366.05,0.6986
2026-09-01 13:55:00,1788270900000,4366.06,4366.49,4366.06,4366.49,0.5135
2026-09-01 13:56:00,1788270960000,4368.57,4369.14,4367.39,4369.14,0.1145
2026-09-01 13:57:00,1788271020000,4369.89,4370.46,4367.78,4367.78,0.9276
2026-09-01 13:58:00,1788271080000,4368.69,4368.81,4367.94,4368.32,3.618
2026-09-01 13:59:00,1788271140000,4368.69,4373.43,4368.3,4372.75,4.0932
2026-09-01 14:00:00,1788271200000,4371.88,4378.11,4368.8,4369.24,20.0902
2026-09-01 14:01:00,1788271260000,4370.02,4371.73,4369.68,4370.46,10.3592
2026-09-01 14:02:00,1788271320000,4369.69,4370.44,4366.7,4367.64,6.1076
2026-09-01 14:03:00,1788271380000,4367.41,4368.51,4363.01,4365.35,11.8315
2026-09-01 14:04:00,1788271440000,4364.83,4364.83,4363.08,4363.84,2.6399
2026-09-01 14:05:00,1788271500000,4363.01,4365.32,4363.01,4363.96,1.8593
2026-09-01 14:06:00,1788271560000,4366.1,4369.82,4366.1,4366.9,4.1871
2026-09-01 14:07:00,1788271620000,4366.91,4370.65,4366.91,4370.65,4.9587
2026-09-01 14:08:00,1788271680000,4370.64,4371.31,4370.55,4371.31,2.4652
2026-09-01 14:09:00,1788271740000,4374.38,4376.05,4374.24,4374.24,2.5334
2026-09-01 14:10:00,1788271800000,4374.24,4375.29,4372.79,4375.29,2.012
2026-09-01 14:11:00,1788271860000,4375.3,4375.73,4374.08,4375.64,1.8182
2026-09-01 14:12:00,1788271920000,4375.3,4375.3,4371.0,4371.78,1.903
2026-09-01 14:13:00,1788271980000,4371.05,4372.66,4371.01,4372.66,3.5044
2026-09-01 14:14:00,1788272040000,4374.07,4377.01,4374.07,4377.01,0.6768
2026-09-01 14:15:00,1788272100000,4377.81,4378.57,4376.46,4378.57,6.7753
2026-09-01 14:16:00,1788272160000,4376.72,4379.23,4376.72,4379.05,2.1439
2026-09-01 14:17:00,1788272220000,4379.04,4379.04,4376.28,4376.28,2.7892
2026-09-01 14:18:00,1788272280000,4378.63,4382.01,4378.63,4379.36,22.93
2026-09-01 14:19:00,1788272340000,4378.05,4378.06,4378.05,4378.06,0.4488
2026-09-01 14:20:00,1788272400000,4378.13,4380.83,4378.13,4380.83,1.9471
2026-09-01 14:21:00,1788272460000,4380.84,4381.7,4380.01,4381.7,6.3212
2026-09-01 14:22:00,1788272520000,4381.71,4382.28,4380.62,4382.28,3.775
2026-09-01 14:23:00,1788272580000,4382.28,4382.86,4381.66,4382.86,1.4035
2026-09-01 14:24:00,1788272640000,4382.7,4382.7,4381.8,4381.81,3.1821
2026-09-01 14:25:00,1788272700000,4381.79,4382.12,4381.13,4382.12,2.5238
2026-09-01 14:26:00,1788272760000,4382.11,4382.11,4378.0,4378.0,25.7681
2026-09-01 14:27:00,1788272820000,4377.68,4377.68,4376.21,4377.06,7.0523
2026-09-01 14:28:00,1788272880000,4378.62,4378.63,4376.72,4376.72,0.456
2026-09-01 14:29:00,1788272940000,4375.84,4376.65,4374.18,4374.18,2.0255
2026-09-01 14:30:00,1788273000000,4373.99,4376.13,4373.99,4375.45,5.4287
2026-09-01 14:31:00,1788273060000,4375.2,4376.51,4375.2,4376.51,2.2566
2026-09-01 14:32:00,1788273120000,4376.41,4376.61,4374.52,4376.18,4.7323
2026-09-01 14:33:00,1788273180000,4376.61,4378.82,4375.58,4377.76,3.6807
2026-09-01 14:34:00,1788273240000,4377.6,4380.32,4377.6,4380.21,4.1545
2026-09-01 14:35:00,1788273300000,4380.24,4381.33,4380.24,4380.39,2.8737
2026-09-01 14:36:00,1788273360000,4379.52,4381.01,4379.38,4380.0,1.496
2026-09-01 14:37:00,1788273420000,4379.37,4380.34,4377.76,4377.77,4.3358
2026-09-01 14:38:00,1788273480000,4377.77,4377.77,4376.28,4376.94,5.321
2026-09-01 14:39:00,1788273540000,4375.4,4375.74,4374.83,4374.96,1.1082
2026-09-01 14:40:00,1788273600000,4374.83,4375.3,4373.63,4375.3,1.2346
2026-09-01 14:41:00,1788273660000,4375.3,4375.31,4373.2,4373.2,5.5881
2026-09-01 14:42:00,1788273720000,4373.19,4375.29,4373.19,4374.42,1.8151
2026-09-01 14:43:00,1788273780000,4374.1,4374.74,4374.1,4374.63,0.9324
2026-09-01 14:44:00,1788273840000,4372.97,4374.0,4372.97,4374.0,2.6521
2026-09-01 14:45:00,1788273900000,4374.61,4375.05,4374.5,4375.05,0.7132
2026-09-01 14:46:00,1788273960000,4375.04,4376.35,4373.43,4376.35,2.1736
2026-09-01 14:47:00,1788274020000,4376.61,4377.93,4376.33,4376.54,1.578
2026-09-01 14:48:00,1788274080000,4376.53,4376.53,4373.19,4373.19,2.0204
2026-09-01 14:49:00,1788274140000,4372.96,4372.96,4368.79,4370.0,1.4903
2026-09-01 14:50:00,1788274200000,4369.73,4371.72,4369.73,4371.72,1.4569
2026-09-01 14:51:00,1788274260000,4372.21,4374.75,4372.21,4372.32,0.7859
2026-09-01 14:52:00,1788274320000,4373.1,4374.41,4370.58,4370.58,5.3571
2026-09-01 14:53:00,1788274380000,4370.58,4372.23,4370.58,4371.54,2.3159
2026-09-01 14:54:00,1788274440000,4370.57,4370.57,4367.47,4368.1,2.4073
2026-09-01 14:55:00,1788274500000,4368.1,4368.1,4367.34,4367.68,2.8998
2026-09-01 14:56:00,1788274560000,4367.22,4367.23,4364.89,4365.13,4.1997
2026-09-01 14:57:00,1788274620000,4366.06,4366.18,4365.63,4365.64,1.6891
2026-09-01 14:58:00,1788274680000,4365.64,4367.52,4365.64,4367.14,6.9017
2026-09-01 14:59:00,1788274740000,4367.14,4367.87,4367.01,4367.87,1.685
2026-09-01 15:00:00,1788274800000,4368.69,4370.01,4367.04,4370.01,4.5767
2026-09-01 15:01:00,1788274860000,4370.01,4370.65,4369.69,4370.44,7.1259
2026-09-01 15:02:00,1788274920000,4369.99,4369.99,4366.34,4366.34,1.4965
2026-09-01 15:03:00,1788274980000,4364.88,4364.88,4364.88,4364.88,0.36
2026-09-01 15:04:00,1788275040000,4364.87,4365.2,4364.7,4365.2,0.8844
2026-09-01 15:05:00,1788275100000,4365.57,4366.95,4364.85,4366.95,1.2833
2026-09-01 15:06:00,1788275160000,4366.7,4366.7,4365.28,4366.05,0.0668
2026-09-01 15:07:00,1788275220000,4365.93,4366.93,4365.72,4365.72,0.2155
2026-09-01 15:08:00,1788275280000,4365.72,4366.16,4365.72,4365.78,0.1027
2026-09-01 15:09:00,1788275340000,4367.1,4367.89,4367.1,4367.89,0.9263
2026-09-01 15:10:00,1788275400000,4368.69,4368.69,4368.69,4368.69,0.0434
2026-09-01 15:11:00,1788275460000,4368.57,4371.11,4368.14,4368.14,15.0253
2026-09-01 15:12:00,1788275520000,4368.14,4368.6,4366.6,4368.6,2.4767
2026-09-01 15:13:00,1788275580000,4367.22,4367.83,4366.76,4367.72,5.1744
2026-09-01 15:14:00,1788275640000,4367.71,4367.71,4365.83,4365.83,0.421
2026-09-01 15:15:00,1788275700000,4365.58,4367.58,4365.58,4366.03,3.6924
2026-09-01 15:16:00,1788275760000,4365.46,4366.33,4365.46,4366.16,0.5599
2026-09-01 15:17:00,1788275820000,4367.15,4367.15,4366.95,4366.95,0.103
2026-09-01 15:18:00,1788275880000,4368.91,4371.24,4368.91,4371.24,0.6076
2026-09-01 15:19:00,1788275940000,4372.1,4372.1,4371.21,4371.22,0.735
2026-09-01 15:20:00,1788276000000,4371.77,4372.75,4371.77,4372.75,3.3996
2026-09-01 15:21:00,1788276060000,4373.54,4373.98,4372.75,4372.75,2.1235
2026-09-01 15:22:00,1788276120000,4373.1,4373.97,4373.1,4373.97,0.0399
2026-09-01 15:23:00,1788276180000,4372.98,4372.98,4372.74,4372.75,1.1081
2026-09-01 15:24:00,1788276240000,4373.09,4373.09,4371.82,4371.82,2.724
2026-09-01 15:25:00,1788276300000,4371.82,4371.82,4368.92,4368.92,6.2262
2026-09-01 15:26:00,1788276360000,4368.92,4368.92,4368.92,4368.92,0.2789
2026-09-01 15:27:00,1788276420000,4369.14,4369.14,4369.14,4369.14,0.2653
2026-09-01 15:28:00,1788276480000,4370.3,4371.85,4370.13,4371.85,0.9796
2026-09-01 15:29:00,1788276540000,4372.58,4374.33,4372.58,4374.33,0.8208
2026-09-01 15:30:00,1788276600000,4374.98,4374.99,4373.64,4373.64,2.5775
2026-09-01 15:31:00,1788276660000,4373.64,4373.64,4371.88,4373.1,1.7827
2026-09-01 15:32:00,1788276720000,4373.28,4373.65,4372.32,4372.32,0.3576
2026-09-01 15:33:00,1788276780000,4373.02,4373.65,4373.01,4373.64,0.1963
2026-09-01 15:34:00,1788276840000,4373.95,4375.74,4372.65,4372.65,49.1549
2026-09-01 15:35:00,1788276900000,4372.65,4373.83,4371.91,4373.3,5.6164
2026-09-01 15:36:00,1788276960000,4373.83,4373.83,4373.2,4373.83,3.8794
2026-09-01 15:37:00,1788277020000,4373.3,4373.3,4372.42,4372.59,0.8617
2026-09-01 15:38:00,1788277080000,4374.75,4375.35,4374.75,4374.76,0.5144
2026-09-01 15:39:00,1788277140000,4374.0,4374.0,4373.22,4373.54,1.3191
2026-09-01 15:40:00,1788277200000,4375.13,4375.13,4374.52,4374.52,0.6335
2026-09-01 15:41:00,1788277260000,4375.49,4376.05,4374.05,4374.05,20.2756
2026-09-01 15:42:00,1788277320000,4374.81,4375.14,4374.52,4374.52,0.1399
2026-09-01 15:43:00,1788277380000,4374.52,4376.0,4374.52,4376.0,0.4264
2026-09-01 15:44:00,1788277440000,4376.27,4378.28,4376.01,4378.28,2.9972
2026-09-01 15:45:00,1788277500000,4378.29,4379.42,4378.29,4379.04,1.0223
2026-09-01 15:46:00,1788277560000,4379.04,4379.04,4377.6,4378.02,1.3552
2026-09-01 15:47:00,1788277620000,4378.03,4378.91,4377.59,4377.59,2.8566
2026-09-01 15:48:00,1788277680000,4377.59,4378.17,4377.16,4378.17,15.6101
2026-09-01 15:49:00,1788277740000,4377.46,4379.47,4377.46,4379.47,0.0616
2026-09-01 15:50:00,1788277800000,4379.27,4379.27,4378.54,4379.11,0.5928
2026-09-01 15:51:00,1788277860000,4378.75,4381.19,4378.75,4380.23,3.3481
2026-09-01 15:52:00,1788277920000,4380.23,4380.42,4379.92,4379.92,2.7935
2026-09-01 15:53:00,1788277980000,4379.93,4379.93,4379.72,4379.91,1.3651
2026-09-01 15:54:00,1788278040000,4380.28,4381.0,4379.92,4381.0,0.7419
2026-09-01 15:55:00,1788278100000,4381.66,4381.66,4381.36,4381.36,2.1435
2026-09-01 15:56:00,1788278160000,4381.82,4381.82,4381.03,4381.03,1.1535
2026-09-01 15:57:00,1788278220000,4380.68,4380.68,4379.9,4379.9,0.0446
2026-09-01 15:58:00,1788278280000,4379.49,4379.99,4379.49,4379.95,2.5831
2026-09-01 15:59:00,1788278340000,4379.99,4381.34,4379.99,4381.18,1.5777
2026-09-01 16:00:00,1788278400000,4381.28,4381.83,4381.0,4381.83,2.009
2026-09-01 16:01:00,1788278460000,4381.19,4381.19,4380.33,4380.33,3.044
2026-09-01 16:02:00,1788278520000,4379.96,4380.69,4379.95,4379.95,0.6163
2026-09-01 16:03:00,1788278580000,4379.96,4379.96,4379.95,4379.96,0.2538
2026-09-01 16:04:00,1788278640000,4379.97,4379.97,4379.79,4379.79,0.1207
2026-09-01 16:05:00,1788278700000,4379.88,4380.37,4379.8,4379.8,1.4713
2026-09-01 16:06:00,1788278760000,4379.36,4379.79,4378.03,4378.03,1.5567
2026-09-01 16:07:00,1788278820000,4376.72,4378.38,4376.72,4377.15,1.2403
2026-09-01 16:08:00,1788278880000,4377.58,4377.68,4376.28,4377.15,4.6835
2026-09-01 16:09:00,1788278940000,4376.74,4376.75,4376.71,4376.71,0.5664
2026-09-01 16:10:00,1788279000000,4375.55,4375.55,4374.5,4375.42,1.5172
2026-09-01 16:11:00,1788279060000,4375.41,4375.41,4374.51,4374.51,0.8124
2026-09-01 16:12:00,1788279120000,4373.12,4373.79,4373.12,4373.34,0.5198
2026-09-01 16:13:00,1788279180000,4373.2,4373.32,4372.61,4373.0,3.7408
2026-09-01 16:14:00,1788279240000,4372.31,4372.31,4370.36,4370.36,0.223
2026-09-01 16:15:00,1788279300000,4370.36,4372.06,4370.0,4371.43,1.2965
2026-09-01 16:16:00,1788279360000,4371.0,4371.26,4370.27,4371.26,0.4038
2026-09-01 16:17:00,1788279420000,4370.9,4370.9,4368.36,4368.36,0.2814
2026-09-01 16:18:00,1788279480000,4368.35,4368.35,4366.59,4366.98,9.2943
2026-09-01 16:19:00,1788279540000,4367.25,4367.25,4365.95,4366.45,4.6752
2026-09-01 16:20:00,1788279600000,4365.8,4365.8,4364.01,4364.41,2.3277
2026-09-01 16:21:00,1788279660000,4364.01,4364.87,4363.67,4364.14,1.0213
2026-09-01 16:22:00,1788279720000,4363.66,4363.66,4363.0,4363.28,0.7004
2026-09-01 16:23:00,1788279780000,4363.28,4364.48,4363.01,4364.19,10.4701
2026-09-01 16:24:00,1788279840000,4363.95,4363.96,4363.01,4363.26,2.8041
2026-09-01 16:25:00,1788279900000,4365.17,4365.17,4364.13,4364.74,0.9856
2026-09-01 16:26:00,1788279960000,4364.74,4365.17,4360.85,4360.85,11.7458
2026-09-01 16:27:00,1788280020000,4361.1,4363.03,4361.1,4361.45,2.5316
2026-09-01 16:28:00,1788280080000,4361.63,4362.09,4361.21,4361.67,1.1609
2026-09-01 16:29:00,1788280140000,4360.89,4362.08,4360.83,4360.84,4.4679
2026-09-01 16:30:00,1788280200000,4360.83,4361.01,4358.01,4358.87,29.3944
2026-09-01 16:31:00,1788280260000,4358.61,4358.61,4356.45,4356.45,8.116
2026-09-01 16:32:00,1788280320000,4356.44,4358.32,4355.91,4358.02,2.5554
2026-09-01 16:33:00,1788280380000,4356.54,4358.97,4356.54,4358.27,1.3949
2026-09-01 16:34:00,1788280440000,4358.27,4358.38,4356.48,4356.88,3.8481
2026-09-01 16:35:00,1788280500000,4357.01,4357.41,4356.37,4357.41,2.3151
2026-09-01 16:36:00,1788280560000,4357.83,4359.31,4355.81,4358.6,27.2932
2026-09-01 16:37:00,1788280620000,4358.61,4360.05,4358.61,4360.05,6.9333
2026-09-01 16:38:00,1788280680000,4360.78,4362.54,4360.78,4361.33,1.131
2026-09-01 16:39:00,1788280740000,4361.33,4363.18,4361.32,4363.18,0.716
2026-09-01 16:40:00,1788280800000,4363.19,4363.19,4363.1,4363.1,0.5683
2026-09-01 16:41:00,1788280860000,4363.1,4365.0,4363.1,4365.0,0.9398
2026-09-01 16:42:00,1788280920000,4365.0,4365.0,4360.87,4360.87,1.3112
2026-09-01 16:43:00,1788280980000,4360.77,4363.27,4360.77,4363.27,0.5336
2026-09-01 16:44:00,1788281040000,4363.27,4363.86,4362.63,4362.63,0.7588
2026-09-01 16:45:00,1788281100000,4363.85,4365.37,4363.55,4365.37,0.9739
2026-09-01 16:46:00,1788281160000,4364.4,4365.26,4364.12,4364.12,1.4477
2026-09-01 16:47:00,1788281220000,4364.39,4366.49,4364.39,4366.49,1.1171
2026-09-01 16:48:00,1788281280000,4364.4,4364.56,4364.04,4364.55,1.0109
2026-09-01 16:49:00,1788281340000,4364.74,4365.09,4364.56,4364.56,1.9877
2026-09-01 16:50:00,1788281400000,4365.08,4365.79,4365.08,4365.77,0.5369
2026-09-01 16:51:00,1788281460000,4366.03,4366.03,4364.56,4365.01,2.9056
2026-09-01 16:52:00,1788281520000,4364.56,4364.56,4363.11,4363.11,0.2154
2026-09-01 16:53:00,1788281580000,4364.11,4364.11,4362.63,4362.64,11.3106
2026-09-01 16:54:00,1788281640000,4362.65,4363.17,4362.65,4363.17,2.0142
2026-09-01 16:55:00,1788281700000,4363.65,4363.65,4363.64,4363.64,0.3615
2026-09-01 16:56:00,1788281760000,4363.17,4363.17,4361.76,4362.14,2.4278
2026-09-01 16:57:00,1788281820000,4362.2,4362.21,4362.2,4362.21,0.391
2026-09-01 16:58:00,1788281880000,4362.21,4362.98,4362.21,4362.98,1.2115
2026-09-01 16:59:00,1788281940000,4362.21,4362.21,4360.5,4360.5,11.2008
2026-09-01 17:00:00,1788282000000,4360.5,4360.5,4359.51,4359.76,10.0233
2026-09-01 17:01:00,1788282060000,4359.75,4359.76,4358.34,4358.64,11.2731
2026-09-01 17:02:00,1788282120000,4358.36,4358.36,4357.33,4357.33,0.846
2026-09-01 17:03:00,1788282180000,4358.14,4358.57,4356.93,4356.93,8.2116
2026-09-01 17:04:00,1788282240000,4356.95,4356.95,4356.63,4356.63,0.9944
2026-09-01 17:05:00,1788282300000,4355.8,4355.81,4355.54,4355.81,0.3938
2026-09-01 17:06:00,1788282360000,4355.8,4355.9,4355.54,4355.9,0.1679
2026-09-01 17:07:00,1788282420000,4355.89,4355.89,4354.97,4354.97,3.7619
2026-09-01 17:08:00,1788282480000,4354.91,4355.5,4354.91,4355.5,0.1093
2026-09-01 17:09:00,1788282540000,4355.5,4356.38,4355.5,4355.95,3.0227
2026-09-01 17:10:00,1788282600000,4355.94,4356.11,4355.49,4355.49,2.1766
2026-09-01 17:11:00,1788282660000,4355.49,4355.5,4354.82,4354.82,0.8761
2026-09-01 17:12:00,1788282720000,4354.82,4355.5,4354.82,4355.5,0.8105
2026-09-01 17:13:00,1788282780000,4356.38,4356.67,4355.6,4355.86,0.8616
2026-09-01 17:14:00,1788282840000,4355.86,4356.81,4355.86,4356.49,0.3865
2026-09-01 17:15:00,1788282900000,4356.48,4357.7,4355.86,4357.31,1.2713
2026-09-01 17:16:00,1788282960000,4356.93,4357.11,4355.15,4355.15,0.4947
2026-09-01 17:17:00,1788283020000,4354.83,4354.83,4354.81,4354.82,0.4128
2026-09-01 17:18:00,1788283080000,4354.82,4355.5,4354.08,4354.25,0.823
2026-09-01 17:19:00,1788283140000,4354.26,4355.94,4354.25,4355.94,1.0052
2026-09-01 17:20:00,1788283200000,4356.8,4357.26,4356.07,4356.8,0.813
2026-09-01 17:21:00,1788283260000,4354.79,4354.8,4354.79,4354.8,0.1903
2026-09-01 17:22:00,1788283320000,4354.8,4355.05,4354.49,4354.92,0.6934
2026-09-01 17:23:00,1788283380000,4354.92,4354.92,4354.92,4354.92,0.0231
2026-09-01 17:24:00,1788283440000,4354.92,4355.5,4354.92,4355.5,0.2699
2026-09-01 17:25:00,1788283500000,4355.93,4357.22,4352.65,4354.01,8.9544
2026-09-01 17:26:00,1788283560000,4354.0,4354.61,4353.4,4353.4,1.1222
2026-09-01 17:27:00,1788283620000,4353.21,4355.06,4353.21,4354.61,0.1996
2026-09-01 17:28:00,1788283680000,4354.27,4354.27,4353.9,4353.9,0.4042
2026-09-01 17:29:00,1788283740000,4355.94,4358.15,4355.94,4358.15,0.5086
2026-09-01 17:30:00,1788283800000,4359.02,4360.33,4358.41,4359.7,0.3081
2026-09-01 17:31:00,1788283860000,4359.56,4360.01,4359.56,4360.01,0.2589
2026-09-01 17:32:00,1788283920000,4360.13,4360.13,4358.34,4358.94,0.2573
2026-09-01 17:33:00,1788283980000,4358.94,4358.94,4357.35,4357.35,0.1678
2026-09-01 17:34:00,1788284040000,4357.31,4357.31,4356.25,4357.19,0.2764
2026-09-01 17:35:00,1788284100000,4356.67,4359.35,4356.67,4358.24,0.4134
2026-09-01 17:36:00,1788284160000,4358.24,4358.24,4357.65,4357.82,0.3485
2026-09-01 17:37:00,1788284220000,4357.82,4357.82,4356.81,4356.82,0.1916
2026-09-01 17:38:00,1788284280000,4356.54,4357.16,4356.54,4356.82,0.3094
2026-09-01 17:39:00,1788284340000,4356.04,4356.14,4354.8,4354.8,0.5653
2026-09-01 17:40:00,1788284400000,4354.59,4355.0,4354.27,4354.27,0.2193
2026-09-01 17:41:00,1788284460000,4353.27,4354.06,4352.29,4353.3,5.3989
2026-09-01 17:42:00,1788284520000,4353.31,4354.19,4352.72,4354.19,2.428
2026-09-01 17:43:00,1788284580000,4353.51,4353.51,4352.57,4352.57,0.777
2026-09-01 17:44:00,1788284640000,4352.73,4353.31,4352.73,4353.31,0.1962
2026-09-01 17:45:00,1788284700000,4353.74,4353.75,4353.74,4353.75,0.015
2026-09-01 17:46:00,1788284760000,4352.29,4352.65,4352.0,4352.0,2.3096
2026-09-01 17:47:00,1788284820000,4351.54,4351.54,4351.0,4351.41,1.7748
2026-09-01 17:48:00,1788284880000,4351.78,4351.78,4351.77,4351.78,0.706
2026-09-01 17:49:00,1788284940000,4351.78,4352.83,4351.78,4352.76,3.1068
2026-09-01 17:50:00,1788285000000,4352.3,4353.28,4352.14,4353.28,0.5914
2026-09-01 17:51:00,1788285060000,4353.28,4353.31,4353.28,4353.31,0.0873
2026-09-01 17:52:00,1788285120000,4353.29,4353.29,4353.29,4353.29,0.0223
2026-09-01 17:53:00,1788285180000,4353.28,4353.28,4352.29,4352.29,0.219
2026-09-01 17:54:00,1788285240000,4351.11,4351.99,4351.11,4351.99,0.459
2026-09-01 17:55:00,1788285300000,4352.29,4352.29,4352.29,4352.29,0.0397
2026-09-01 17:56:00,1788285360000,4351.28,4351.28,4351.28,4351.28,0.4447
2026-09-01 17:57:00,1788285420000,4351.42,4351.88,4351.42,4351.88,0.2972
2026-09-01 17:58:00,1788285480000,4351.57,4352.29,4351.01,4352.29,0.2858
2026-09-01 17:59:00,1788285540000,4352.29,4352.29,4352.29,4352.29,0.0
2026-09-01 18:00:00,1788285600000,4351.27,4352.87,4351.27,4352.22,0.3862
2026-09-01 18:01:00,1788285660000,4352.22,4352.22,4352.22,4352.22,0.0
2026-09-01 18:02:00,1788285720000,4351.54,4351.99,4351.52,4351.99,0.54
2026-09-01 18:03:00,1788285780000,4351.98,4352.0,4351.98,4352.0,0.6837
2026-09-01 18:04:00,1788285840000,4351.0,4351.0,4348.35,4348.35,11.0721
2026-09-01 18:05:00,1788285900000,4348.21,4349.64,4348.21,4348.9,0.6052
2026-09-01 18:06:00,1788285960000,4348.36,4348.91,4348.36,4348.56,0.6008
2026-09-01 18:07:00,1788286020000,4348.56,4349.35,4348.56,4349.35,0.9279
2026-09-01 18:08:00,1788286080000,4349.08,4349.08,4348.57,4348.58,0.4787
2026-09-01 18:09:00,1788286140000,4348.36,4348.36,4347.01,4347.01,0.4521
2026-09-01 18:10:00,1788286200000,4347.0,4347.15,4346.15,4346.15,0.8517
2026-09-01 18:11:00,1788286260000,4346.11,4346.53,4346.11,4346.53,2.2491
2026-09-01 18:12:00,1788286320000,4346.1,4346.27,4345.45,4346.27,1.0743
2026-09-01 18:13:00,1788286380000,4346.09,4346.71,4346.09,4346.71,1.4959
2026-09-01 18:14:00,1788286440000,4346.71,4346.71,4346.21,4346.21,0.5855
2026-09-01 18:15:00,1788286500000,4346.21,4346.79,4346.1,4346.46,1.7725
2026-09-01 18:16:00,1788286560000,4346.46,4347.12,4346.46,4347.12,1.235
2026-09-01 18:17:00,1788286620000,4346.93,4349.79,4346.93,4349.79,1.6037
2026-09-01 18:18:00,1788286680000,4349.79,4350.31,4349.79,4350.31,0.9809
2026-09-01 18:19:00,1788286740000,4350.3,4350.86,4350.02,4350.86,0.5628
2026-09-01 18:20:00,1788286800000,4350.87,4351.53,4350.87,4351.26,2.4105
2026-09-01 18:21:00,1788286860000,4351.26,4351.26,4350.86,4350.87,0.5319
2026-09-01 18:22:00,1788286920000,4350.67,4350.67,4350.01,4350.2,0.4174
2026-09-01 18:23:00,1788286980000,4350.45,4350.88,4350.23,4350.88,0.5101
2026-09-01 18:24:00,1788287040000,4350.87,4351.24,4350.29,4351.24,0.8768
2026-09-01 18:25:00,1788287100000,4351.23,4351.23,4350.31,4350.31,0.3043
2026-09-01 18:26:00,1788287160000,4350.31,4350.31,4349.35,4349.35,0.4607
2026-09-01 18:27:00,1788287220000,4349.34,4349.35,4348.9,4348.9,1.735
2026-09-01 18:28:00,1788287280000,4348.03,4348.03,4346.26,4346.26,1.053
2026-09-01 18:29:00,1788287340000,4346.27,4346.64,4346.27,4346.64,1.3143
2026-09-01 18:30:00,1788287400000,4346.26,4346.26,4344.49,4344.49,5.4164
2026-09-01 18:31:00,1788287460000,4344.37,4344.57,4344.37,4344.57,0.6309
2026-09-01 18:32:00,1788287520000,4344.37,4344.37,4344.03,4344.03,0.181
2026-09-01 18:33:00,1788287580000,4344.03,4344.39,4344.03,4344.39,0.4549
2026-09-01 18:34:00,1788287640000,4344.37,4344.51,4344.03,4344.5,1.0632
2026-09-01 18:35:00,1788287700000,4344.5,4344.5,4344.0,4344.0,1.2002
2026-09-01 18:36:00,1788287760000,4344.0,4344.01,4342.58,4342.58,1.2739
2026-09-01 18:37:00,1788287820000,4342.59,4342.59,4341.0,4341.78,1.533
2026-09-01 18:38:00,1788287880000,4341.78,4341.78,4340.72,4340.72,0.881
2026-09-01 18:39:00,1788287940000,4340.63,4340.63,4340.0,4340.0,5.2367
2026-09-01 18:40:00,1788288000000,4340.0,4340.18,4339.97,4340.17,8.8104
2026-09-01 18:41:00,1788288060000,4340.18,4340.18,4339.84,4339.84,0.4664
2026-09-01 18:42:00,1788288120000,4339.84,4339.85,4339.0,4339.1,0.1002
2026-09-01 18:43:00,1788288180000,4339.0,4339.37,4339.0,4339.37,0.4873
2026-09-01 18:44:00,1788288240000,4339.01,4340.55,4339.01,4339.3,0.3497
2026-09-01 18:45:00,1788288300000,4339.87,4340.11,4339.87,4340.0,1.3781
2026-09-01 18:46:00,1788288360000,4340.0,4340.1,4340.0,4340.1,0.4795
2026-09-01 18:47:00,1788288420000,4340.1,4340.54,4340.0,4340.0,4.1215
2026-09-01 18:48:00,1788288480000,4340.0,4340.0,4339.03,4339.03,4.0239
2026-09-01 18:49:00,1788288540000,4339.03,4340.98,4339.03,4340.98,14.8158
2026-09-01 18:50:00,1788288600000,4341.39,4341.91,4341.28,4341.28,2.1366
2026-09-01 18:51:00,1788288660000,4341.28,4342.31,4341.28,4342.31,0.6943
2026-09-01 18:52:00,1788288720000,4342.32,4343.62,4342.31,4343.62,1.0908
2026-09-01 18:53:00,1788288780000,4344.07,4344.78,4344.07,4344.69,1.4633
2026-09-01 18:54:00,1788288840000,4344.36,4344.36,4341.29,4341.29,0.7309
2026-09-01 18:55:00,1788288900000,4341.28,4341.43,4340.75,4341.43,0.4983
2026-09-01 18:56:00,1788288960000,4341.48,4343.21,4341.48,4343.21,3.0745
2026-09-01 18:57:00,1788289020000,4343.2,4344.07,4342.74,4344.07,4.8905
2026-09-01 18:58:00,1788289080000,4343.62,4343.62,4343.62,4343.62,0.0015
2026-09-01 18:59:00,1788289140000,4343.21,4344.5,4342.78,4343.63,5.7592
2026-09-01 19:00:00,1788289200000,4343.39,4343.39,4342.05,4342.2,5.4664
2026-09-01 19:01:00,1788289260000,4341.75,4342.54,4341.75,4342.18,2.791
2026-09-01 19:02:00,1788289320000,4342.33,4342.51,4340.86,4340.86,7.2615
2026-09-01 19:03:00,1788289380000,4341.03,4342.75,4341.03,4342.75,0.9712
2026-09-01 19:04:00,1788289440000,4343.53,4343.98,4343.53,4343.98,0.1884
2026-09-01 19:05:00,1788289500000,4344.06,4344.73,4343.54,4343.54,3.8724
2026-09-01 19:06:00,1788289560000,4342.92,4342.92,4342.55,4342.92,0.0358
2026-09-01 19:07:00,1788289620000,4342.93,4342.93,4341.26,4341.27,0.1962
2026-09-01 19:08:00,1788289680000,4341.87,4342.31,4341.66,4342.31,0.807
2026-09-01 19:09:00,1788289740000,4343.08,4343.17,4342.8,4343.17,0.1306
2026-09-01 19:10:00,1788289800000,4344.07,4344.07,4344.06,4344.07,0.157
2026-09-01 19:11:00,1788289860000,4344.55,4347.12,4344.55,4347.0,0.8039
2026-09-01 19:12:00,1788289920000,4346.71,4348.03,4346.71,4348.03,0.5873
2026-09-01 19:13:00,1788289980000,4348.46,4348.46,4346.67,4347.57,4.4712
2026-09-01 19:14:00,1788290040000,4346.93,4347.81,4346.93,4347.81,1.36
2026-09-01 19:15:00,1788290100000,4347.8,4347.81,4347.02,4347.26,4.7209
2026-09-01 19:16:00,1788290160000,4347.57,4347.57,4346.96,4347.55,1.2234
2026-09-01 19:17:00,1788290220000,4347.55,4347.55,4346.67,4347.18,5.5008
2026-09-01 19:18:00,1788290280000,4347.18,4347.19,4346.19,4346.19,0.4845
2026-09-01 19:19:00,1788290340000,4346.18,4346.44,4346.18,4346.2,0.6121
2026-09-01 19:20:00,1788290400000,4346.2,4346.26,4344.51,4344.51,6.5167
2026-09-01 19:21:00,1788290460000,4346.04,4346.04,4345.32,4345.32,0.0691
2026-09-01 19:22:00,1788290520000,4344.94,4345.19,4344.94,4345.19,0.154
2026-09-01 19:23:00,1788290580000,4345.36,4345.36,4344.92,4345.12,7.3196
2026-09-01 19:24:00,1788290640000,4344.93,4344.93,4343.61,4343.88,11.7762
2026-09-01 19:25:00,1788290700000,4343.88,4345.11,4343.88,4345.11,0.4501
2026-09-01 19:26:00,1788290760000,4344.99,4346.93,4344.99,4346.93,3.6311
2026-09-01 19:27:00,1788290820000,4346.02,4347.43,4346.02,4346.72,7.4359
2026-09-01 19:28:00,1788290880000,4346.72,4346.72,4346.69,4346.69,0.4156
2026-09-01 19:29:00,1788290940000,4346.68,4346.68,4346.46,4346.46,5.738
2026-09-01 19:30:00,1788291000000,4346.1,4346.1,4344.3,4344.3,1.3454
2026-09-01 19:31:00,1788291060000,4343.93,4343.93,4342.3,4342.3,1.0936
2026-09-01 19:32:00,1788291120000,4342.29,4342.29,4340.57,4341.2,1.4578
2026-09-01 19:33:00,1788291180000,4341.31,4342.0,4341.31,4342.0,2.8625
2026-09-01 19:34:00,1788291240000,4341.85,4341.85,4341.84,4341.84,0.007
2026-09-01 19:35:00,1788291300000,4341.83,4341.83,4341.71,4341.71,0.5139
2026-09-01 19:36:00,1788291360000,4342.0,4342.0,4341.83,4341.83,0.2337
2026-09-01 19:37:00,1788291420000,4341.84,4343.07,4341.83,4341.83,5.8001
2026-09-01 19:38:00,1788291480000,4341.84,4341.84,4341.11,4341.65,0.2151
2026-09-01 19:39:00,1788291540000,4341.83,4341.83,4336.69,4336.69,14.3224
2026-09-01 19:40:00,1788291600000,4336.66,4339.2,4336.01,4339.2,14.3199
2026-09-01 19:41:00,1788291660000,4339.61,4340.0,4338.56,4338.56,0.0187
2026-09-01 19:42:00,1788291720000,4339.21,4339.21,4338.56,4338.56,0.124
2026-09-01 19:43:00,1788291780000,4338.34,4338.34,4336.77,4337.2,6.3993
2026-09-01 19:44:00,1788291840000,4337.2,4338.29,4337.2,4337.94,1.5169
2026-09-01 19:45:00,1788291900000,4337.82,4338.76,4337.82,4337.92,3.2918
2026-09-01 19:46:00,1788291960000,4336.67,4337.11,4335.23,4335.49,6.698
2026-09-01 19:47:00,1788292020000,4335.48,4338.74,4335.48,4338.74,1.3993
2026-09-01 19:48:00,1788292080000,4339.05,4340.48,4339.05,4339.47,0.1949
2026-09-01 19:49:00,1788292140000,4339.29,4339.29,4338.56,4338.56,0.3653
2026-09-01 19:50:00,1788292200000,4339.28,4339.58,4337.9,4339.58,20.0364
2026-09-01 19:51:00,1788292260000,4340.3,4341.34,4340.3,4341.07,1.3267
2026-09-01 19:52:00,1788292320000,4341.06,4341.06,4340.31,4340.31,1.6778
2026-09-01 19:53:00,1788292380000,4338.76,4339.2,4337.91,4338.09,4.9321
2026-09-01 19:54:00,1788292440000,4338.72,4339.4,4338.72,4339.38,0.6716
2026-09-01 19:55:00,1788292500000,4339.38,4340.92,4339.38,4340.91,7.2779
2026-09-01 19:56:00,1788292560000,4340.58,4340.58,4339.01,4339.61,4.8086
2026-09-01 19:57:00,1788292620000,4339.01,4339.01,4338.34,4338.34,2.3715
2026-09-01 19:58:00,1788292680000,4338.34,4338.76,4336.19,4336.19,10.3431
2026-09-01 19:59:00,1788292740000,4336.52,4338.47,4336.52,4338.47,4.5046
2026-09-01 20:00:00,1788292800000,4338.47,4338.74,4335.75,4336.78,19.501
2026-09-01 20:01:00,1788292860000,4336.78,4336.78,4336.01,4336.01,4.4593
2026-09-01 20:02:00,1788292920000,4335.76,4336.97,4335.76,4336.97,5.5401
2026-09-01 20:03:00,1788292980000,4337.88,4340.22,4337.88,4340.22,3.6396
2026-09-01 20:04:00,1788293040000,4340.21,4340.92,4340.21,4340.38,2.6269
2026-09-01 20:05:00,1788293100000,4339.63,4341.9,4339.63,4341.9,5.289
2026-09-01 20:06:00,1788293160000,4342.2,4342.2,4339.59,4340.19,18.7608
2026-09-01 20:07:00,1788293220000,4340.19,4340.49,4339.87,4340.29,3.1897
2026-09-01 20:08:00,1788293280000,4340.3,4340.95,4340.3,4340.95,0.2847
2026-09-01 20:09:00,1788293340000,4341.84,4344.07,4341.24,4341.24,19.0491
2026-09-01 20:10:00,1788293400000,4340.91,4340.91,4340.13,4340.4,5.0673
2026-09-01 20:11:00,1788293460000,4340.4,4340.4,4339.61,4339.61,5.3714
2026-09-01 20:12:00,1788293520000,4339.76,4339.76,4339.74,4339.74,0.4855
2026-09-01 20:13:00,1788293580000,4339.2,4339.2,4338.76,4338.76,0.4796
2026-09-01 20:14:00,1788293640000,4338.76,4338.76,4337.47,4337.47,3.163
2026-09-01 20:15:00,1788293700000,4337.18,4338.2,4337.18,4337.38,2.6108
2026-09-01 20:16:00,1788293760000,4337.17,4339.2,4337.17,4338.9,3.8423
2026-09-01 20:17:00,1788293820000,4338.71,4338.71,4338.7,4338.7,0.1306
2026-09-01 20:18:00,1788293880000,4338.34,4339.4,4338.34,4339.4,0.2495
2026-09-01 20:19:00,1788293940000,4339.4,4340.06,4339.4,4340.06,0.0944
2026-09-01 20:20:00,1788294000000,4340.06,4340.74,4339.74,4339.92,1.1226
2026-09-01 20:21:00,1788294060000,4339.91,4339.91,4339.9,4339.9,1.2934
2026-09-01 20:22:00,1788294120000,4339.91,4340.36,4339.91,4340.36,0.0706
2026-09-01 20:23:00,1788294180000,4340.36,4340.36,4340.36,4340.36,0.4817
2026-09-01 20:24:00,1788294240000,4340.35,4340.54,4339.69,4339.69,4.4873
2026-09-01 20:25:00,1788294300000,4339.69,4340.73,4339.63,4339.63,3.3911
2026-09-01 20:26:00,1788294360000,4339.64,4340.28,4339.64,4340.1,1.8176
2026-09-01 20:27:00,1788294420000,4340.49,4340.72,4340.48,4340.72,1.12
2026-09-01 20:28:00,1788294480000,4340.72,4340.72,4339.0,4339.0,4.4626
2026-09-01 20:29:00,1788294540000,4339.0,4339.0,4336.95,4337.49,7.8748
2026-09-01 20:30:00,1788294600000,4337.51,4338.15,4337.51,4338.06,0.1574
2026-09-01 20:31:00,1788294660000,4338.06,4338.18,4338.06,4338.18,1.0037
2026-09-01 20:32:00,1788294720000,4338.18,4338.18,4338.18,4338.18,0.0301
2026-09-01 20:33:00,1788294780000,4338.19,4338.19,4338.18,4338.18,0.066
2026-09-01 20:34:00,1788294840000,4338.18,4338.19,4337.91,4337.91,0.1154
2026-09-01 20:35:00,1788294900000,4337.9,4338.18,4337.78,4338.18,0.7612
2026-09-01 20:36:00,1788294960000,4338.41,4338.41,4338.41,4338.41,0.009
2026-09-01 20:37:00,1788295020000,4338.33,4338.34,4338.33,4338.34,0.0858
2026-09-01 20:38:00,1788295080000,4337.98,4338.33,4337.91,4338.33,1.0042
2026-09-01 20:39:00,1788295140000,4338.34,4341.0,4338.34,4340.5,9.7322
2026-09-01 20:40:00,1788295200000,4340.31,4340.31,4340.3,4340.31,0.4097
2026-09-01 20:41:00,1788295260000,4340.48,4340.48,4340.06,4340.16,4.0
2026-09-01 20:42:00,1788295320000,4340.08,4342.17,4339.82,4341.33,16.0692
2026-09-01 20:43:00,1788295380000,4341.24,4341.24,4338.9,4338.9,5.5238
2026-09-01 20:44:00,1788295440000,4338.91,4339.31,4338.91,4339.31,0.186
2026-09-01 20:45:00,1788295500000,4339.31,4339.93,4339.31,4339.64,1.1605
2026-09-01 20:46:00,1788295560000,4339.31,4341.03,4339.1,4340.48,7.7769
2026-09-01 20:47:00,1788295620000,4340.65,4341.64,4340.38,4340.38,7.8081
2026-09-01 20:48:00,1788295680000,4340.19,4341.34,4339.63,4340.13,3.8394
2026-09-01 20:49:00,1788295740000,4340.13,4341.11,4340.13,4340.6,6.9156
2026-09-01 20:50:00,1788295800000,4340.49,4341.31,4339.56,4340.87,9.3898
2026-09-01 20:51:00,1788295860000,4340.48,4341.31,4340.29,4340.29,3.0178
2026-09-01 20:52:00,1788295920000,4340.06,4340.38,4339.86,4339.99,5.2432
2026-09-01 20:53:00,1788295980000,4340.18,4340.36,4340.18,4340.35,0.226
2026-09-01 20:54:00,1788296040000,4340.36,4340.86,4340.32,4340.86,1.7858
2026-09-01 20:55:00,1788296100000,4341.14,4341.3,4341.14,4341.3,1.0545
2026-09-01 20:56:00,1788296160000,4341.3,4341.3,4341.3,4341.3,0.0
2026-09-01 20:57:00,1788296220000,4341.3,4341.64,4341.3,4341.64,0.0293
2026-09-01 20:58:00,1788296280000,4341.78,4341.78,4341.77,4341.78,1.1141
2026-09-01 20:59:00,1788296340000,4341.78,4343.25,4341.78,4343.25,20.2998
2026-09-01 21:00:00,1788296400000,4343.3,4345.8,4343.3,4345.64,2.398
2026-09-01 21:01:00,1788296460000,4345.65,4345.65,4345.65,4345.65,0.2158
2026-09-01 21:02:00,1788296520000,4345.65,4346.32,4345.65,4346.32,0.3928
2026-09-01 21:03:00,1788296580000,4346.38,4346.88,4346.38,4346.88,0.6311
2026-09-01 21:04:00,1788296640000,4346.88,4347.49,4346.4,4347.2,14.9628
2026-09-01 21:05:00,1788296700000,4346.79,4346.8,4346.06,4346.06,1.9813
2026-09-01 21:06:00,1788296760000,4346.06,4346.06,4345.37,4345.37,4.4841
2026-09-01 21:07:00,1788296820000,4345.37,4345.37,4344.91,4344.92,2.1312
2026-09-01 21:08:00,1788296880000,4344.92,4345.8,4344.92,4345.8,6.9979
2026-09-01 21:09:00,1788296940000,4345.35,4345.35,4343.44,4343.44,1.9704
2026-09-01 21:10:00,1788297000000,4343.45,4343.45,4342.46,4342.46,0.4398
2026-09-01 21:11:00,1788297060000,4342.45,4344.03,4342.45,4344.03,2.2773
2026-09-01 21:12:00,1788297120000,4345.12,4347.57,4345.12,4347.08,8.4006
2026-09-01 21:13:00,1788297180000,4347.08,4347.08,4347.08,4347.08,0.0
2026-09-01 21:14:00,1788297240000,4347.08,4347.08,4347.07,4347.07,0.0718
2026-09-01 21:15:00,1788297300000,4347.07,4347.07,4347.07,4347.07,0.1636
2026-09-01 21:16:00,1788297360000,4345.84,4345.84,4345.84,4345.84,0.0029
2026-09-01 21:17:00,1788297420000,4345.85,4345.85,4345.85,4345.85,0.9159
2026-09-01 21:18:00,1788297480000,4345.85,4345.85,4345.85,4345.85,0.356
2026-09-01 21:19:00,1788297540000,4345.85,4345.85,4345.85,4345.85,0.0036
2026-09-01 21:20:00,1788297600000,4347.37,4347.79,4346.94,4346.94,9.1831
2026-09-01 21:21:00,1788297660000,4346.94,4346.94,4346.34,4346.34,0.4246
2026-09-01 21:22:00,1788297720000,4346.35,4346.35,4346.34,4346.34,0.9093
2026-09-01 21:23:00,1788297780000,4346.35,4346.35,4346.34,4346.34,0.4025
2026-09-01 21:24:00,1788297840000,4346.45,4347.8,4346.44,4347.8,2.4413
2026-09-01 21:25:00,1788297900000,4348.0,4348.0,4348.0,4348.0,0.0053
2026-09-01 21:26:00,1788297960000,4348.0,4348.0,4348.0,4348.0,0.0
2026-09-01 21:27:00,1788298020000,4348.58,4348.58,4348.58,4348.58,0.0133
2026-09-01 21:28:00,1788298080000,4348.59,4348.59,4348.59,4348.59,0.3043
2026-09-01 21:29:00,1788298140000,4348.59,4348.59,4348.58,4348.58,1.6982
2026-09-01 21:30:00,1788298200000,4348.01,4348.01,4348.0,4348.01,0.1179
2026-09-01 21:31:00,1788298260000,4348.0,4348.01,4348.0,4348.0,0.229
2026-09-01 21:32:00,1788298320000,4348.01,4348.77,4348.0,4348.77,1.4302
2026-09-01 21:33:00,1788298380000,4348.78,4348.78,4348.77,4348.77,0.1401
2026-09-01 21:34:00,1788298440000,4348.77,4348.78,4348.77,4348.77,0.1601
2026-09-01 21:35:00,1788298500000,4348.77,4348.78,4348.77,4348.78,0.4827
2026-09-01 21:36:00,1788298560000,4349.08,4349.09,4348.78,4348.78,0.6554
2026-09-01 21:37:00,1788298620000,4348.78,4348.79,4348.78,4348.78,0.3984
2026-09-01 21:38:00,1788298680000,4348.78,4348.79,4348.78,4348.78,0.9454
2026-09-01 21:39:00,1788298740000,4348.79,4349.22,4348.78,4349.22,0.8268
2026-09-01 21:40:00,1788298800000,4349.22,4351.42,4348.87,4351.42,5.3757
2026-09-01 21:41:00,1788298860000,4351.67,4353.0,4351.67,4353.0,4.7539
2026-09-01 21:42:00,1788298920000,4352.98,4352.98,4352.11,4352.5,5.3029
2026-09-01 21:43:00,1788298980000,4352.5,4353.31,4351.57,4353.31,4.3024
2026-09-01 21:44:00,1788299040000,4352.52,4352.96,4352.25,4352.25,0.9962
2026-09-01 21:45:00,1788299100000,4352.26,4353.04,4352.26,4352.44,0.1702
2026-09-01 21:46:00,1788299160000,4352.6,4352.93,4352.6,4352.93,0.2978
2026-09-01 21:47:00,1788299220000,4352.93,4353.38,4352.93,4353.38,0.8888
2026-09-01 21:48:00,1788299280000,4353.39,4353.57,4353.39,4353.56,1.5864
2026-09-01 21:49:00,1788299340000,4353.57,4353.58,4353.57,4353.57,1.6952
2026-09-01 21:50:00,1788299400000,4353.57,4353.57,4353.57,4353.57,0.2032
2026-09-01 21:51:00,1788299460000,4353.57,4353.57,4353.57,4353.57,0.3262
2026-09-01 21:52:00,1788299520000,4353.58,4353.58,4352.72,4353.15,4.448
2026-09-01 21:53:00,1788299580000,4353.15,4353.15,4352.73,4352.73,0.6108
2026-09-01 21:54:00,1788299640000,4352.73,4352.8,4352.55,4352.57,5.0233
2026-09-01 21:55:00,1788299700000,4352.56,4352.57,4350.8,4350.8,9.82
2026-09-01 21:56:00,1788299760000,4350.8,4350.8,4350.3,4350.62,2.6135
2026-09-01 21:57:00,1788299820000,4350.62,4350.63,4349.23,4349.23,6.6792
2026-09-01 21:58:00,1788299880000,4349.38,4349.38,4347.79,4347.97,5.5983
2026-09-01 21:59:00,1788299940000,4347.97,4349.32,4347.97,4347.98,1.2061
2026-09-01 22:00:00,1788300000000,4347.98,4347.98,4344.36,4346.5,25.5518
2026-09-01 22:01:00,1788300060000,4346.5,4346.5,4343.45,4343.45,6.9877
2026-09-01 22:02:00,1788300120000,4344.22,4344.22,4343.07,4344.0,24.6106
2026-09-01 22:03:00,1788300180000,4344.01,4344.79,4344.01,4344.79,2.2663
2026-09-01 22:04:00,1788300240000,4344.96,4345.31,4343.04,4343.04,0.9436
2026-09-01 22:05:00,1788300300000,4343.04,4343.04,4342.08,4342.15,5.2852
2026-09-01 22:06:00,1788300360000,4342.09,4342.09,4341.55,4341.55,7.9382
2026-09-01 22:07:00,1788300420000,4341.56,4342.07,4341.55,4342.07,2.7896
2026-09-01 22:08:00,1788300480000,4341.57,4342.64,4341.57,4342.64,1.7831
2026-09-01 22:09:00,1788300540000,4342.64,4342.81,4342.63,4342.8,2.1156
2026-09-01 22:10:00,1788300600000,4342.8,4342.8,4341.18,4341.74,4.4727
2026-09-01 22:11:00,1788300660000,4342.0,4342.0,4342.0,4342.0,0.2157
2026-09-01 22:12:00,1788300720000,4342.0,4342.0,4341.22,4341.67,7.7946
2026-09-01 22:13:00,1788300780000,4341.66,4342.0,4341.22,4341.51,7.3145
2026-09-01 22:14:00,1788300840000,4341.51,4341.81,4340.08,4341.81,50.2658
2026-09-01 22:15:00,1788300900000,4341.8,4341.8,4339.71,4340.29,13.6041
2026-09-01 22:16:00,1788300960000,4340.3,4340.3,4340.29,4340.3,1.5185
2026-09-01 22:17:00,1788301020000,4340.48,4340.67,4340.06,4340.06,5.9425
2026-09-01 22:18:00,1788301080000,4340.05,4340.05,4339.63,4339.63,0.9819
2026-09-01 22:19:00,1788301140000,4339.98,4339.98,4339.98,4339.98,0.0149
2026-09-01 22:20:00,1788301200000,4339.98,4340.22,4339.98,4340.22,5.1139
2026-09-01 22:21:00,1788301260000,4340.22,4340.22,4340.22,4340.22,0.0
2026-09-01 22:22:00,1788301320000,4340.49,4340.49,4340.15,4340.16,1.5732
2026-09-01 22:23:00,1788301380000,4340.16,4340.46,4340.16,4340.46,0.0575
2026-09-01 22:24:00,1788301440000,4340.46,4340.46,4340.46,4340.46,0.0
2026-09-01 22:25:00,1788301500000,4340.47,4340.47,4340.15,4340.15,1.148
2026-09-01 22:26:00,1788301560000,4340.15,4340.15,4340.15,4340.15,0.0
2026-09-01 22:27:00,1788301620000,4340.15,4340.15,4340.15,4340.15,0.0
2026-09-01 22:28:00,1788301680000,4340.15,4340.15,4340.15,4340.15,0.0
2026-09-01 22:29:00,1788301740000,4340.15,4340.16,4340.15,4340.16,1.2163
2026-09-01 22:30:00,1788301800000,4340.15,4340.17,4340.15,4340.17,0.8958
2026-09-01 22:31:00,1788301860000,4340.71,4340.71,4340.41,4340.41,0.8026
2026-09-01 22:32:00,1788301920000,4340.19,4340.2,4339.98,4339.98,1.7007
2026-09-01 22:33:00,1788301980000,4339.63,4339.64,4339.63,4339.64,0.3602
2026-09-01 22:34:00,1788302040000,4339.63,4339.64,4339.63,4339.63,0.3186
2026-09-01 22:35:00,1788302100000,4339.63,4339.64,4339.63,4339.64,0.7249
2026-09-01 22:36:00,1788302160000,4341.59,4341.77,4340.92,4340.92,4.0815
2026-09-01 22:37:00,1788302220000,4340.91,4340.91,4340.22,4340.23,0.3284
2026-09-01 22:38:00,1788302280000,4340.22,4340.22,4339.44,4339.63,0.4983
2026-09-01 22:39:00,1788302340000,4339.65,4339.66,4339.65,4339.65,0.2004
2026-09-01 22:40:00,1788302400000,4339.65,4339.65,4339.42,4339.42,0.452
2026-09-01 22:41:00,1788302460000,4339.2,4339.2,4338.75,4338.75,2.2636
2026-09-01 22:42:00,1788302520000,4338.76,4338.76,4338.42,4338.47,1.472
2026-09-01 22:43:00,1788302580000,4338.48,4339.79,4338.47,4339.79,3.4775
2026-09-01 22:44:00,1788302640000,4339.8,4339.8,4339.79,4339.79,1.1375
2026-09-01 22:45:00,1788302700000,4339.79,4339.8,4339.79,4339.79,0.4714
2026-09-01 22:46:00,1788302760000,4339.8,4340.25,4339.8,4339.91,0.3509
2026-09-01 22:47:00,1788302820000,4339.91,4339.91,4339.8,4339.8,0.2148
2026-09-01 22:48:00,1788302880000,4339.8,4339.81,4339.8,4339.8,0.2035
2026-09-01 22:49:00,1788302940000,4339.8,4341.29,4339.8,4340.77,2.7444
2026-09-01 22:50:00,1788303000000,4340.48,4340.48,4339.31,4340.01,6.6893
2026-09-01 22:51:00,1788303060000,4340.92,4341.31,4340.92,4341.31,1.2508
2026-09-01 22:52:00,1788303120000,4342.58,4342.58,4342.37,4342.37,1.2379
2026-09-01 22:53:00,1788303180000,4342.11,4342.11,4341.77,4341.78,1.6155
2026-09-01 22:54:00,1788303240000,4341.77,4341.77,4341.48,4341.48,1.0634
2026-09-01 22:55:00,1788303300000,4341.49,4342.35,4341.48,4341.49,1.5398
2026-09-01 22:56:00,1788303360000,4341.49,4341.49,4341.49,4341.49,0.0233
2026-09-01 22:57:00,1788303420000,4341.49,4341.49,4341.49,4341.49,0.0485
2026-09-01 22:58:00,1788303480000,4342.01,4342.01,4341.48,4341.49,1.4838
2026-09-01 22:59:00,1788303540000,4341.49,4341.49,4341.48,4341.48,0.7333
2026-09-01 23:00:00,1788303600000,4341.44,4341.44,4339.62,4339.62,4.938
2026-09-01 23:01:00,1788303660000,4339.62,4339.85,4339.56,4339.56,7.4193
2026-09-01 23:02:00,1788303720000,4339.32,4339.56,4339.32,4339.56,0.6817
2026-09-01 23:03:00,1788303780000,4339.57,4339.62,4339.57,4339.62,21.2234
2026-09-01 23:04:00,1788303840000,4340.55,4341.22,4340.55,4341.22,0.0674
2026-09-01 23:05:00,1788303900000,4341.34,4341.34,4341.34,4341.34,0.0308
2026-09-01 23:06:00,1788303960000,4341.48,4341.48,4341.48,4341.48,0.0015
2026-09-01 23:07:00,1788304020000,4341.48,4341.48,4340.48,4340.48,0.5939
2026-09-01 23:08:00,1788304080000,4341.49,4341.59,4341.49,4341.59,0.2513
2026-09-01 23:09:00,1788304140000,4342.02,4342.03,4342.02,4342.02,0.8597
2026-09-01 23:10:00,1788304200000,4342.05,4342.9,4342.05,4342.89,0.0538
2026-09-01 23:11:00,1788304260000,4343.49,4343.49,4343.29,4343.3,1.0016
2026-09-01 23:12:00,1788304320000,4343.3,4343.3,4343.25,4343.25,0.9377
2026-09-01 23:13:00,1788304380000,4344.23,4344.23,4344.23,4344.23,0.0026
2026-09-01 23:14:00,1788304440000,4344.22,4344.22,4343.06,4343.06,1.8218
2026-09-01 23:15:00,1788304500000,4342.44,4342.44,4342.44,4342.44,0.2371
2026-09-01 23:16:00,1788304560000,4343.2,4343.42,4343.2,4343.42,0.2738
2026-09-01 23:17:00,1788304620000,4343.42,4343.42,4343.02,4343.03,0.6234
2026-09-01 23:18:00,1788304680000,4343.02,4343.28,4342.94,4343.27,2.3371
2026-09-01 23:19:00,1788304740000,4343.27,4343.27,4341.78,4341.78,1.2651
2026-09-01 23:20:00,1788304800000,4342.28,4343.01,4342.28,4342.78,0.7021
2026-09-01 23:21:00,1788304860000,4341.63,4341.63,4340.48,4340.48,1.1623
2026-09-01 23:22:00,1788304920000,4340.05,4340.05,4339.31,4339.33,0.1938
2026-09-01 23:23:00,1788304980000,4339.33,4339.33,4339.33,4339.33,0.4526
2026-09-01 23:24:00,1788305040000,4339.33,4339.39,4339.33,4339.39,0.1404
2026-09-01 23:25:00,1788305100000,4339.39,4339.39,4337.62,4337.92,3.2523
2026-09-01 23:26:00,1788305160000,4341.34,4341.34,4341.32,4341.32,1.129
2026-09-01 23:27:00,1788305220000,4341.02,4341.02,4341.02,4341.02,0.7814
2026-09-01 23:28:00,1788305280000,4341.02,4341.02,4341.02,4341.02,0.0
2026-09-01 23:29:00,1788305340000,4341.07,4341.22,4341.07,4341.22,0.0045
2026-09-01 23:30:00,1788305400000,4342.33,4343.0,4342.33,4343.0,0.2344
2026-09-01 23:31:00,1788305460000,4343.72,4343.97,4343.72,4343.97,0.219
2026-09-01 23:32:00,1788305520000,4343.96,4343.96,4343.17,4343.17,0.8422
2026-09-01 23:33:00,1788305580000,4343.49,4343.49,4343.49,4343.49,0.2285
2026-09-01 23:34:00,1788305640000,4343.49,4343.85,4343.49,4343.85,0.8573
2026-09-01 23:35:00,1788305700000,4344.77,4344.77,4343.35,4343.36,1.2995
2026-09-01 23:36:00,1788305760000,4343.93,4345.25,4343.92,4345.25,3.4778
2026-09-01 23:37:00,1788305820000,4345.25,4345.66,4345.25,4345.66,0.1876
2026-09-01 23:38:00,1788305880000,4346.03,4349.18,4346.03,4346.37,31.0539
2026-09-01 23:39:00,1788305940000,4346.38,4347.25,4346.38,4346.95,1.8778
2026-09-01 23:40:00,1788306000000,4346.83,4347.26,4346.83,4346.99,0.6969
2026-09-01 23:41:00,1788306060000,4347.37,4347.54,4347.0,4347.0,6.56
2026-09-01 23:42:00,1788306120000,4347.0,4347.03,4346.08,4346.79,3.6116
2026-09-01 23:43:00,1788306180000,4346.78,4346.79,4346.08,4346.36,6.4747
2026-09-01 23:44:00,1788306240000,4346.07,4346.07,4345.6,4345.62,2.7095
2026-09-01 23:45:00,1788306300000,4345.85,4345.85,4344.35,4344.53,4.1403
2026-09-01 23:46:00,1788306360000,4345.15,4345.15,4344.08,4344.09,1.5986
2026-09-01 23:47:00,1788306420000,4344.79,4344.79,4343.49,4343.49,2.7768
2026-09-01 23:48:00,1788306480000,4343.5,4345.08,4343.5,4344.22,10.387
2026-09-01 23:49:00,1788306540000,4345.06,4345.06,4343.71,4344.02,5.4541
2026-09-01 23:50:00,1788306600000,4344.22,4344.79,4344.21,4344.21,3.1043
2026-09-01 23:51:00,1788306660000,4343.06,4343.06,4342.75,4342.76,1.0606
2026-09-01 23:52:00,1788306720000,4342.76,4344.3,4342.76,4343.29,27.494
2026-09-01 23:53:00,1788306780000,4343.43,4344.36,4343.42,4343.42,13.2437
2026-09-01 23:54:00,1788306840000,4343.25,4343.25,4342.0,4342.0,8.5921
2026-09-01 23:55:00,1788306900000,4342.0,4342.0,4340.01,4340.01,2.7574
2026-09-01 23:56:00,1788306960000,4340.02,4340.83,4340.02,4340.83,0.0105
2026-09-01 23:57:00,1788307020000,4341.22,4341.22,4341.22,4341.22,0.1932
2026-09-01 23:58:00,1788307080000,4341.22,4342.02,4340.93,4341.63,4.9092
2026-09-01 23:59:00,1788307140000,4342.08,4342.08,4335.53,4337.89,11.9107
2026-09-02 00:00:00,1788307200000,4337.48,4339.19,4336.19,4338.37,5.4489
2026-09-02 00:01:00,1788307260000,4338.33,4338.33,4335.0,4336.97,17.3315
2026-09-02 00:02:00,1788307320000,4338.44,4338.44,4330.89,4334.04,25.9082
2026-09-02 00:03:00,1788307380000,4334.72,4341.38,4334.72,4341.28,82.3519
2026-09-02 00:04:00,1788307440000,4341.13,4343.28,4341.12,4343.28,2.7271
2026-09-02 00:05:00,1788307500000,4342.72,4343.01,4339.19,4339.19,4.449
2026-09-02 00:06:00,1788307560000,4338.33,4338.33,4332.36,4333.12,12.3273
2026-09-02 00:07:00,1788307620000,4333.81,4336.26,4333.81,4336.26,1.2495
2026-09-02 00:08:00,1788307680000,4335.35,4339.19,4335.35,4337.05,6.3609
2026-09-02 00:09:00,1788307740000,4337.05,4340.7,4337.05,4337.9,8.0657
2026-09-02 00:10:00,1788307800000,4337.04,4337.04,4335.33,4336.62,1.4505
2026-09-02 00:11:00,1788307860000,4336.18,4336.18,4334.54,4335.62,6.869
2026-09-02 00:12:00,1788307920000,4333.18,4334.44,4332.49,4334.44,10.3402
2026-09-02 00:13:00,1788307980000,4334.94,4337.84,4334.94,4337.84,2.2209
2026-09-02 00:14:00,1788308040000,4337.84,4340.92,4337.84,4340.71,1.4044
2026-09-02 00:15:00,1788308100000,4341.51,4343.28,4340.92,4342.54,1.9031
2026-09-02 00:16:00,1788308160000,4342.21,4342.62,4341.14,4341.14,0.6406
2026-09-02 00:17:00,1788308220000,4342.94,4346.51,4342.94,4346.51,2.3548
2026-09-02 00:18:00,1788308280000,4346.08,4346.51,4343.99,4344.34,4.5757
2026-09-02 00:19:00,1788308340000,4343.98,4343.98,4340.63,4340.63,1.712
2026-09-02 00:20:00,1788308400000,4340.73,4341.34,4338.39,4338.39,1.4353
2026-09-02 00:21:00,1788308460000,4338.39,4339.62,4338.33,4339.19,0.2885
2026-09-02 00:22:00,1788308520000,4338.33,4347.07,4337.48,4343.53,12.4229
2026-09-02 00:23:00,1788308580000,4345.27,4345.27,4343.49,4343.49,2.6874
2026-09-02 00:24:00,1788308640000,4343.05,4345.84,4343.05,4344.47,2.2052
2026-09-02 00:25:00,1788308700000,4342.82,4343.84,4341.78,4342.48,2.9245
2026-09-02 00:26:00,1788308760000,4341.87,4341.87,4340.91,4340.91,0.1605
2026-09-02 00:27:00,1788308820000,4338.34,4340.0,4337.65,4337.65,4.9878
2026-09-02 00:28:00,1788308880000,4336.91,4339.4,4336.85,4338.34,0.4762
2026-09-02 00:29:00,1788308940000,4339.06,4339.06,4337.74,4338.77,0.1651
2026-09-02 00:30:00,1788309000000,4338.22,4338.22,4337.37,4337.37,0.4405
2026-09-02 00:31:00,1788309060000,4336.97,4336.97,4335.0,4336.81,1.3258
2026-09-02 00:32:00,1788309120000,4337.06,4337.06,4337.06,4337.06,0.0047
2026-09-02 00:33:00,1788309180000,4337.0,4337.0,4334.89,4334.89,0.3451
2026-09-02 00:34:00,1788309240000,4335.1,4337.83,4335.1,4337.04,0.5917
2026-09-02 00:35:00,1788309300000,4336.8,4340.06,4336.8,4340.06,0.3476
2026-09-02 00:36:00,1788309360000,4340.76,4340.77,4338.89,4338.89,0.2271
2026-09-02 00:37:00,1788309420000,4339.99,4342.6,4339.99,4342.6,0.3539
2026-09-02 00:38:00,1788309480000,4341.77,4341.77,4338.0,4341.55,2.4015
2026-09-02 00:39:00,1788309540000,4341.53,4341.53,4339.63,4341.06,5.3687
2026-09-02 00:40:00,1788309600000,4339.19,4339.61,4338.85,4338.85,0.4961
2026-09-02 00:41:00,1788309660000,4338.34,4339.19,4338.05,4338.05,2.0126
2026-09-02 00:42:00,1788309720000,4339.01,4340.06,4339.01,4340.06,0.0635
2026-09-02 00:43:00,1788309780000,4340.57,4340.57,4340.57,4340.57,0.0345
2026-09-02 00:44:00,1788309840000,4341.78,4345.38,4341.78,4343.93,2.7362
2026-09-02 00:45:00,1788309900000,4342.76,4344.89,4342.76,4344.89,0.817
2026-09-02 00:46:00,1788309960000,4344.22,4344.4,4343.27,4343.65,0.4657
2026-09-02 00:47:00,1788310020000,4341.79,4342.16,4340.92,4340.92,1.5233
2026-09-02 00:48:00,1788310080000,4339.62,4339.62,4338.76,4338.76,0.4045
2026-09-02 00:49:00,1788310140000,4337.97,4338.47,4337.97,4338.46,1.3232
2026-09-02 00:50:00,1788310200000,4338.09,4338.09,4336.18,4336.18,3.1397
2026-09-02 00:51:00,1788310260000,4336.62,4336.83,4336.49,4336.49,0.1679
2026-09-02 00:52:00,1788310320000,4336.96,4336.96,4336.0,4336.0,3.3286
2026-09-02 00:53:00,1788310380000,4335.76,4336.18,4334.59,4334.59,0.7642
2026-09-02 00:54:00,1788310440000,4334.59,4334.59,4330.0,4330.01,3.7982
2026-09-02 00:55:00,1788310500000,4330.02,4331.89,4330.01,4330.38,2.7179
2026-09-02 00:56:00,1788310560000,4331.28,4332.32,4330.12,4331.88,5.604
2026-09-02 00:57:00,1788310620000,4331.77,4332.48,4331.45,4332.48,0.1142
2026-09-02 00:58:00,1788310680000,4333.91,4333.91,4333.17,4333.44,0.3483
2026-09-02 00:59:00,1788310740000,4332.74,4332.74,4330.01,4330.17,0.8319
2026-09-02 01:00:00,1788310800000,4330.0,4335.84,4328.27,4332.33,39.0638
2026-09-02 01:01:00,1788310860000,4331.69,4331.88,4328.64,4329.97,12.7501
2026-09-02 01:02:00,1788310920000,4328.87,4330.16,4320.81,4326.72,103.7792
2026-09-02 01:03:00,1788310980000,4326.87,4331.88,4324.58,4331.88,5.9304
2026-09-02 01:04:00,1788311040000,4329.73,4331.88,4327.63,4329.04,2.4812
2026-09-02 01:05:00,1788311100000,4325.0,4325.0,4318.2,4319.46,35.9373
2026-09-02 01:06:00,1788311160000,4318.6,4324.03,4318.6,4323.71,18.5426
2026-09-02 01:07:00,1788311220000,4324.08,4325.86,4323.5,4325.54,7.0663
2026-09-02 01:08:00,1788311280000,4324.14,4324.36,4321.14,4324.36,1.2356
2026-09-02 01:09:00,1788311340000,4322.84,4325.23,4322.01,4322.55,4.7566
2026-09-02 01:10:00,1788311400000,4322.01,4328.21,4322.01,4328.21,8.8524
2026-09-02 01:11:00,1788311460000,4329.21,4329.99,4327.83,4328.09,4.7341
2026-09-02 01:12:00,1788311520000,4329.13,4332.18,4329.13,4331.76,2.2601
2026-09-02 01:13:00,1788311580000,4332.54,4333.92,4328.88,4329.59,14.2821
2026-09-02 01:14:00,1788311640000,4331.38,4331.86,4329.65,4329.65,1.3823
2026-09-02 01:15:00,1788311700000,4330.19,4337.87,4329.01,4337.49,16.8261
2026-09-02 01:16:00,1788311760000,4337.87,4338.88,4337.5,4337.9,2.7382
2026-09-02 01:17:00,1788311820000,4337.64,4338.59,4337.04,4337.04,1.7398
2026-09-02 01:18:00,1788311880000,4335.76,4338.26,4334.08,4334.16,1.7593
2026-09-02 01:19:00,1788311940000,4334.03,4334.03,4330.92,4332.7,9.3518
2026-09-02 01:20:00,1788312000000,4334.76,4334.76,4333.93,4333.93,1.1219
2026-09-02 01:21:00,1788312060000,4334.38,4335.74,4334.38,4335.0,0.4461
2026-09-02 01:22:00,1788312120000,4334.75,4334.75,4332.74,4333.17,2.5879
2026-09-02 01:23:00,1788312180000,4332.74,4332.74,4331.45,4332.74,3.2641
2026-09-02 01:24:00,1788312240000,4333.92,4334.9,4330.6,4332.94,3.8081
2026-09-02 01:25:00,1788312300000,4333.17,4333.17,4331.74,4331.74,0.8686
2026-09-02 01:26:00,1788312360000,4332.03,4334.79,4332.03,4332.38,0.9225
2026-09-02 01:27:00,1788312420000,4332.16,4332.16,4329.0,4329.0,1.041
2026-09-02 01:28:00,1788312480000,4328.55,4328.56,4327.59,4327.59,0.7277
2026-09-02 01:29:00,1788312540000,4328.46,4330.27,4328.46,4330.27,0.2288
2026-09-02 01:30:00,1788312600000,4329.61,4330.67,4328.44,4328.44,2.0904
2026-09-02 01:31:00,1788312660000,4329.48,4329.48,4328.87,4329.3,0.7544
2026-09-02 01:32:00,1788312720000,4327.16,4328.01,4325.24,4325.67,1.0736
2026-09-02 01:33:00,1788312780000,4325.43,4325.43,4322.77,4322.77,0.3674
2026-09-02 01:34:00,1788312840000,4322.33,4322.33,4318.3,4321.57,3.2153
2026-09-02 01:35:00,1788312900000,4321.96,4321.96,4320.71,4321.11,0.92
2026-09-02 01:36:00,1788312960000,4320.73,4321.96,4320.31,4320.97,1.2248
2026-09-02 01:37:00,1788313020000,4320.38,4320.75,4318.22,4318.98,2.1229
2026-09-02 01:38:00,1788313080000,4318.97,4318.97,4317.64,4317.9,1.1143
2026-09-02 01:39:00,1788313140000,4317.56,4321.14,4317.56,4320.27,0.5462
2026-09-02 01:40:00,1788313200000,4318.99,4321.13,4318.98,4320.28,1.6037
2026-09-02 01:41:00,1788313260000,4320.7,4320.7,4320.13,4320.18,5.5509
2026-09-02 01:42:00,1788313320000,4320.0,4321.58,4312.71,4319.77,210.6207
2026-09-02 01:43:00,1788313380000,4319.53,4321.09,4319.17,4320.29,3.8465
2026-09-02 01:44:00,1788313440000,4320.26,4320.26,4317.33,4319.61,4.1357
2026-09-02 01:45:00,1788313500000,4319.6,4319.6,4313.15,4319.05,103.0841
2026-09-02 01:46:00,1788313560000,4318.39,4318.39,4317.02,4318.0,5.3849
2026-09-02 01:47:00,1788313620000,4317.22,4317.22,4314.52,4314.74,4.9619
2026-09-02 01:48:00,1788313680000,4316.02,4317.1,4315.98,4316.38,4.3826
2026-09-02 01:49:00,1788313740000,4316.97,4318.48,4314.4,4316.67,54.9004
2026-09-02 01:50:00,1788313800000,4316.24,4316.24,4314.85,4315.14,2.2529
2026-09-02 01:51:00,1788313860000,4315.15,4315.15,4309.42,4309.42,39.046
2026-09-02 01:52:00,1788313920000,4309.36,4309.52,4302.42,4309.51,54.9571
2026-09-02 01:53:00,1788313980000,4309.51,4309.51,4305.93,4307.86,9.9643
2026-09-02 01:54:00,1788314040000,4307.97,4309.44,4302.35,4308.27,214.2412
2026-09-02 01:55:00,1788314100000,4308.02,4310.39,4308.02,4309.85,8.3098
2026-09-02 01:56:00,1788314160000,4309.16,4309.16,4304.87,4304.87,7.8381
2026-09-02 01:57:00,1788314220000,4304.87,4305.94,4304.11,4304.11,1.7668
2026-09-02 01:58:00,1788314280000,4304.11,4304.11,4300.0,4300.31,58.327
2026-09-02 01:59:00,1788314340000,4300.32,4302.42,4300.32,4301.99,4.7377
2026-09-02 02:00:00,1788314400000,4301.99,4302.58,4300.0,4300.23,12.6723
2026-09-02 02:01:00,1788314460000,4300.63,4303.85,4300.63,4303.85,4.7933
2026-09-02 02:02:00,1788314520000,4303.86,4305.45,4303.86,4305.45,4.736
2026-09-02 02:03:00,1788314580000,4306.44,4307.13,4305.59,4306.31,4.0176
2026-09-02 02:04:00,1788314640000,4306.3,4307.81,4306.3,4306.32,5.1812
2026-09-02 02:05:00,1788314700000,4306.38,4307.34,4306.16,4306.16,0.5224
2026-09-02 02:06:00,1788314760000,4306.16,4311.04,4306.16,4311.04,9.4246
2026-09-02 02:07:00,1788314820000,4311.04,4320.06,4311.03,4313.18,317.0666
2026-09-02 02:08:00,1788314880000,4313.64,4313.64,4310.8,4311.46,21.8146
2026-09-02 02:09:00,1788314940000,4311.24,4311.24,4304.44,4305.27,9.7668
2026-09-02 02:10:00,1788315000000,4305.27,4305.48,4303.21,4303.21,9.0647
2026-09-02 02:11:00,1788315060000,4303.19,4306.14,4302.0,4304.01,14.8522
2026-09-02 02:12:00,1788315120000,4304.0,4305.2,4303.58,4305.11,1.4279
2026-09-02 02:13:00,1788315180000,4305.3,4307.01,4305.3,4307.01,1.239
2026-09-02 02:14:00,1788315240000,4307.01,4309.04,4307.01,4308.94,1.501
2026-09-02 02:15:00,1788315300000,4308.72,4309.77,4308.72,4309.77,0.3469
2026-09-02 02:16:00,1788315360000,4310.31,4312.46,4310.0,4312.46,2.4069
2026-09-02 02:17:00,1788315420000,4311.9,4313.02,4311.33,4312.34,5.1711
2026-09-02 02:18:00,1788315480000,4311.74,4313.02,4311.32,4313.02,1.6725
2026-09-02 02:19:00,1788315540000,4313.02,4313.02,4312.61,4312.61,0.488
2026-09-02 02:20:00,1788315600000,4312.61,4323.0,4312.6,4317.93,233.9515
2026-09-02 02:21:00,1788315660000,4317.94,4319.54,4315.39,4316.25,31.6131
2026-09-02 02:22:00,1788315720000,4316.25,4316.25,4313.3,4314.58,8.9841
2026-09-02 02:23:00,1788315780000,4314.78,4316.7,4314.54,4314.8,6.7581
2026-09-02 02:24:00,1788315840000,4316.03,4316.03,4316.03,4316.03,0.002
2026-09-02 02:25:00,1788315900000,4315.64,4316.7,4315.64,4316.47,12.8671
2026-09-02 02:26:00,1788315960000,4316.03,4316.03,4313.03,4314.45,40.4568
2026-09-02 02:27:00,1788316020000,4314.94,4316.7,4314.94,4316.31,0.0239
2026-09-02 02:28:00,1788316080000,4316.31,4317.85,4315.42,4315.61,7.8276
2026-09-02 02:29:00,1788316140000,4315.61,4315.9,4315.61,4315.9,3.7242
2026-09-02 02:30:00,1788316200000,4317.54,4317.54,4313.03,4313.89,5.182
2026-09-02 02:31:00,1788316260000,4313.6,4315.83,4313.6,4315.82,0.2048
2026-09-02 02:32:00,1788316320000,4318.71,4318.84,4316.91,4317.83,12.6926
2026-09-02 02:33:00,1788316380000,4318.42,4319.27,4318.42,4318.98,0.5462
2026-09-02 02:34:00,1788316440000,4319.71,4321.85,4318.11,4320.77,22.5098
2026-09-02 02:35:00,1788316500000,4321.64,4321.64,4319.21,4320.85,2.6358
2026-09-02 02:36:00,1788316560000,4321.69,4322.62,4321.24,4321.24,1.2893
2026-09-02 02:37:00,1788316620000,4321.56,4325.37,4321.56,4325.37,1.125
2026-09-02 02:38:00,1788316680000,4325.38,4326.78,4325.38,4325.5,5.4543
2026-09-02 02:39:00,1788316740000,4325.89,4325.89,4325.24,4325.25,0.0255
2026-09-02 02:40:00,1788316800000,4325.49,4326.75,4324.33,4326.57,6.2014
2026-09-02 02:41:00,1788316860000,4326.43,4326.43,4325.24,4325.24,1.1598
2026-09-02 02:42:00,1788316920000,4325.39,4325.66,4325.39,4325.66,0.0111
2026-09-02 02:43:00,1788316980000,4325.66,4325.71,4323.74,4325.71,5.0366
2026-09-02 02:44:00,1788317040000,4325.08,4325.08,4322.94,4322.94,4.1355
2026-09-02 02:45:00,1788317100000,4322.83,4322.83,4322.83,4322.83,0.0013
2026-09-02 02:46:00,1788317160000,4323.99,4324.45,4323.99,4324.06,0.54
2026-09-02 02:47:00,1788317220000,4324.0,4324.01,4323.5,4323.5,1.1629
2026-09-02 02:48:00,1788317280000,4323.49,4324.05,4323.11,4324.05,2.1639
2026-09-02 02:49:00,1788317340000,4323.5,4323.82,4323.5,4323.82,0.6078
2026-09-02 02:50:00,1788317400000,4323.74,4323.77,4322.06,4322.06,1.1998
2026-09-02 02:51:00,1788317460000,4321.53,4321.53,4320.12,4320.12,0.0272
2026-09-02 02:52:00,1788317520000,4321.11,4321.42,4320.82,4321.11,0.0621
2026-09-02 02:53:00,1788317580000,4321.28,4321.28,4320.34,4320.34,0.9314
2026-09-02 02:54:00,1788317640000,4320.34,4320.34,4318.65,4319.45,4.0652
2026-09-02 02:55:00,1788317700000,4319.43,4319.43,4317.34,4317.34,0.066
2026-09-02 02:56:00,1788317760000,4317.94,4317.94,4317.23,4317.24,0.027
2026-09-02 02:57:00,1788317820000,4317.23,4317.23,4315.68,4315.69,0.3811
2026-09-02 02:58:00,1788317880000,4315.67,4315.67,4314.5,4314.66,5.3613
2026-09-02 02:59:00,1788317940000,4314.66,4316.25,4314.66,4316.25,0.5446
2026-09-02 03:00:00,1788318000000,4315.83,4315.83,4315.52,4315.52,0.0576
2026-09-02 03:01:00,1788318060000,4315.52,4317.57,4315.52,4317.57,1.4296
2026-09-02 03:02:00,1788318120000,4316.93,4316.93,4314.49,4314.49,0.8404
2026-09-02 03:03:00,1788318180000,4313.78,4314.76,4313.47,4313.67,3.8206
2026-09-02 03:04:00,1788318240000,4313.96,4315.46,4313.96,4314.49,1.0743
2026-09-02 03:05:00,1788318300000,4314.01,4314.01,4313.01,4313.01,0.2618
2026-09-02 03:06:00,1788318360000,4313.0,4313.54,4312.32,4312.33,3.433
2026-09-02 03:07:00,1788318420000,4312.33,4312.81,4311.62,4312.81,1.1223
2026-09-02 03:08:00,1788318480000,4312.82,4314.38,4312.82,4313.9,2.0145
2026-09-02 03:09:00,1788318540000,4312.61,4312.61,4311.62,4312.61,1.3256
2026-09-02 03:10:00,1788318600000,4312.67,4314.85,4312.67,4314.54,0.0079
2026-09-02 03:11:00,1788318660000,4314.55,4314.55,4313.25,4314.53,1.6639
2026-09-02 03:12:00,1788318720000,4313.28,4313.28,4311.75,4312.62,0.798
2026-09-02 03:13:00,1788318780000,4312.62,4312.63,4312.62,4312.63,0.3463
2026-09-02 03:14:00,1788318840000,4314.11,4314.96,4313.95,4313.95,0.1745
2026-09-02 03:15:00,1788318900000,4313.94,4315.14,4313.6,4313.9,0.9373
2026-09-02 03:16:00,1788318960000,4313.04,4313.04,4312.62,4312.62,0.7231
2026-09-02 03:17:00,1788319020000,4311.59,4311.95,4310.45,4311.36,10.9578
2026-09-02 03:18:00,1788319080000,4311.29,4312.29,4311.29,4311.56,0.8478
2026-09-02 03:19:00,1788319140000,4311.3,4312.61,4310.31,4310.56,2.9292
2026-09-02 03:20:00,1788319200000,4310.31,4310.31,4308.7,4308.71,1.3957
2026-09-02 03:21:00,1788319260000,4308.7,4308.7,4306.74,4308.41,9.8926
2026-09-02 03:22:00,1788319320000,4308.4,4309.17,4307.66,4307.66,3.5015
2026-09-02 03:23:00,1788319380000,4307.98,4308.01,4306.1,4306.1,4.6196
2026-09-02 03:24:00,1788319440000,4305.92,4307.52,4304.14,4307.52,6.7709
2026-09-02 03:25:00,1788319500000,4307.54,4310.75,4307.54,4310.75,0.5573
2026-09-02 03:26:00,1788319560000,4310.87,4312.33,4310.87,4312.33,0.7795
2026-09-02 03:27:00,1788319620000,4311.38,4312.38,4311.37,4311.98,10.9515
2026-09-02 03:28:00,1788319680000,4310.04,4310.04,4308.0,4308.0,10.8404
2026-09-02 03:29:00,1788319740000,4307.64,4307.93,4307.45,4307.92,1.4868
2026-09-02 03:30:00,1788319800000,4306.76,4306.76,4305.0,4305.0,6.3344
2026-09-02 03:31:00,1788319860000,4305.0,4305.63,4304.28,4305.63,1.0397
2026-09-02 03:32:00,1788319920000,4305.62,4305.62,4305.0,4305.0,1.4593
2026-09-02 03:33:00,1788319980000,4304.64,4304.64,4296.48,4302.15,313.1879
2026-09-02 03:34:00,1788320040000,4302.02,4302.02,4287.44,4296.81,248.3358
2026-09-02 03:35:00,1788320100000,4296.8,4296.8,4286.97,4295.24,224.6285
2026-09-02 03:36:00,1788320160000,4294.91,4296.33,4294.33,4295.55,16.3785
2026-09-02 03:37:00,1788320220000,4295.55,4296.76,4295.5,4296.76,11.9062
2026-09-02 03:38:00,1788320280000,4297.37,4301.2,4297.37,4301.2,3.9306
2026-09-02 03:39:00,1788320340000,4301.63,4303.32,4301.26,4303.32,1.9734
2026-09-02 03:40:00,1788320400000,4303.26,4303.26,4300.86,4301.14,4.2583
2026-09-02 03:41:00,1788320460000,4300.61,4301.63,4298.2,4298.27,3.9248
2026-09-02 03:42:00,1788320520000,4298.2,4298.63,4297.03,4297.03,6.8687
2026-09-02 03:43:00,1788320580000,4297.03,4297.64,4296.94,4296.97,1.8431
2026-09-02 03:44:00,1788320640000,4297.19,4298.41,4297.19,4298.41,0.3014
2026-09-02 03:45:00,1788320700000,4298.56,4303.36,4298.56,4302.4,32.4439
2026-09-02 03:46:00,1788320760000,4302.71,4304.38,4302.71,4304.38,2.0929
2026-09-02 03:47:00,1788320820000,4304.75,4306.65,4304.75,4306.65,4.7759
2026-09-02 03:48:00,1788320880000,4306.8,4308.57,4306.8,4308.57,1.5181
2026-09-02 03:49:00,1788320940000,4308.57,4309.26,4308.56,4309.26,1.1569
2026-09-02 03:50:00,1788321000000,4309.27,4309.27,4308.71,4308.71,0.4026
2026-09-02 03:51:00,1788321060000,4308.71,4308.71,4306.94,4307.62,1.678
2026-09-02 03:52:00,1788321120000,4307.95,4310.0,4307.66,4310.0,1.9725
2026-09-02 03:53:00,1788321180000,4310.01,4310.01,4308.52,4309.17,1.771
2026-09-02 03:54:00,1788321240000,4309.17,4310.83,4309.17,4310.83,1.3873
2026-09-02 03:55:00,1788321300000,4310.97,4311.58,4310.97,4311.22,0.4129
2026-09-02 03:56:00,1788321360000,4311.57,4313.97,4311.57,4312.58,10.5518
2026-09-02 03:57:00,1788321420000,4313.22,4319.43,4312.39,4314.58,217.7156
2026-09-02 03:58:00,1788321480000,4314.31,4323.22,4314.31,4315.07,212.5243
2026-09-02 03:59:00,1788321540000,4315.19,4315.8,4314.91,4315.29,18.401
2026-09-02 04:00:00,1788321600000,4315.29,4316.54,4315.04,4315.98,16.6664
2026-09-02 04:01:00,1788321660000,4315.97,4315.97,4315.02,4315.02,1.9541
2026-09-02 04:02:00,1788321720000,4314.81,4314.81,4314.81,4314.81,0.0689
2026-09-02 04:03:00,1788321780000,4314.81,4317.32,4314.81,4317.31,1.8645
2026-09-02 04:04:00,1788321840000,4316.41,4316.41,4314.82,4314.82,3.6894
2026-09-02 04:05:00,1788321900000,4315.59,4316.57,4315.59,4316.57,1.396
2026-09-02 04:06:00,1788321960000,4316.78,4316.78,4316.39,4316.39,1.3879
2026-09-02 04:07:00,1788322020000,4315.97,4316.4,4315.97,4315.98,0.869
2026-09-02 04:08:00,1788322080000,4315.98,4317.54,4315.98,4317.54,1.0956
2026-09-02 04:09:00,1788322140000,4317.55,4317.55,4316.44,4316.45,0.5221
2026-09-02 04:10:00,1788322200000,4316.45,4317.11,4316.45,4317.1,2.512
2026-09-02 04:11:00,1788322260000,4317.1,4317.73,4317.1,4317.73,1.2191
2026-09-02 04:12:00,1788322320000,4317.73,4317.73,4317.11,4317.11,0.7599
2026-09-02 04:13:00,1788322380000,4317.1,4317.1,4315.72,4315.72,0.1322
2026-09-02 04:14:00,1788322440000,4316.24,4316.24,4316.23,4316.23,0.6045
2026-09-02 04:15:00,1788322500000,4316.23,4316.96,4316.23,4316.96,1.0656
2026-09-02 04:16:00,1788322560000,4316.95,4317.57,4316.62,4317.57,3.467
2026-09-02 04:17:00,1788322620000,4316.26,4316.84,4315.83,4315.83,1.9553
2026-09-02 04:18:00,1788322680000,4316.15,4316.58,4315.4,4315.83,0.6447
2026-09-02 04:19:00,1788322740000,4315.4,4315.4,4315.4,4315.4,0.0025
2026-09-02 04:20:00,1788322800000,4315.0,4315.02,4313.68,4315.02,2.6164
2026-09-02 04:21:00,1788322860000,4315.02,4315.02,4315.02,4315.02,0.0
2026-09-02 04:22:00,1788322920000,4314.69,4317.16,4314.69,4316.42,5.7747
2026-09-02 04:23:00,1788322980000,4315.84,4315.84,4315.83,4315.83,0.0757
2026-09-02 04:24:00,1788323040000,4314.97,4315.19,4314.97,4315.19,0.8013
2026-09-02 04:25:00,1788323100000,4315.98,4316.58,4314.65,4314.87,2.4605
2026-09-02 04:26:00,1788323160000,4315.14,4315.15,4315.14,4315.15,0.3794
2026-09-02 04:27:00,1788323220000,4315.15,4315.15,4314.48,4314.5,1.2929
2026-09-02 04:28:00,1788323280000,4314.48,4314.5,4313.7,4314.5,1.2785
2026-09-02 04:29:00,1788323340000,4314.06,4314.06,4313.82,4313.93,2.507
2026-09-02 04:30:00,1788323400000,4314.37,4315.54,4314.37,4315.03,2.802
2026-09-02 04:31:00,1788323460000,4314.69,4314.69,4314.54,4314.54,0.0256
2026-09-02 04:32:00,1788323520000,4314.54,4317.78,4314.54,4317.78,2.7062
2026-09-02 04:33:00,1788323580000,4318.51,4318.51,4317.43,4317.43,0.4967
2026-09-02 04:34:00,1788323640000,4316.55,4316.55,4316.54,4316.54,0.1869
2026-09-02 04:35:00,1788323700000,4316.54,4316.54,4316.54,4316.54,0.0
2026-09-02 04:36:00,1788323760000,4316.54,4316.54,4315.64,4315.64,1.7258
2026-09-02 04:37:00,1788323820000,4315.46,4317.13,4315.46,4317.12,1.3502
2026-09-02 04:38:00,1788323880000,4317.13,4317.13,4316.59,4316.59,1.8061
2026-09-02 04:39:00,1788323940000,4316.59,4316.6,4315.02,4315.02,0.3753
2026-09-02 04:40:00,1788324000000,4315.02,4315.67,4315.02,4315.67,0.3835
2026-09-02 04:41:00,1788324060000,4315.09,4315.09,4315.09,4315.09,0.0024
2026-09-02 04:42:00,1788324120000,4315.09,4315.52,4315.09,4315.52,0.9229
2026-09-02 04:43:00,1788324180000,4315.02,4315.55,4314.69,4315.55,0.9284
2026-09-02 04:44:00,1788324240000,4315.83,4315.83,4315.53,4315.53,0.4522
2026-09-02 04:45:00,1788324300000,4315.53,4316.34,4315.53,4316.34,0.471
2026-09-02 04:46:00,1788324360000,4315.82,4315.83,4315.52,4315.83,2.9711
2026-09-02 04:47:00,1788324420000,4316.17,4316.17,4314.9,4314.91,2.2626
2026-09-02 04:48:00,1788324480000,4315.39,4317.24,4315.0,4317.24,0.8907
2026-09-02 04:49:00,1788324540000,4316.91,4316.91,4316.69,4316.69,0.4499
2026-09-02 04:50:00,1788324600000,4316.69,4317.53,4316.69,4316.87,1.2258
2026-09-02 04:51:00,1788324660000,4316.87,4316.87,4316.26,4316.68,6.7935
2026-09-02 04:52:00,1788324720000,4316.84,4316.84,4316.8,4316.81,2.8535
2026-09-02 04:53:00,1788324780000,4316.8,4317.0,4316.8,4317.0,0.9993
2026-09-02 04:54:00,1788324840000,4317.54,4317.54,4317.53,4317.53,1.3893
2026-09-02 04:55:00,1788324900000,4317.53,4317.73,4317.3,4317.55,9.4623
2026-09-02 04:56:00,1788324960000,4317.56,4317.56,4317.07,4317.56,4.4881
2026-09-02 04:57:00,1788325020000,4317.12,4317.12,4317.12,4317.12,0.0115
2026-09-02 04:58:00,1788325080000,4317.12,4317.43,4317.12,4317.43,0.2688
2026-09-02 04:59:00,1788325140000,4317.55,4317.55,4317.55,4317.55,0.1512
2026-09-02 05:00:00,1788325200000,4317.55,4318.06,4317.26,4318.06,0.9631
2026-09-02 05:01:00,1788325260000,4318.33,4318.33,4316.8,4316.8,69.0759
2026-09-02 05:02:00,1788325320000,4316.81,4316.82,4316.81,4316.82,0.6238
2026-09-02 05:03:00,1788325380000,4317.12,4317.12,4317.12,4317.12,0.029
2026-09-02 05:04:00,1788325440000,4317.12,4318.07,4317.12,4317.37,1.4601
2026-09-02 05:05:00,1788325500000,4316.8,4316.8,4316.16,4316.19,26.7597
2026-09-02 05:06:00,1788325560000,4316.8,4316.8,4316.3,4316.3,0.0103
2026-09-02 05:07:00,1788325620000,4316.15,4316.15,4316.15,4316.15,0.0027
2026-09-02 05:08:00,1788325680000,4316.16,4316.16,4316.15,4316.15,0.1807
2026-09-02 05:09:00,1788325740000,4316.15,4316.15,4316.15,4316.15,0.0
2026-09-02 05:10:00,1788325800000,4316.15,4317.03,4316.15,4316.82,1.6023
2026-09-02 05:11:00,1788325860000,4316.31,4316.7,4316.31,4316.7,0.1231
2026-09-02 05:12:00,1788325920000,4316.54,4319.2,4316.54,4319.2,5.0637
2026-09-02 05:13:00,1788325980000,4319.33,4319.33,4319.33,4319.33,0.0018
2026-09-02 05:14:00,1788326040000,4320.0,4321.0,4320.0,4321.0,1.2381
2026-09-02 05:15:00,1788326100000,4322.0,4323.04,4321.73,4322.15,0.6413
2026-09-02 05:16:00,1788326160000,4322.15,4329.19,4322.14,4323.7,106.6229
2026-09-02 05:17:00,1788326220000,4323.27,4324.53,4323.27,4324.53,5.2373
2026-09-02 05:18:00,1788326280000,4324.8,4325.41,4324.8,4324.99,1.778
2026-09-02 05:19:00,1788326340000,4324.55,4324.55,4322.83,4322.83,1.4679
2026-09-02 05:20:00,1788326400000,4322.84,4323.05,4322.04,4322.04,7.402
2026-09-02 05:21:00,1788326460000,4322.83,4322.83,4320.56,4320.56,0.5274
2026-09-02 05:22:00,1788326520000,4319.86,4320.65,4319.86,4319.93,1.2572
2026-09-02 05:23:00,1788326580000,4319.92,4319.92,4319.92,4319.92,0.1527
2026-09-02 05:24:00,1788326640000,4321.11,4321.11,4320.19,4320.19,0.168
2026-09-02 05:25:00,1788326700000,4321.69,4322.83,4321.69,4322.83,0.3842
2026-09-02 05:26:00,1788326760000,4322.9,4323.7,4322.9,4323.4,2.2887
2026-09-02 05:27:00,1788326820000,4323.4,4324.12,4323.4,4324.12,0.0048
2026-09-02 05:28:00,1788326880000,4324.13,4326.14,4323.49,4326.14,0.69
2026-09-02 05:29:00,1788326940000,4326.14,4326.14,4326.14,4326.14,0.0
2026-09-02 05:30:00,1788327000000,4326.0,4332.0,4326.0,4332.0,17.236
2026-09-02 05:31:00,1788327060000,4332.54,4335.0,4332.54,4333.02,3.9941
2026-09-02 05:32:00,1788327120000,4332.16,4333.67,4331.52,4332.73,0.6177
2026-09-02 05:33:00,1788327180000,4333.94,4335.14,4333.62,4334.46,6.6678
2026-09-02 05:34:00,1788327240000,4334.47,4335.71,4333.87,4335.48,7.2422
2026-09-02 05:35:00,1788327300000,4335.48,4335.48,4334.13,4334.88,1.8902
2026-09-02 05:36:00,1788327360000,4333.87,4333.87,4332.72,4332.72,0.3816
2026-09-02 05:37:00,1788327420000,4332.73,4333.05,4332.59,4333.05,0.6769
2026-09-02 05:38:00,1788327480000,4330.99,4330.99,4330.87,4330.87,0.0248
2026-09-02 05:39:00,1788327540000,4331.69,4331.73,4330.44,4330.44,0.4213
2026-09-02 05:40:00,1788327600000,4330.0,4330.0,4329.16,4329.16,0.0287
2026-09-02 05:41:00,1788327660000,4329.21,4332.3,4329.21,4332.3,0.9274
2026-09-02 05:42:00,1788327720000,4334.01,4334.01,4333.05,4333.05,2.5491
2026-09-02 05:43:00,1788327780000,4332.43,4332.43,4332.43,4332.43,0.004
2026-09-02 05:44:00,1788327840000,4332.44,4334.44,4332.44,4334.44,0.4849
2026-09-02 05:45:00,1788327900000,4334.85,4335.0,4334.64,4335.0,1.6526
2026-09-02 05:46:00,1788327960000,4335.53,4335.53,4334.45,4335.14,1.8329
2026-09-02 05:47:00,1788328020000,4335.14,4335.31,4335.14,4335.31,1.622
2026-09-02 05:48:00,1788328080000,4335.31,4336.07,4335.31,4336.07,2.146
2026-09-02 05:49:00,1788328140000,4336.07,4337.08,4336.07,4337.08,0.5228
2026-09-02 05:50:00,1788328200000,4337.09,4337.92,4334.44,4334.45,3.7407
2026-09-02 05:51:00,1788328260000,4334.44,4334.44,4333.77,4334.38,2.129
2026-09-02 05:52:00,1788328320000,4334.07,4334.22,4333.45,4333.51,6.7827
2026-09-02 05:53:00,1788328380000,4333.31,4333.31,4332.49,4332.69,6.0962
2026-09-02 05:54:00,1788328440000,4332.44,4332.44,4330.93,4331.74,3.8195
2026-09-02 05:55:00,1788328500000,4331.74,4331.74,4331.74,4331.74,0.0
2026-09-02 05:56:00,1788328560000,4331.74,4331.74,4331.74,4331.74,0.0
2026-09-02 05:57:00,1788328620000,4333.09,4333.32,4332.58,4332.58,1.0128
2026-09-02 05:58:00,1788328680000,4332.58,4332.58,4332.58,4332.58,0.1562
2026-09-02 05:59:00,1788328740000,4332.76,4332.76,4331.1,4331.1,1.0024
2026-09-02 06:00:00,1788328800000,4332.29,4332.73,4331.2,4331.31,3.5693
2026-09-02 06:01:00,1788328860000,4332.3,4332.3,4331.92,4332.3,1.178
2026-09-02 06:02:00,1788328920000,4333.16,4333.58,4332.51,4333.57,1.2174
2026-09-02 06:03:00,1788328980000,4333.03,4333.03,4330.88,4330.88,1.5433
2026-09-02 06:04:00,1788329040000,4330.25,4330.87,4329.59,4329.59,5.1067
2026-09-02 06:05:00,1788329100000,4329.6,4329.6,4329.6,4329.6,0.3
2026-09-02 06:06:00,1788329160000,4330.41,4330.41,4329.97,4329.98,0.0939
2026-09-02 06:07:00,1788329220000,4330.92,4330.92,4329.97,4330.43,4.3143
2026-09-02 06:08:00,1788329280000,4330.45,4332.12,4329.83,4332.12,1.6941
2026-09-02 06:09:00,1788329340000,4332.29,4334.85,4332.29,4334.85,6.9327
2026-09-02 06:10:00,1788329400000,4335.29,4335.3,4333.46,4333.46,0.1403
2026-09-02 06:11:00,1788329460000,4333.04,4333.04,4332.22,4332.51,0.8704
2026-09-02 06:12:00,1788329520000,4333.02,4338.84,4333.02,4336.31,111.8189
2026-09-02 06:13:00,1788329580000,4336.31,4339.75,4336.31,4339.13,9.0695
2026-09-02 06:14:00,1788329640000,4339.48,4339.8,4337.83,4337.83,4.3569
2026-09-02 06:15:00,1788329700000,4337.83,4339.76,4337.32,4337.32,3.4401
2026-09-02 06:16:00,1788329760000,4336.51,4336.51,4334.68,4334.69,8.9949
2026-09-02 06:17:00,1788329820000,4335.12,4335.46,4333.47,4333.47,4.2583
2026-09-02 06:18:00,1788329880000,4335.16,4338.03,4334.75,4337.66,7.8964
2026-09-02 06:19:00,1788329940000,4338.02,4338.02,4337.04,4337.04,2.4613
2026-09-02 06:20:00,1788330000000,4334.44,4335.36,4334.44,4335.15,0.6864
2026-09-02 06:21:00,1788330060000,4335.02,4335.02,4334.43,4334.61,6.9787
2026-09-02 06:22:00,1788330120000,4335.36,4335.36,4332.7,4334.78,2.6506
2026-09-02 06:23:00,1788330180000,4335.0,4335.0,4335.0,4335.0,0.0025
2026-09-02 06:24:00,1788330240000,4336.31,4337.0,4336.31,4337.0,0.195
2026-09-02 06:25:00,1788330300000,4337.61,4337.61,4336.9,4336.9,0.0069
2026-09-02 06:26:00,1788330360000,4338.25,4338.88,4337.57,4338.16,2.4297
2026-09-02 06:27:00,1788330420000,4337.23,4337.23,4337.23,4337.23,0.011
2026-09-02 06:28:00,1788330480000,4336.75,4336.75,4335.92,4335.92,1.6161
2026-09-02 06:29:00,1788330540000,4335.98,4335.98,4334.37,4334.37,1.0392
2026-09-02 06:30:00,1788330600000,4334.37,4335.36,4334.37,4334.57,1.687
2026-09-02 06:31:00,1788330660000,4334.18,4334.18,4334.18,4334.18,0.2
2026-09-02 06:32:00,1788330720000,4332.87,4333.12,4331.91,4331.91,1.8701
2026-09-02 06:33:00,1788330780000,4332.62,4332.62,4330.3,4330.78,3.1696
2026-09-02 06:34:00,1788330840000,4330.61,4331.58,4330.34,4331.58,0.0839
2026-09-02 06:35:00,1788330900000,4331.44,4331.44,4330.6,4330.61,0.2509
2026-09-02 06:36:00,1788330960000,4331.2,4331.29,4330.1,4330.1,1.9117
2026-09-02 06:37:00,1788331020000,4330.0,4330.64,4328.72,4328.72,2.0692
2026-09-02 06:38:00,1788331080000,4329.43,4330.73,4329.43,4330.73,0.0958
2026-09-02 06:39:00,1788331140000,4332.12,4335.34,4332.12,4335.34,3.068
2026-09-02 06:40:00,1788331200000,4335.74,4336.65,4334.64,4336.6,6.7524
2026-09-02 06:41:00,1788331260000,4336.74,4337.41,4336.31,4336.65,2.2312
2026-09-02 06:42:00,1788331320000,4337.4,4337.4,4336.49,4336.49,1.0033
2026-09-02 06:43:00,1788331380000,4336.5,4337.02,4336.5,4336.64,1.057
2026-09-02 06:44:00,1788331440000,4337.17,4337.17,4335.34,4335.34,1.3572
2026-09-02 06:45:00,1788331500000,4335.34,4335.34,4335.34,4335.34,0.0
2026-09-02 06:46:00,1788331560000,4335.85,4335.85,4332.8,4332.8,2.9812
2026-09-02 06:47:00,1788331620000,4332.79,4332.79,4331.74,4331.78,0.8889
2026-09-02 06:48:00,1788331680000,4331.01,4331.8,4330.44,4330.45,4.7628
2026-09-02 06:49:00,1788331740000,4330.63,4330.63,4330.0,4330.0,0.276
2026-09-02 06:50:00,1788331800000,4328.61,4328.61,4327.86,4327.86,0.1733
2026-09-02 06:51:00,1788331860000,4327.65,4327.65,4326.36,4326.36,1.251
2026-09-02 06:52:00,1788331920000,4327.39,4328.57,4327.39,4328.35,0.145
2026-09-02 06:53:00,1788331980000,4327.98,4327.98,4327.37,4327.37,0.3519
2026-09-02 06:54:00,1788332040000,4327.36,4327.37,4326.67,4327.28,1.91
2026-09-02 06:55:00,1788332100000,4327.28,4327.28,4327.28,4327.28,0.0
2026-09-02 06:56:00,1788332160000,4328.37,4331.02,4328.37,4331.02,0.0198
2026-09-02 06:57:00,1788332220000,4332.85,4332.85,4331.32,4331.32,0.1133
2026-09-02 06:58:00,1788332280000,4331.4,4331.4,4330.3,4330.3,0.0953
2026-09-02 06:59:00,1788332340000,4330.82,4332.19,4330.6,4332.19,2.5613
2026-09-02 07:00:00,1788332400000,4330.88,4333.63,4330.88,4333.63,0.3157
2026-09-02 07:01:00,1788332460000,4333.38,4333.6,4332.94,4333.4,1.1726
2026-09-02 07:02:00,1788332520000,4334.17,4334.94,4333.65,4333.65,0.5168
2026-09-02 07:03:00,1788332580000,4333.65,4333.65,4332.2,4332.86,0.3375
2026-09-02 07:04:00,1788332640000,4333.66,4333.66,4332.97,4332.97,0.4257
2026-09-02 07:05:00,1788332700000,4333.3,4333.44,4331.0,4331.91,1.4555
2026-09-02 07:06:00,1788332760000,4331.31,4331.31,4331.31,4331.31,0.5219
2026-09-02 07:07:00,1788332820000,4334.57,4338.03,4334.57,4337.84,0.7455
2026-09-02 07:08:00,1788332880000,4336.47,4337.82,4336.47,4337.69,0.916
2026-09-02 07:09:00,1788332940000,4337.61,4338.15,4337.61,4337.61,0.4004
2026-09-02 07:10:00,1788333000000,4338.16,4341.57,4338.16,4341.22,0.6529
2026-09-02 07:11:00,1788333060000,4340.83,4341.2,4340.79,4340.79,0.1852
2026-09-02 07:12:00,1788333120000,4341.48,4343.73,4341.2,4341.91,5.453
2026-09-02 07:13:00,1788333180000,4342.76,4342.76,4341.19,4341.4,2.1296
2026-09-02 07:14:00,1788333240000,4341.38,4341.38,4339.56,4339.56,0.0226
2026-09-02 07:15:00,1788333300000,4338.51,4339.76,4338.12,4339.76,1.3417
2026-09-02 07:16:00,1788333360000,4340.18,4340.18,4339.31,4339.76,3.0706
2026-09-02 07:17:00,1788333420000,4339.04,4340.0,4338.68,4339.93,4.0181
2026-09-02 07:18:00,1788333480000,4340.42,4340.42,4339.04,4339.21,0.223
2026-09-02 07:19:00,1788333540000,4340.19,4340.85,4340.19,4340.62,0.3876
2026-09-02 07:20:00,1788333600000,4339.96,4339.96,4337.95,4337.96,3.6565
2026-09-02 07:21:00,1788333660000,4338.43,4338.44,4336.91,4338.44,0.6565
2026-09-02 07:22:00,1788333720000,4337.77,4339.76,4337.64,4339.76,8.23
2026-09-02 07:23:00,1788333780000,4339.23,4340.29,4338.19,4340.29,12.4394
2026-09-02 07:24:00,1788333840000,4340.29,4341.47,4340.28,4341.03,4.3814
2026-09-02 07:25:00,1788333900000,4339.9,4339.9,4337.19,4337.32,2.3738
2026-09-02 07:26:00,1788333960000,4338.89,4339.32,4338.49,4339.32,3.5806
2026-09-02 07:27:00,1788334020000,4339.32,4340.61,4337.55,4337.69,4.7702
2026-09-02 07:28:00,1788334080000,4338.68,4339.32,4338.16,4338.16,2.1908
2026-09-02 07:29:00,1788334140000,4337.98,4339.76,4337.98,4338.97,7.6375
2026-09-02 07:30:00,1788334200000,4337.76,4338.38,4337.33,4338.17,1.5787
2026-09-02 07:31:00,1788334260000,4339.33,4340.46,4339.33,4339.48,0.2331
2026-09-02 07:32:00,1788334320000,4341.47,4342.07,4340.63,4341.55,4.5328
2026-09-02 07:33:00,1788334380000,4340.75,4346.19,4340.62,4341.4,91.5292
2026-09-02 07:34:00,1788334440000,4341.44,4341.44,4339.62,4339.62,29.5252
2026-09-02 07:35:00,1788334500000,4339.63,4340.5,4338.47,4340.04,19.7216
2026-09-02 07:36:00,1788334560000,4340.5,4340.51,4340.49,4340.5,0.5174
2026-09-02 07:37:00,1788334620000,4341.01,4341.44,4341.01,4341.44,0.0429
2026-09-02 07:38:00,1788334680000,4342.3,4342.93,4341.53,4341.53,1.3702
2026-09-02 07:39:00,1788334740000,4340.84,4340.84,4339.66,4339.66,1.0664
2026-09-02 07:40:00,1788334800000,4339.65,4339.67,4339.0,4339.57,2.5651
2026-09-02 07:41:00,1788334860000,4339.72,4339.72,4339.72,4339.72,0.461
2026-09-02 07:42:00,1788334920000,4339.12,4339.12,4337.82,4337.82,0.5608
2026-09-02 07:43:00,1788334980000,4338.01,4338.43,4337.33,4337.33,0.6956
2026-09-02 07:44:00,1788335040000,4336.04,4336.04,4335.98,4336.04,1.8889
2026-09-02 07:45:00,1788335100000,4336.04,4337.03,4336.04,4337.03,0.6395
2026-09-02 07:46:00,1788335160000,4337.02,4337.32,4336.58,4336.58,0.5926
2026-09-02 07:47:00,1788335220000,4336.58,4336.58,4336.35,4336.35,0.213
2026-09-02 07:48:00,1788335280000,4337.47,4337.48,4337.15,4337.15,0.5712
2026-09-02 07:49:00,1788335340000,4336.56,4336.56,4336.18,4336.18,0.7264
2026-09-02 07:50:00,1788335400000,4335.59,4335.59,4333.48,4333.48,1.1786
2026-09-02 07:51:00,1788335460000,4334.39,4335.43,4334.39,4335.43,1.1429
2026-09-02 07:52:00,1788335520000,4334.91,4335.01,4334.8,4334.8,1.0797
2026-09-02 07:53:00,1788335580000,4334.48,4335.55,4334.48,4335.34,2.4628
2026-09-02 07:54:00,1788335640000,4335.33,4335.86,4335.33,4335.53,1.0116
2026-09-02 07:55:00,1788335700000,4335.18,4335.18,4334.74,4334.98,0.1647
2026-09-02 07:56:00,1788335760000,4335.86,4335.86,4335.86,4335.86,0.0795
2026-09-02 07:57:00,1788335820000,4335.42,4335.42,4334.99,4334.99,0.0127
2026-09-02 07:58:00,1788335880000,4334.98,4335.85,4334.98,4335.85,0.0452
2026-09-02 07:59:00,1788335940000,4335.86,4335.86,4335.86,4335.86,0.5709
2026-09-02 08:00:00,1788336000000,4335.85,4335.85,4334.91,4335.85,0.6584
2026-09-02 08:01:00,1788336060000,4335.86,4337.14,4335.86,4337.14,2.8109
2026-09-02 08:02:00,1788336120000,4337.14,4337.73,4335.84,4336.44,6.3464
2026-09-02 08:03:00,1788336180000,4335.28,4337.48,4335.28,4337.24,3.481
2026-09-02 08:04:00,1788336240000,4338.0,4339.27,4338.0,4339.1,2.0284
2026-09-02 08:05:00,1788336300000,4339.1,4339.1,4336.25,4336.25,14.2534
2026-09-02 08:06:00,1788336360000,4336.23,4337.57,4335.08,4335.86,4.3822
2026-09-02 08:07:00,1788336420000,4336.63,4338.1,4336.46,4338.1,3.6824
2026-09-02 08:08:00,1788336480000,4338.1,4341.43,4338.1,4340.95,5.3181
2026-09-02 08:09:00,1788336540000,4341.21,4342.3,4340.75,4342.1,12.6398
2026-09-02 08:10:00,1788336600000,4342.9,4343.5,4342.32,4343.29,6.4535
2026-09-02 08:11:00,1788336660000,4343.28,4343.28,4339.26,4339.26,9.4615
2026-09-02 08:12:00,1788336720000,4339.47,4339.47,4339.1,4339.28,3.0
2026-09-02 08:13:00,1788336780000,4339.7,4339.7,4337.86,4338.28,4.6362
2026-09-02 08:14:00,1788336840000,4339.09,4339.09,4336.59,4337.19,6.0737
2026-09-02 08:15:00,1788336900000,4337.78,4339.72,4337.78,4338.63,4.2133
2026-09-02 08:16:00,1788336960000,4338.19,4339.29,4336.72,4338.01,3.4625
2026-09-02 08:17:00,1788337020000,4338.4,4338.4,4337.09,4337.09,3.2841
2026-09-02 08:18:00,1788337080000,4338.43,4338.97,4338.19,4338.97,1.0019
2026-09-02 08:19:00,1788337140000,4338.96,4338.96,4338.18,4338.18,0.7199
2026-09-02 08:20:00,1788337200000,4337.94,4337.94,4337.94,4337.94,0.4843
2026-09-02 08:21:00,1788337260000,4337.58,4337.58,4336.47,4336.47,0.8899
2026-09-02 08:22:00,1788337320000,4337.91,4337.91,4335.81,4337.32,1.4392
2026-09-02 08:23:00,1788337380000,4338.55,4338.55,4338.55,4338.55,0.22
2026-09-02 08:24:00,1788337440000,4337.55,4338.24,4337.55,4337.98,2.921
2026-09-02 08:25:00,1788337500000,4337.91,4337.91,4337.27,4337.27,1.8888
2026-09-02 08:26:00,1788337560000,4336.71,4336.71,4335.79,4335.79,0.1843
2026-09-02 08:27:00,1788337620000,4335.78,4335.78,4335.78,4335.78,0.0952
2026-09-02 08:28:00,1788337680000,4337.14,4337.14,4334.97,4334.97,1.1499
2026-09-02 08:29:00,1788337740000,4334.98,4335.59,4334.98,4335.59,0.179
2026-09-02 08:30:00,1788337800000,4334.99,4336.4,4334.99,4336.4,0.9192
2026-09-02 08:31:00,1788337860000,4336.86,4336.86,4336.86,4336.86,0.0015
2026-09-02 08:32:00,1788337920000,4334.59,4334.64,4333.66,4333.66,0.294
2026-09-02 08:33:00,1788337980000,4333.82,4333.82,4333.82,4333.82,0.6885
2026-09-02 08:34:00,1788338040000,4333.83,4333.83,4333.08,4333.08,0.482
2026-09-02 08:35:00,1788338100000,4333.07,4333.07,4331.52,4331.52,1.2491
2026-09-02 08:36:00,1788338160000,4331.96,4331.96,4331.79,4331.79,2.5286
2026-09-02 08:37:00,1788338220000,4332.55,4334.53,4332.55,4334.19,1.2483
2026-09-02 08:38:00,1788338280000,4334.33,4335.77,4334.33,4335.7,2.2448
2026-09-02 08:39:00,1788338340000,4335.7,4337.9,4335.7,4336.9,1.0054
2026-09-02 08:40:00,1788338400000,4336.36,4336.36,4336.36,4336.36,0.0058
2026-09-02 08:41:00,1788338460000,4337.09,4337.09,4337.09,4337.09,0.5363
2026-09-02 08:42:00,1788338520000,4335.62,4336.03,4335.0,4335.0,7.4761
2026-09-02 08:43:00,1788338580000,4335.0,4335.0,4333.97,4333.97,2.0144
2026-09-02 08:44:00,1788338640000,4333.82,4333.82,4331.98,4332.18,5.3716
2026-09-02 08:45:00,1788338700000,4333.29,4333.7,4333.29,4333.7,0.0531
2026-09-02 08:46:00,1788338760000,4332.09,4332.43,4332.09,4332.43,0.0247
2026-09-02 08:47:00,1788338820000,4332.43,4332.83,4331.72,4332.54,0.9194
2026-09-02 08:48:00,1788338880000,4332.54,4332.72,4331.99,4332.72,1.04
2026-09-02 08:49:00,1788338940000,4333.02,4333.02,4333.02,4333.02,0.005
2026-09-02 08:50:00,1788339000000,4333.02,4333.02,4331.67,4331.67,0.2242
2026-09-02 08:51:00,1788339060000,4331.67,4331.67,4330.65,4330.65,0.7081
2026-09-02 08:52:00,1788339120000,4330.18,4330.18,4329.38,4329.39,0.5928
2026-09-02 08:53:00,1788339180000,4328.96,4328.96,4328.57,4328.57,0.8502
2026-09-02 08:54:00,1788339240000,4328.17,4328.17,4325.41,4325.65,1.4776
2026-09-02 08:55:00,1788339300000,4325.65,4327.47,4325.65,4327.47,0.8697
2026-09-02 08:56:00,1788339360000,4327.88,4328.51,4327.88,4328.5,0.951
2026-09-02 08:57:00,1788339420000,4327.89,4328.1,4326.58,4326.58,2.1536
2026-09-02 08:58:00,1788339480000,4326.15,4326.15,4325.92,4325.92,0.7122
2026-09-02 08:59:00,1788339540000,4325.64,4326.35,4324.16,4324.94,1.9557
2026-09-02 09:00:00,1788339600000,4324.93,4326.6,4324.93,4326.36,0.8179
2026-09-02 09:01:00,1788339660000,4325.71,4325.71,4324.71,4325.16,2.0402
2026-09-02 09:02:00,1788339720000,4326.98,4327.63,4326.97,4327.19,1.4659
2026-09-02 09:03:00,1788339780000,4328.11,4328.48,4327.41,4328.48,0.8976
2026-09-02 09:04:00,1788339840000,4328.48,4328.48,4326.68,4326.89,1.0452
2026-09-02 09:05:00,1788339900000,4328.72,4330.0,4328.72,4330.0,1.0498
2026-09-02 09:06:00,1788339960000,4332.78,4333.56,4332.66,4333.22,1.242
2026-09-02 09:07:00,1788340020000,4333.09,4333.09,4331.83,4331.83,0.507
2026-09-02 09:08:00,1788340080000,4330.88,4330.88,4330.87,4330.87,0.4273
2026-09-02 09:09:00,1788340140000,4330.44,4330.44,4330.23,4330.23,1.0
2026-09-02 09:10:00,1788340200000,4330.0,4330.0,4329.19,4329.24,4.1242
2026-09-02 09:11:00,1788340260000,4330.09,4330.43,4328.52,4328.52,1.38
2026-09-02 09:12:00,1788340320000,4328.72,4328.72,4328.72,4328.72,0.012
2026-09-02 09:13:00,1788340380000,4327.53,4327.53,4327.53,4327.53,0.002
2026-09-02 09:14:00,1788340440000,4326.9,4326.9,4326.68,4326.68,0.0548
2026-09-02 09:15:00,1788340500000,4325.53,4325.84,4325.53,4325.84,0.1884
2026-09-02 09:16:00,1788340560000,4325.95,4326.38,4325.95,4326.38,0.5662
2026-09-02 09:17:00,1788340620000,4326.38,4326.62,4326.38,4326.61,0.3262
2026-09-02 09:18:00,1788340680000,4326.62,4326.62,4326.57,4326.57,3.1126
2026-09-02 09:19:00,1788340740000,4326.58,4326.58,4325.68,4326.52,4.1012
2026-09-02 09:20:00,1788340800000,4326.25,4326.25,4324.1,4324.1,2.1844
2026-09-02 09:21:00,1788340860000,4324.1,4324.23,4324.1,4324.1,11.6899
2026-09-02 09:22:00,1788340920000,4324.1,4324.1,4322.73,4322.73,20.2166
2026-09-02 09:23:00,1788340980000,4322.69,4322.69,4321.22,4321.22,1.5529
2026-09-02 09:24:00,1788341040000,4321.23,4321.41,4320.99,4320.99,8.3388
2026-09-02 09:25:00,1788341100000,4320.99,4320.99,4317.04,4317.85,14.4106
2026-09-02 09:26:00,1788341160000,4317.66,4317.66,4316.86,4316.86,3.4696
2026-09-02 09:27:00,1788341220000,4316.83,4317.77,4316.83,4317.77,0.4699
2026-09-02 09:28:00,1788341280000,4319.08,4319.08,4319.08,4319.08,0.0069
2026-09-02 09:29:00,1788341340000,4319.14,4320.37,4319.14,4320.37,0.0637
2026-09-02 09:30:00,1788341400000,4321.62,4321.62,4319.3,4320.01,2.1244
2026-09-02 09:31:00,1788341460000,4319.5,4319.97,4319.02,4319.13,3.3798
2026-09-02 09:32:00,1788341520000,4320.01,4321.65,4320.01,4320.64,2.2727
2026-09-02 09:33:00,1788341580000,4320.74,4320.74,4320.42,4320.42,0.1326
2026-09-02 09:34:00,1788341640000,4320.34,4320.8,4320.34,4320.71,0.3558
2026-09-02 09:35:00,1788341700000,4321.02,4322.06,4321.02,4321.19,0.1711
2026-09-02 09:36:00,1788341760000,4320.8,4320.8,4319.75,4319.75,0.6943
2026-09-02 09:37:00,1788341820000,4319.5,4319.5,4318.65,4318.65,0.0097
2026-09-02 09:38:00,1788341880000,4319.58,4319.58,4318.23,4318.23,22.2306
2026-09-02 09:39:00,1788341940000,4318.24,4319.88,4318.24,4319.88,27.9891
2026-09-02 09:40:00,1788342000000,4319.51,4320.79,4319.51,4320.78,1.6195
2026-09-02 09:41:00,1788342060000,4321.0,4321.0,4320.99,4320.99,0.0477
2026-09-02 09:42:00,1788342120000,4321.93,4321.93,4321.93,4321.93,0.0654
2026-09-02 09:43:00,1788342180000,4321.93,4321.93,4320.79,4320.79,1.2076
2026-09-02 09:44:00,1788342240000,4320.0,4320.0,4319.5,4319.5,0.7409
2026-09-02 09:45:00,1788342300000,4319.69,4320.34,4319.69,4320.34,0.0075
2026-09-02 09:46:00,1788342360000,4320.34,4320.57,4320.19,4320.57,0.7716
2026-09-02 09:47:00,1788342420000,4320.73,4320.73,4319.82,4319.82,4.6508
2026-09-02 09:48:00,1788342480000,4320.01,4321.0,4320.01,4321.0,0.512
2026-09-02 09:49:00,1788342540000,4321.0,4321.0,4320.36,4320.36,0.8083
2026-09-02 09:50:00,1788342600000,4320.85,4320.85,4320.12,4320.12,1.6363
2026-09-02 09:51:00,1788342660000,4320.47,4320.47,4319.74,4319.74,1.8485
2026-09-02 09:52:00,1788342720000,4319.93,4319.93,4319.37,4319.37,1.5695
2026-09-02 09:53:00,1788342780000,4319.05,4319.05,4319.04,4319.04,0.4627
2026-09-02 09:54:00,1788342840000,4319.5,4319.5,4319.11,4319.12,0.3137
2026-09-02 09:55:00,1788342900000,4319.12,4319.5,4319.12,4319.5,0.141
2026-09-02 09:56:00,1788342960000,4320.67,4320.67,4319.94,4319.94,1.1131
2026-09-02 09:57:00,1788343020000,4320.66,4320.99,4319.5,4319.5,1.3474
2026-09-02 09:58:00,1788343080000,4319.51,4319.72,4319.08,4319.17,0.7589
2026-09-02 09:59:00,1788343140000,4319.17,4319.31,4318.79,4318.79,0.535
2026-09-02 10:00:00,1788343200000,4319.71,4319.71,4319.44,4319.44,0.4209
2026-09-02 10:01:00,1788343260000,4319.44,4319.84,4319.07,4319.07,2.0269
2026-09-02 10:02:00,1788343320000,4318.22,4318.22,4318.0,4318.0,0.8799
2026-09-02 10:03:00,1788343380000,4317.36,4317.36,4316.75,4316.75,0.1896
2026-09-02 10:04:00,1788343440000,4316.74,4316.74,4316.0,4316.0,27.1167
2026-09-02 10:05:00,1788343500000,4316.0,4316.01,4316.0,4316.01,24.891
2026-09-02 10:06:00,1788343560000,4316.0,4316.44,4313.49,4313.49,55.2976
2026-09-02 10:07:00,1788343620000,4313.49,4314.34,4313.49,4314.34,2.295
2026-09-02 10:08:00,1788343680000,4314.0,4314.72,4313.7,4314.72,7.9241
2026-09-02 10:09:00,1788343740000,4313.45,4313.91,4313.45,4313.51,2.7735
2026-09-02 10:10:00,1788343800000,4314.35,4315.21,4314.35,4315.21,0.6866
2026-09-02 10:11:00,1788343860000,4313.49,4315.88,4313.49,4315.88,1.9451
2026-09-02 10:12:00,1788343920000,4315.87,4315.87,4315.39,4315.68,1.4179
2026-09-02 10:13:00,1788343980000,4316.14,4317.79,4316.14,4317.79,4.4228
2026-09-02 10:14:00,1788344040000,4319.23,4319.23,4318.84,4318.84,0.5794
2026-09-02 10:15:00,1788344100000,4318.04,4318.83,4318.04,4318.79,0.0674
2026-09-02 10:16:00,1788344160000,4318.78,4318.83,4318.78,4318.83,0.8076
2026-09-02 10:17:00,1788344220000,4318.84,4319.24,4318.84,4319.24,0.3028
2026-09-02 10:18:00,1788344280000,4319.94,4319.94,4319.94,4319.94,0.0128
2026-09-02 10:19:00,1788344340000,4319.94,4319.94,4319.94,4319.94,0.0
2026-09-02 10:20:00,1788344400000,4320.98,4322.22,4320.98,4322.22,0.2425
2026-09-02 10:21:00,1788344460000,4321.65,4321.94,4321.65,4321.94,0.0284
2026-09-02 10:22:00,1788344520000,4322.74,4323.58,4322.74,4323.58,2.837
2026-09-02 10:23:00,1788344580000,4322.68,4322.68,4321.71,4322.08,0.0448
2026-09-02 10:24:00,1788344640000,4321.71,4322.33,4321.66,4321.66,1.1585
2026-09-02 10:25:00,1788344700000,4322.32,4323.37,4322.32,4323.37,0.5525
2026-09-02 10:26:00,1788344760000,4323.0,4323.0,4322.09,4322.59,0.7693
2026-09-02 10:27:00,1788344820000,4322.59,4322.59,4322.37,4322.37,0.4909
2026-09-02 10:28:00,1788344880000,4322.37,4322.37,4322.0,4322.21,0.695
2026-09-02 10:29:00,1788344940000,4322.0,4322.0,4321.22,4321.28,0.7066
2026-09-02 10:30:00,1788345000000,4321.22,4321.84,4321.22,4321.72,0.7281
2026-09-02 10:31:00,1788345060000,4321.71,4321.71,4319.73,4319.73,0.5799
2026-09-02 10:32:00,1788345120000,4319.71,4319.71,4319.5,4319.5,0.7179
2026-09-02 10:33:00,1788345180000,4319.08,4319.93,4319.07,4319.92,0.9583
2026-09-02 10:34:00,1788345240000,4319.93,4320.96,4319.93,4320.87,0.3207
2026-09-02 10:35:00,1788345300000,4320.87,4321.21,4320.87,4321.21,1.0859
2026-09-02 10:36:00,1788345360000,4319.93,4319.93,4319.85,4319.85,0.3036
2026-09-02 10:37:00,1788345420000,4319.13,4319.14,4319.13,4319.13,0.4049
2026-09-02 10:38:00,1788345480000,4319.51,4320.5,4319.07,4319.07,1.221
2026-09-02 10:39:00,1788345540000,4318.71,4320.33,4318.71,4320.33,0.4181
2026-09-02 10:40:00,1788345600000,4320.32,4320.33,4320.32,4320.32,0.2521
2026-09-02 10:41:00,1788345660000,4320.32,4320.32,4319.5,4319.51,1.0863
2026-09-02 10:42:00,1788345720000,4319.2,4321.6,4319.2,4321.6,1.4466
2026-09-02 10:43:00,1788345780000,4319.76,4320.68,4319.76,4320.37,0.7573
2026-09-02 10:44:00,1788345840000,4320.37,4320.37,4320.37,4320.37,0.1534
2026-09-02 10:45:00,1788345900000,4320.37,4320.38,4320.37,4320.37,0.1765
2026-09-02 10:46:00,1788345960000,4320.37,4320.37,4320.37,4320.37,0.4742
2026-09-02 10:47:00,1788346020000,4320.38,4320.38,4319.5,4319.5,0.2801
2026-09-02 10:48:00,1788346080000,4319.51,4321.0,4319.51,4320.36,0.1978
2026-09-02 10:49:00,1788346140000,4320.99,4320.99,4320.8,4320.99,2.2487
2026-09-02 10:50:00,1788346200000,4320.98,4320.99,4318.21,4318.22,0.7006
2026-09-02 10:51:00,1788346260000,4318.22,4318.22,4318.0,4318.0,1.4977
2026-09-02 10:52:00,1788346320000,4318.0,4318.0,4316.69,4316.72,2.645
2026-09-02 10:53:00,1788346380000,4316.73,4317.52,4316.73,4317.52,0.4251
2026-09-02 10:54:00,1788346440000,4318.04,4319.74,4318.04,4319.74,0.2497
2026-09-02 10:55:00,1788346500000,4319.74,4319.93,4319.26,4319.93,5.6552
2026-09-02 10:56:00,1788346560000,4319.71,4320.3,4319.18,4319.4,3.4723
2026-09-02 10:57:00,1788346620000,4318.7,4319.48,4318.7,4319.48,1.3571
2026-09-02 10:58:00,1788346680000,4319.4,4319.4,4318.71,4318.89,1.4166
2026-09-02 10:59:00,1788346740000,4319.12,4320.75,4319.12,4320.75,0.6228
2026-09-02 11:00:00,1788346800000,4321.16,4321.16,4319.68,4321.05,3.3514
2026-09-02 11:01:00,1788346860000,4320.79,4322.63,4320.79,4322.08,3.4417
2026-09-02 11:02:00,1788346920000,4322.52,4323.57,4322.52,4322.99,2.0826
2026-09-02 11:03:00,1788346980000,4322.09,4322.09,4321.65,4321.65,1.287
2026-09-02 11:04:00,1788347040000,4322.51,4324.01,4322.51,4324.01,3.0545
2026-09-02 11:05:00,1788347100000,4323.38,4323.38,4322.67,4322.67,0.3832
2026-09-02 11:06:00,1788347160000,4322.66,4322.66,4320.62,4320.62,0.0727
2026-09-02 11:07:00,1788347220000,4320.36,4321.21,4319.93,4320.54,0.1172
2026-09-02 11:08:00,1788347280000,4320.9,4322.03,4320.9,4321.56,3.0842
2026-09-02 11:09:00,1788347340000,4321.14,4325.88,4320.07,4324.82,13.5697
2026-09-02 11:10:00,1788347400000,4324.09,4326.01,4322.95,4325.96,3.7087
2026-09-02 11:11:00,1788347460000,4325.68,4327.22,4323.94,4326.86,4.5058
2026-09-02 11:12:00,1788347520000,4326.39,4327.64,4326.24,4326.24,8.9416
2026-09-02 11:13:00,1788347580000,4328.0,4328.82,4327.6,4328.82,1.055
2026-09-02 11:14:00,1788347640000,4328.83,4335.47,4328.83,4334.55,3.638
2026-09-02 11:15:00,1788347700000,4333.95,4333.95,4331.88,4332.72,5.3637
2026-09-02 11:16:00,1788347760000,4332.72,4332.72,4329.64,4330.26,5.6669
2026-09-02 11:17:00,1788347820000,4329.86,4331.12,4329.86,4329.91,1.6438
2026-09-02 11:18:00,1788347880000,4328.53,4328.53,4328.11,4328.31,0.2358
2026-09-02 11:19:00,1788347940000,4327.61,4329.83,4327.61,4329.82,0.6183
2026-09-02 11:20:00,1788348000000,4331.09,4331.09,4330.73,4330.73,0.6994
2026-09-02 11:21:00,1788348060000,4328.97,4328.97,4328.54,4328.97,0.5651
2026-09-02 11:22:00,1788348120000,4329.37,4329.37,4329.06,4329.06,0.0627
2026-09-02 11:23:00,1788348180000,4328.54,4329.83,4328.54,4329.83,0.1598
2026-09-02 11:24:00,1788348240000,4331.07,4331.07,4331.07,4331.07,0.2537
2026-09-02 11:25:00,1788348300000,4331.07,4331.07,4329.82,4329.82,1.4241
2026-09-02 11:26:00,1788348360000,4329.58,4330.48,4329.58,4330.48,0.0964
2026-09-02 11:27:00,1788348420000,4331.09,4332.04,4331.09,4332.04,0.0279
2026-09-02 11:28:00,1788348480000,4332.93,4334.37,4332.93,4333.35,4.0197
2026-09-02 11:29:00,1788348540000,4333.51,4333.51,4333.05,4333.05,0.7076
2026-09-02 11:30:00,1788348600000,4334.08,4334.73,4334.08,4334.73,2.1356
2026-09-02 11:31:00,1788348660000,4334.99,4334.99,4334.38,4334.38,0.1834
2026-09-02 11:32:00,1788348720000,4334.75,4337.23,4334.75,4337.23,0.4963
2026-09-02 11:33:00,1788348780000,4337.3,4338.79,4337.3,4338.79,0.3005
2026-09-02 11:34:00,1788348840000,4338.86,4340.9,4338.86,4340.9,2.2901
2026-09-02 11:35:00,1788348900000,4340.9,4344.88,4340.56,4342.66,9.6183
2026-09-02 11:36:00,1788348960000,4341.87,4343.68,4341.87,4343.58,2.9574
2026-09-02 11:37:00,1788349020000,4343.59,4343.59,4342.16,4342.73,0.9066
2026-09-02 11:38:00,1788349080000,4343.15,4344.01,4343.15,4343.58,0.8355
2026-09-02 11:39:00,1788349140000,4343.59,4344.02,4343.59,4344.02,0.3083
2026-09-02 11:40:00,1788349200000,4344.01,4344.02,4342.3,4342.3,1.0953
2026-09-02 11:41:00,1788349260000,4342.29,4342.29,4340.2,4340.2,0.2493
2026-09-02 11:42:00,1788349320000,4339.33,4339.33,4337.99,4338.64,5.4381
2026-09-02 11:43:00,1788349380000,4338.85,4338.85,4336.28,4337.21,21.4962
2026-09-02 11:44:00,1788349440000,4337.59,4337.59,4336.28,4336.7,1.2156
2026-09-02 11:45:00,1788349500000,4336.69,4337.54,4336.14,4337.54,2.0446
2026-09-02 11:46:00,1788349560000,4337.99,4338.27,4336.28,4338.27,4.734
2026-09-02 11:47:00,1788349620000,4337.98,4338.85,4337.98,4338.85,0.0279
2026-09-02 11:48:00,1788349680000,4338.85,4338.99,4338.64,4338.64,0.4115
2026-09-02 11:49:00,1788349740000,4338.64,4338.64,4338.26,4338.26,1.2165
2026-09-02 11:50:00,1788349800000,4337.56,4337.97,4337.15,4337.15,1.4226
2026-09-02 11:51:00,1788349860000,4337.14,4337.14,4336.08,4336.62,2.6625
2026-09-02 11:52:00,1788349920000,4337.08,4338.85,4337.08,4338.85,1.344
2026-09-02 11:53:00,1788349980000,4338.86,4339.0,4338.39,4339.0,8.0794
2026-09-02 11:54:00,1788350040000,4339.26,4342.57,4339.26,4342.53,1.9621
2026-09-02 11:55:00,1788350100000,4342.12,4343.95,4342.12,4343.88,0.8482
2026-09-02 11:56:00,1788350160000,4343.74,4343.74,4342.48,4342.48,1.898
2026-09-02 11:57:00,1788350220000,4341.86,4342.28,4341.58,4341.85,6.7239
2026-09-02 11:58:00,1788350280000,4342.24,4342.24,4341.82,4341.82,2.2895
2026-09-02 11:59:00,1788350340000,4341.93,4343.29,4341.93,4343.29,0.6781
2026-09-02 12:00:00,1788350400000,4343.3,4344.93,4341.65,4344.23,25.0554
2026-09-02 12:01:00,1788350460000,4344.22,4344.71,4343.63,4343.69,4.6636
2026-09-02 12:02:00,1788350520000,4344.18,4344.18,4341.57,4341.57,3.3755
2026-09-02 12:03:00,1788350580000,4340.98,4343.46,4340.98,4343.46,4.4936
2026-09-02 12:04:00,1788350640000,4343.62,4345.56,4343.46,4345.56,3.0319
2026-09-02 12:05:00,1788350700000,4345.57,4346.35,4345.57,4346.35,2.0784
2026-09-02 12:06:00,1788350760000,4346.35,4346.35,4344.38,4345.73,4.4845
2026-09-02 12:07:00,1788350820000,4345.79,4345.79,4343.16,4343.16,5.5366
2026-09-02 12:08:00,1788350880000,4343.15,4343.15,4342.48,4342.48,2.506
2026-09-02 12:09:00,1788350940000,4342.49,4344.76,4342.49,4344.76,1.1093
2026-09-02 12:10:00,1788351000000,4344.76,4344.99,4343.24,4343.74,8.4301
2026-09-02 12:11:00,1788351060000,4343.75,4344.13,4343.27,4343.27,4.6883
2026-09-02 12:12:00,1788351120000,4342.77,4342.77,4340.86,4340.87,7.8775
2026-09-02 12:13:00,1788351180000,4341.26,4343.7,4341.26,4343.45,2.3109
2026-09-02 12:14:00,1788351240000,4343.46,4344.3,4343.46,4344.3,0.6742
2026-09-02 12:15:00,1788351300000,4344.74,4344.99,4343.22,4344.32,4.1541
2026-09-02 12:16:00,1788351360000,4344.6,4344.6,4343.1,4343.1,6.3537
2026-09-02 12:17:00,1788351420000,4343.44,4344.73,4343.43,4344.73,4.9161
2026-09-02 12:18:00,1788351480000,4344.73,4345.59,4343.12,4345.59,3.9646
2026-09-02 12:19:00,1788351540000,4346.02,4346.02,4343.87,4343.87,2.2858
2026-09-02 12:20:00,1788351600000,4343.44,4353.94,4342.04,4353.34,39.1733
2026-09-02 12:21:00,1788351660000,4353.77,4354.81,4346.84,4347.52,28.9198
2026-09-02 12:22:00,1788351720000,4348.17,4349.89,4347.03,4349.03,25.5352
2026-09-02 12:23:00,1788351780000,4349.02,4352.06,4346.53,4347.78,12.4366
2026-09-02 12:24:00,1788351840000,4347.78,4350.81,4346.63,4350.78,10.698
2026-09-02 12:25:00,1788351900000,4351.39,4354.35,4350.9,4352.99,5.9551
2026-09-02 12:26:00,1788351960000,4352.9,4352.91,4352.04,4352.9,1.3414
2026-09-02 12:27:00,1788352020000,4352.9,4352.9,4348.9,4349.1,8.1781
2026-09-02 12:28:00,1788352080000,4348.95,4349.27,4347.94,4348.61,1.109
2026-09-02 12:29:00,1788352140000,4349.47,4350.23,4349.29,4350.22,0.9301
2026-09-02 12:30:00,1788352200000,4349.53,4350.33,4347.81,4347.81,3.4156
2026-09-02 12:31:00,1788352260000,4347.57,4349.46,4347.57,4349.4,2.4373
2026-09-02 12:32:00,1788352320000,4348.62,4349.45,4347.75,4347.93,0.7864
2026-09-02 12:33:00,1788352380000,4347.93,4348.53,4346.89,4346.89,0.5051
2026-09-02 12:34:00,1788352440000,4346.5,4346.5,4343.83,4344.52,6.5277
2026-09-02 12:35:00,1788352500000,4344.53,4344.56,4344.07,4344.07,6.0232
2026-09-02 12:36:00,1788352560000,4344.07,4344.07,4342.23,4343.21,5.1375
2026-09-02 12:37:00,1788352620000,4342.79,4342.79,4341.3,4341.3,5.9943
2026-09-02 12:38:00,1788352680000,4342.29,4344.3,4342.29,4344.02,1.541
2026-09-02 12:39:00,1788352740000,4344.03,4344.21,4344.03,4344.14,0.899
2026-09-02 12:40:00,1788352800000,4346.4,4347.31,4345.82,4347.08,1.103
2026-09-02 12:41:00,1788352860000,4347.08,4347.08,4346.86,4346.86,1.0
2026-09-02 12:42:00,1788352920000,4346.87,4347.69,4346.49,4346.49,3.243
2026-09-02 12:43:00,1788352980000,4346.48,4346.48,4345.3,4345.3,4.0911
2026-09-02 12:44:00,1788353040000,4345.99,4346.0,4345.33,4345.99,5.8787
2026-09-02 12:45:00,1788353100000,4345.99,4345.99,4343.88,4344.81,3.009
2026-09-02 12:46:00,1788353160000,4344.96,4345.7,4344.96,4345.0,1.7768
2026-09-02 12:47:00,1788353220000,4344.89,4346.82,4344.24,4346.82,60.8278
2026-09-02 12:48:00,1788353280000,4348.09,4348.09,4347.89,4347.89,1.6681
2026-09-02 12:49:00,1788353340000,4347.94,4350.77,4347.94,4350.77,7.2866
2026-09-02 12:50:00,1788353400000,4350.77,4350.77,4348.26,4348.26,7.8332
2026-09-02 12:51:00,1788353460000,4347.46,4348.05,4346.57,4346.57,4.2299
2026-09-02 12:52:00,1788353520000,4346.58,4346.58,4345.16,4345.16,1.9227
2026-09-02 12:53:00,1788353580000,4345.0,4345.0,4345.0,4345.0,0.8
2026-09-02 12:54:00,1788353640000,4345.0,4345.0,4344.99,4344.99,3.2505
2026-09-02 12:55:00,1788353700000,4345.0,4345.0,4344.06,4344.74,7.7379
2026-09-02 12:56:00,1788353760000,4344.74,4344.74,4343.68,4343.68,15.01
2026-09-02 12:57:00,1788353820000,4343.99,4343.99,4341.84,4342.88,4.9966
2026-09-02 12:58:00,1788353880000,4342.88,4344.29,4342.88,4343.26,12.0865
2026-09-02 12:59:00,1788353940000,4343.57,4344.62,4343.57,4344.41,4.3329
2026-09-02 13:00:00,1788354000000,4343.95,4348.6,4342.89,4347.95,11.1918
2026-09-02 13:01:00,1788354060000,4347.88,4348.0,4347.02,4347.92,17.6148
2026-09-02 13:02:00,1788354120000,4348.0,4351.97,4348.0,4350.75,7.8622
2026-09-02 13:03:00,1788354180000,4351.31,4351.99,4349.25,4349.25,4.2091
2026-09-02 13:04:00,1788354240000,4349.6,4349.6,4348.23,4349.0,19.8304
2026-09-02 13:05:00,1788354300000,4349.0,4351.15,4349.0,4350.66,80.4876
2026-09-02 13:06:00,1788354360000,4350.94,4351.18,4350.74,4350.74,3.921
2026-09-02 13:07:00,1788354420000,4350.88,4352.83,4350.88,4352.24,12.863
2026-09-02 13:08:00,1788354480000,4352.24,4353.99,4352.24,4353.99,2.3668
2026-09-02 13:09:00,1788354540000,4353.99,4354.0,4353.08,4353.08,2.2994
2026-09-02 13:10:00,1788354600000,4353.08,4353.77,4353.08,4353.5,0.1568
2026-09-02 13:11:00,1788354660000,4353.51,4354.82,4353.51,4354.37,1.1145
2026-09-02 13:12:00,1788354720000,4353.77,4353.77,4351.94,4351.94,7.5957
2026-09-02 13:13:00,1788354780000,4351.9,4351.9,4349.78,4349.84,18.8141
2026-09-02 13:14:00,1788354840000,4349.84,4351.18,4349.84,4351.18,10.3312
2026-09-02 13:15:00,1788354900000,4351.0,4351.18,4348.73,4348.73,5.8676
2026-09-02 13:16:00,1788354960000,4350.01,4350.01,4349.39,4349.53,5.19
2026-09-02 13:17:00,1788355020000,4353.0,4353.0,4353.0,4353.0,0.0167
2026-09-02 13:18:00,1788355080000,4354.8,4354.8,4353.0,4354.41,12.5134
2026-09-02 13:19:00,1788355140000,4354.82,4354.82,4353.77,4353.77,10.7954
2026-09-02 13:20:00,1788355200000,4353.93,4354.99,4353.93,4354.08,2.0389
2026-09-02 13:21:00,1788355260000,4354.62,4355.87,4354.62,4355.6,2.6587
2026-09-02 13:22:00,1788355320000,4355.9,4356.18,4355.89,4355.89,2.4604
2026-09-02 13:23:00,1788355380000,4356.19,4357.75,4356.19,4357.75,25.7661
2026-09-02 13:24:00,1788355440000,4357.84,4358.6,4357.84,4358.6,0.3995
2026-09-02 13:25:00,1788355500000,4358.67,4359.0,4358.51,4359.0,73.4658
2026-09-02 13:26:00,1788355560000,4359.16,4365.72,4359.16,4365.72,11.6832
2026-09-02 13:27:00,1788355620000,4365.79,4367.5,4364.81,4366.77,16.1462
2026-09-02 13:28:00,1788355680000,4367.06,4367.06,4365.0,4366.6,11.9531
2026-09-02 13:29:00,1788355740000,4365.81,4367.53,4365.81,4367.53,2.8079
2026-09-02 13:30:00,1788355800000,4367.72,4374.23,4367.72,4372.25,24.0587
2026-09-02 13:31:00,1788355860000,4372.25,4374.32,4368.93,4374.32,18.1048
2026-09-02 13:32:00,1788355920000,4374.5,4377.17,4374.5,4375.58,6.8877
2026-09-02 13:33:00,1788355980000,4374.49,4376.82,4374.04,4374.04,6.5145
2026-09-02 13:34:00,1788356040000,4374.04,4376.02,4372.15,4375.69,4.2527
2026-09-02 13:35:00,1788356100000,4375.69,4379.82,4375.69,4378.23,71.1875
2026-09-02 13:36:00,1788356160000,4378.23,4378.27,4376.7,4378.27,11.3147
2026-09-02 13:37:00,1788356220000,4377.76,4377.76,4373.93,4375.63,7.531
2026-09-02 13:38:00,1788356280000,4375.62,4376.21,4374.14,4376.17,7.345
2026-09-02 13:39:00,1788356340000,4376.16,4378.54,4375.66,4377.39,8.3621
2026-09-02 13:40:00,1788356400000,4377.4,4378.2,4375.79,4377.42,5.4352
2026-09-02 13:41:00,1788356460000,4377.85,4379.85,4377.85,4379.4,2.4429
2026-09-02 13:42:00,1788356520000,4379.4,4381.7,4379.03,4381.7,7.9886
2026-09-02 13:43:00,1788356580000,4381.78,4384.32,4381.78,4383.86,11.1986
2026-09-02 13:44:00,1788356640000,4384.32,4388.22,4383.5,4388.22,21.9098
2026-09-02 13:45:00,1788356700000,4388.22,4388.22,4385.02,4386.2,30.711
2026-09-02 13:46:00,1788356760000,4385.03,4387.45,4382.1,4382.61,42.4264
2026-09-02 13:47:00,1788356820000,4383.39,4383.43,4382.58,4383.21,28.0761
2026-09-02 13:48:00,1788356880000,4383.22,4385.28,4382.55,4383.79,13.2716
2026-09-02 13:49:00,1788356940000,4382.86,4382.86,4378.1,4378.59,40.5327
2026-09-02 13:50:00,1788357000000,4377.42,4381.86,4377.42,4381.86,3.069
2026-09-02 13:51:00,1788357060000,4381.49,4382.89,4380.86,4381.71,2.0365
2026-09-02 13:52:00,1788357120000,4381.69,4385.58,4380.43,4385.58,6.8549
2026-09-02 13:53:00,1788357180000,4386.01,4386.88,4385.17,4386.19,0.4162
2026-09-02 13:54:00,1788357240000,4383.92,4384.72,4383.51,4384.7,3.6811
2026-09-02 13:55:00,1788357300000,4386.18,4386.18,4383.47,4383.47,0.8207
2026-09-02 13:56:00,1788357360000,4381.31,4386.01,4381.31,4386.01,1.6401
2026-09-02 13:57:00,1788357420000,4386.18,4388.39,4385.99,4385.99,1.3671
2026-09-02 13:58:00,1788357480000,4386.45,4389.36,4386.45,4389.36,2.3739
2026-09-02 13:59:00,1788357540000,4389.59,4393.21,4389.28,4392.98,8.0733
2026-09-02 14:00:00,1788357600000,4392.98,4393.54,4390.59,4392.9,16.2515
2026-09-02 14:01:00,1788357660000,4392.9,4393.32,4388.67,4389.06,5.079
2026-09-02 14:02:00,1788357720000,4389.46,4393.75,4389.46,4393.75,2.7907
2026-09-02 14:03:00,1788357780000,4392.73,4393.67,4391.61,4392.33,2.9839
2026-09-02 14:04:00,1788357840000,4392.65,4394.0,4392.64,4393.49,17.239
2026-09-02 14:05:00,1788357900000,4393.54,4398.26,4393.0,4398.26,2.6579
2026-09-02 14:06:00,1788357960000,4397.65,4398.06,4395.69,4398.05,8.7188
2026-09-02 14:07:00,1788358020000,4398.05,4399.86,4398.05,4399.31,4.992
2026-09-02 14:08:00,1788358080000,4399.86,4402.03,4399.86,4400.87,23.9273
2026-09-02 14:09:00,1788358140000,4402.48,4403.4,4399.07,4400.07,6.3373
2026-09-02 14:10:00,1788358200000,4399.01,4405.2,4398.27,4402.94,2.5864
2026-09-02 14:11:00,1788358260000,4402.93,4404.07,4401.23,4404.07,17.1303
2026-09-02 14:12:00,1788358320000,4404.19,4404.5,4399.07,4399.3,3.3383
2026-09-02 14:13:00,1788358380000,4399.09,4399.09,4396.52,4397.62,4.6497
2026-09-02 14:14:00,1788358440000,4397.63,4399.73,4397.2,4397.2,2.872
2026-09-02 14:15:00,1788358500000,4397.2,4397.2,4395.11,4395.95,2.1458
2026-09-02 14:16:00,1788358560000,4396.34,4397.63,4396.34,4397.36,1.1785
2026-09-02 14:17:00,1788358620000,4396.64,4397.62,4396.54,4397.62,1.0852
2026-09-02 14:18:00,1788358680000,4396.34,4396.54,4394.33,4396.54,2.1815
2026-09-02 14:19:00,1788358740000,4397.63,4400.87,4397.63,4400.86,2.6455
2026-09-02 14:20:00,1788358800000,4401.0,4403.2,4400.99,4403.2,3.3628
2026-09-02 14:21:00,1788358860000,4403.22,4405.35,4403.22,4403.47,10.8052
2026-09-02 14:22:00,1788358920000,4403.21,4403.21,4400.21,4400.21,1.3984
2026-09-02 14:23:00,1788358980000,4399.46,4400.21,4397.07,4397.07,0.2493
2026-09-02 14:24:00,1788359040000,4397.56,4397.56,4396.77,4396.77,6.9122
2026-09-02 14:25:00,1788359100000,4396.77,4398.12,4394.4,4394.4,13.1418
2026-09-02 14:26:00,1788359160000,4394.84,4395.91,4393.68,4395.9,16.6603
2026-09-02 14:27:00,1788359220000,4395.48,4397.4,4395.48,4396.68,7.5239
2026-09-02 14:28:00,1788359280000,4396.48,4398.07,4395.91,4397.85,6.1877
2026-09-02 14:29:00,1788359340000,4397.71,4397.71,4395.9,4396.0,6.6494
2026-09-02 14:30:00,1788359400000,4395.01,4395.16,4392.02,4392.46,50.9156
2026-09-02 14:31:00,1788359460000,4392.47,4394.79,4392.47,4394.79,6.3114
2026-09-02 14:32:00,1788359520000,4395.01,4396.76,4394.34,4396.09,11.458
2026-09-02 14:33:00,1788359580000,4395.9,4395.9,4394.62,4394.62,2.5758
2026-09-02 14:34:00,1788359640000,4395.9,4396.35,4395.44,4395.59,6.6231
2026-09-02 14:35:00,1788359700000,4395.58,4396.77,4394.21,4394.62,5.3484
2026-09-02 14:36:00,1788359760000,4394.61,4394.61,4394.0,4394.0,15.4399
2026-09-02 14:37:00,1788359820000,4394.0,4394.0,4393.33,4393.7,6.5632
2026-09-02 14:38:00,1788359880000,4393.95,4394.24,4393.35,4393.62,2.0424
2026-09-02 14:39:00,1788359940000,4393.83,4395.01,4393.0,4393.27,8.7609
2026-09-02 14:40:00,1788360000000,4393.27,4393.62,4392.17,4393.62,22.7953
2026-09-02 14:41:00,1788360060000,4393.75,4394.02,4392.59,4393.11,3.9015
2026-09-02 14:42:00,1788360120000,4393.75,4395.88,4393.75,4393.77,1.1872
2026-09-02 14:43:00,1788360180000,4394.22,4395.44,4393.19,4393.19,1.6393
2026-09-02 14:44:00,1788360240000,4393.3,4395.47,4393.3,4395.05,2.9368
2026-09-02 14:45:00,1788360300000,4395.64,4395.64,4392.18,4392.18,23.8621
2026-09-02 14:46:00,1788360360000,4392.0,4392.05,4391.36,4391.36,7.4762
2026-09-02 14:47:00,1788360420000,4391.0,4391.0,4390.51,4390.51,0.4894
2026-09-02 14:48:00,1788360480000,4390.51,4390.51,4389.03,4390.07,1.8476
2026-09-02 14:49:00,1788360540000,4389.48,4389.48,4388.95,4389.45,7.3166
2026-09-02 14:50:00,1788360600000,4389.46,4390.4,4389.45,4389.46,3.755
2026-09-02 14:51:00,1788360660000,4389.71,4389.71,4387.11,4387.8,2.8665
2026-09-02 14:52:00,1788360720000,4387.1,4387.3,4387.09,4387.3,1.2611
2026-09-02 14:53:00,1788360780000,4387.3,4387.3,4385.98,4385.98,5.7977
2026-09-02 14:54:00,1788360840000,4385.98,4385.98,4385.54,4385.54,0.2253
2026-09-02 14:55:00,1788360900000,4385.98,4386.92,4385.75,4386.01,3.259
2026-09-02 14:56:00,1788360960000,4385.54,4385.83,4385.04,4385.13,1.8235
2026-09-02 14:57:00,1788361020000,4385.35,4385.82,4385.01,4385.82,1.0791
2026-09-02 14:58:00,1788361080000,4385.82,4385.82,4384.85,4384.85,2.9317
2026-09-02 14:59:00,1788361140000,4384.45,4385.04,4383.72,4385.04,1.9592
2026-09-02 15:00:00,1788361200000,4385.9,4385.9,4383.87,4383.87,0.4943
2026-09-02 15:01:00,1788361260000,4383.72,4383.79,4383.43,4383.79,0.1396
2026-09-02 15:02:00,1788361320000,4383.34,4385.49,4383.34,4385.25,0.8031
2026-09-02 15:03:00,1788361380000,4385.49,4389.64,4385.49,4389.64,1.7594
2026-09-02 15:04:00,1788361440000,4389.61,4389.61,4386.2,4386.2,7.2182
2026-09-02 15:05:00,1788361500000,4386.87,4388.17,4386.01,4388.17,20.7776
2026-09-02 15:06:00,1788361560000,4388.59,4389.41,4388.17,4388.17,1.8624
2026-09-02 15:07:00,1788361620000,4388.03,4388.03,4385.78,4385.78,23.097
2026-09-02 15:08:00,1788361680000,4385.01,4385.01,4383.87,4383.87,1.2257
2026-09-02 15:09:00,1788361740000,4384.3,4386.02,4383.85,4386.02,1.6214
2026-09-02 15:10:00,1788361800000,4385.26,4385.26,4383.44,4383.99,6.5227
2026-09-02 15:11:00,1788361860000,4383.99,4386.51,4383.99,4386.5,2.6537
2026-09-02 15:12:00,1788361920000,4386.51,4386.85,4385.15,4385.15,2.1024
2026-09-02 15:13:00,1788361980000,4384.39,4384.39,4381.93,4382.63,8.2378
2026-09-02 15:14:00,1788362040000,4383.15,4383.15,4382.08,4382.08,1.023
2026-09-02 15:15:00,1788362100000,4382.08,4382.08,4380.0,4380.01,1.3098
2026-09-02 15:16:00,1788362160000,4380.01,4380.85,4380.0,4380.01,1.8167
2026-09-02 15:17:00,1788362220000,4380.05,4380.42,4378.82,4378.82,8.473
2026-09-02 15:18:00,1788362280000,4378.82,4378.82,4378.0,4378.51,2.9898
2026-09-02 15:19:00,1788362340000,4378.76,4379.0,4378.76,4378.99,0.1165
2026-09-02 15:20:00,1788362400000,4378.76,4378.76,4376.9,4376.9,0.9506
2026-09-02 15:21:00,1788362460000,4376.87,4376.87,4373.99,4374.88,23.7985
2026-09-02 15:22:00,1788362520000,4374.87,4375.37,4374.87,4375.37,0.3786
2026-09-02 15:23:00,1788362580000,4379.57,4380.42,4376.56,4379.1,4.9314
2026-09-02 15:24:00,1788362640000,4379.34,4379.34,4379.34,4379.34,0.0045
2026-09-02 15:25:00,1788362700000,4379.98,4379.99,4378.7,4379.32,6.7921
2026-09-02 15:26:00,1788362760000,4379.34,4379.56,4378.71,4378.83,2.8415
2026-09-02 15:27:00,1788362820000,4379.14,4379.5,4376.99,4377.85,1.1849
2026-09-02 15:28:00,1788362880000,4378.59,4380.42,4378.59,4380.4,1.0696
2026-09-02 15:29:00,1788362940000,4380.42,4382.14,4380.42,4382.14,0.2066
2026-09-02 15:30:00,1788363000000,4382.14,4383.42,4381.31,4381.32,5.647
2026-09-02 15:31:00,1788363060000,4381.65,4384.41,4381.65,4382.77,1.3306
2026-09-02 15:32:00,1788363120000,4382.76,4383.04,4382.23,4383.04,1.0647
2026-09-02 15:33:00,1788363180000,4383.05,4384.29,4382.34,4382.34,4.2163
2026-09-02 15:34:00,1788363240000,4383.01,4383.01,4381.28,4381.29,1.4266
2026-09-02 15:35:00,1788363300000,4381.29,4382.12,4380.82,4381.72,1.7405
2026-09-02 15:36:00,1788363360000,4381.34,4381.34,4379.21,4379.89,2.5027
2026-09-02 15:37:00,1788363420000,4379.22,4379.23,4378.42,4378.42,1.1476
2026-09-02 15:38:00,1788363480000,4378.42,4378.42,4377.88,4377.88,0.0043
2026-09-02 15:39:00,1788363540000,4377.89,4379.22,4377.89,4379.21,2.391
2026-09-02 15:40:00,1788363600000,4379.22,4381.69,4379.22,4380.86,1.1533
2026-09-02 15:41:00,1788363660000,4380.86,4380.86,4378.73,4378.74,3.5423
2026-09-02 15:42:00,1788363720000,4378.73,4378.74,4377.18,4377.66,2.6973
2026-09-02 15:43:00,1788363780000,4377.66,4377.66,4376.99,4377.21,0.147
2026-09-02 15:44:00,1788363840000,4376.8,4377.19,4376.8,4376.8,2.0835
2026-09-02 15:45:00,1788363900000,4375.99,4375.99,4374.68,4374.88,2.8235
2026-09-02 15:46:00,1788363960000,4375.12,4378.28,4375.12,4378.24,1.1405
2026-09-02 15:47:00,1788364020000,4378.48,4378.48,4378.11,4378.12,1.6702
2026-09-02 15:48:00,1788364080000,4378.47,4378.47,4378.04,4378.04,0.1229
2026-09-02 15:49:00,1788364140000,4378.45,4378.45,4378.39,4378.39,0.1627
2026-09-02 15:50:00,1788364200000,4377.71,4377.89,4377.71,4377.89,0.4727
2026-09-02 15:51:00,1788364260000,4377.89,4379.0,4377.71,4379.0,2.6984
2026-09-02 15:52:00,1788364320000,4379.0,4379.0,4378.4,4378.57,0.0967
2026-09-02 15:53:00,1788364380000,4378.99,4378.99,4378.95,4378.95,0.3109
2026-09-02 15:54:00,1788364440000,4378.69,4378.69,4378.68,4378.68,0.3041
2026-09-02 15:55:00,1788364500000,4378.68,4380.43,4378.48,4380.2,2.7032
2026-09-02 15:56:00,1788364560000,4380.2,4381.07,4380.2,4381.07,0.2176
2026-09-02 15:57:00,1788364620000,4381.06,4382.05,4380.73,4382.05,0.7883
2026-09-02 15:58:00,1788364680000,4382.05,4383.24,4382.05,4383.24,0.9624
2026-09-02 15:59:00,1788364740000,4383.62,4383.63,4383.49,4383.49,0.2277
2026-09-02 16:00:00,1788364800000,4383.0,4384.14,4381.29,4384.14,1.3805
2026-09-02 16:01:00,1788364860000,4383.43,4383.44,4383.43,4383.44,0.5127
2026-09-02 16:02:00,1788364920000,4384.3,4384.37,4383.63,4383.63,0.9065
2026-09-02 16:03:00,1788364980000,4383.63,4384.33,4382.61,4384.33,5.6892
2026-09-02 16:04:00,1788365040000,4384.32,4384.32,4383.69,4383.92,0.2381
2026-09-02 16:05:00,1788365100000,4383.92,4383.92,4381.85,4381.85,3.2105
2026-09-02 16:06:00,1788365160000,4381.07,4381.07,4380.02,4380.74,0.9513
2026-09-02 16:07:00,1788365220000,4380.74,4381.29,4380.74,4381.24,0.9523
2026-09-02 16:08:00,1788365280000,4380.46,4381.73,4380.46,4381.73,0.7577
2026-09-02 16:09:00,1788365340000,4381.73,4381.73,4381.72,4381.72,0.0237
2026-09-02 16:10:00,1788365400000,4382.0,4382.09,4382.0,4382.09,0.0314
2026-09-02 16:11:00,1788365460000,4382.1,4382.58,4381.71,4381.71,2.6523
2026-09-02 16:12:00,1788365520000,4381.72,4382.11,4381.71,4382.1,0.2287
2026-09-02 16:13:00,1788365580000,4382.57,4383.01,4381.94,4383.01,1.4502
2026-09-02 16:14:00,1788365640000,4382.99,4384.05,4382.8,4382.8,3.5024
2026-09-02 16:15:00,1788365700000,4382.79,4382.8,4382.1,4382.1,2.4488
2026-09-02 16:16:00,1788365760000,4382.1,4382.1,4379.51,4379.51,2.0438
2026-09-02 16:17:00,1788365820000,4379.62,4381.54,4379.62,4381.24,0.7891
2026-09-02 16:18:00,1788365880000,4380.44,4380.92,4380.44,4380.92,1.1122
2026-09-02 16:19:00,1788365940000,4381.0,4381.29,4381.0,4381.28,0.5612
2026-09-02 16:20:00,1788366000000,4381.28,4381.41,4381.22,4381.41,0.8068
2026-09-02 16:21:00,1788366060000,4381.4,4381.41,4381.2,4381.2,0.3106
2026-09-02 16:22:00,1788366120000,4381.2,4381.2,4381.2,4381.2,0.0811
2026-09-02 16:23:00,1788366180000,4381.6,4381.6,4380.64,4380.64,0.2503
2026-09-02 16:24:00,1788366240000,4380.64,4380.65,4380.64,4380.65,0.5092
2026-09-02 16:25:00,1788366300000,4380.65,4380.65,4380.65,4380.65,0.0044
2026-09-02 16:26:00,1788366360000,4380.65,4380.65,4380.64,4380.64,0.0206
2026-09-02 16:27:00,1788366420000,4380.65,4380.65,4380.64,4380.64,0.103
2026-09-02 16:28:00,1788366480000,4380.64,4380.66,4380.64,4380.66,0.3489
2026-09-02 16:29:00,1788366540000,4380.64,4380.64,4379.02,4379.02,0.5771
2026-09-02 16:30:00,1788366600000,4379.57,4379.99,4378.96,4379.99,1.605
2026-09-02 16:31:00,1788366660000,4379.99,4380.6,4379.95,4380.47,1.6014
2026-09-02 16:32:00,1788366720000,4380.59,4380.59,4380.0,4380.43,0.9663
2026-09-02 16:33:00,1788366780000,4380.43,4380.43,4379.43,4379.43,12.3274
2026-09-02 16:34:00,1788366840000,4379.11,4379.12,4378.46,4378.46,0.4185
2026-09-02 16:35:00,1788366900000,4378.45,4378.7,4378.45,4378.7,0.8822
2026-09-02 16:36:00,1788366960000,4378.83,4378.83,4378.82,4378.82,0.1143
2026-09-02 16:37:00,1788367020000,4378.83,4379.11,4378.28,4379.06,4.4274
2026-09-02 16:38:00,1788367080000,4379.06,4379.06,4377.84,4377.84,2.5289
2026-09-02 16:39:00,1788367140000,4379.14,4379.33,4379.14,4379.14,2.8415
2026-09-02 16:40:00,1788367200000,4379.52,4379.52,4377.42,4377.42,3.3
2026-09-02 16:41:00,1788367260000,4377.42,4377.42,4377.04,4377.04,1.1786
2026-09-02 16:42:00,1788367320000,4377.04,4377.48,4377.04,4377.04,2.5289
2026-09-02 16:43:00,1788367380000,4377.04,4377.04,4376.15,4376.15,3.461
2026-09-02 16:44:00,1788367440000,4376.15,4376.16,4376.15,4376.15,1.0013
2026-09-02 16:45:00,1788367500000,4376.15,4376.15,4376.0,4376.0,0.4768
2026-09-02 16:46:00,1788367560000,4376.01,4376.55,4376.01,4376.01,1.3548
2026-09-02 16:47:00,1788367620000,4376.01,4376.38,4376.01,4376.38,0.8502
2026-09-02 16:48:00,1788367680000,4376.39,4376.39,4376.38,4376.38,0.0958
2026-09-02 16:49:00,1788367740000,4376.8,4377.3,4376.52,4377.25,1.7319
2026-09-02 16:50:00,1788367800000,4376.98,4376.99,4376.4,4376.99,1.7629
2026-09-02 16:51:00,1788367860000,4377.3,4378.28,4377.3,4378.27,1.4504
2026-09-02 16:52:00,1788367920000,4378.27,4378.94,4378.27,4378.94,0.7966
2026-09-02 16:53:00,1788367980000,4379.03,4380.43,4379.03,4380.43,6.4093
2026-09-02 16:54:00,1788368040000,4380.86,4380.86,4380.86,4380.86,1.3868
2026-09-02 16:55:00,1788368100000,4380.85,4380.86,4380.55,4380.55,0.3657
2026-09-02 16:56:00,1788368160000,4380.54,4380.85,4379.67,4380.85,2.2731
2026-09-02 16:57:00,1788368220000,4380.85,4380.86,4380.84,4380.86,0.1949
2026-09-02 16:58:00,1788368280000,4380.89,4380.89,4380.84,4380.84,0.045
2026-09-02 16:59:00,1788368340000,4380.81,4380.81,4379.69,4379.7,4.9889
2026-09-02 17:00:00,1788368400000,4380.43,4380.64,4380.43,4380.64,0.0352
2026-09-02 17:01:00,1788368460000,4380.43,4380.86,4380.22,4380.86,0.7375
2026-09-02 17:02:00,1788368520000,4380.85,4380.85,4380.01,4380.05,1.293
2026-09-02 17:03:00,1788368580000,4380.04,4380.04,4380.0,4380.0,0.1
2026-09-02 17:04:00,1788368640000,4379.47,4381.05,4379.47,4381.05,1.2231
2026-09-02 17:05:00,1788368700000,4381.04,4381.04,4380.44,4380.44,0.4874
2026-09-02 17:06:00,1788368760000,4381.05,4381.62,4380.72,4380.85,3.3547
2026-09-02 17:07:00,1788368820000,4380.85,4380.85,4380.84,4380.84,1.1454
2026-09-02 17:08:00,1788368880000,4382.14,4382.15,4382.1,4382.1,3.0583
2026-09-02 17:09:00,1788368940000,4381.78,4381.78,4381.47,4381.47,0.0907
2026-09-02 17:10:00,1788369000000,4381.48,4381.48,4381.47,4381.48,1.6334
2026-09-02 17:11:00,1788369060000,4381.47,4381.47,4380.6,4380.6,2.9038
2026-09-02 17:12:00,1788369120000,4380.44,4380.44,4379.44,4379.63,1.853
2026-09-02 17:13:00,1788369180000,4379.99,4381.28,4379.99,4380.65,2.0744
2026-09-02 17:14:00,1788369240000,4380.65,4380.65,4380.64,4380.64,0.1598
2026-09-02 17:15:00,1788369300000,4380.65,4380.65,4379.65,4379.65,1.0037
2026-09-02 17:16:00,1788369360000,4379.64,4379.64,4377.59,4377.88,2.9743
2026-09-02 17:17:00,1788369420000,4377.88,4377.88,4376.95,4376.95,1.0088
2026-09-02 17:18:00,1788369480000,4376.55,4376.55,4376.54,4376.55,0.0192
2026-09-02 17:19:00,1788369540000,4376.55,4376.62,4376.55,4376.62,2.3517
2026-09-02 17:20:00,1788369600000,4376.61,4376.61,4376.13,4376.13,1.1384
2026-09-02 17:21:00,1788369660000,4376.13,4376.51,4376.13,4376.51,1.5177
2026-09-02 17:22:00,1788369720000,4376.51,4377.36,4376.51,4377.36,0.0325
2026-09-02 17:23:00,1788369780000,4377.35,4377.36,4377.35,4377.35,0.2405
2026-09-02 17:24:00,1788369840000,4377.71,4378.27,4377.41,4378.02,2.1429
2026-09-02 17:25:00,1788369900000,4378.03,4378.7,4378.02,4378.7,4.9424
2026-09-02 17:26:00,1788369960000,4378.91,4379.78,4378.7,4378.7,3.762
2026-09-02 17:27:00,1788370020000,4378.95,4379.5,4378.95,4379.5,0.4969
2026-09-02 17:28:00,1788370080000,4379.49,4379.49,4378.96,4379.14,2.4984
2026-09-02 17:29:00,1788370140000,4378.35,4380.49,4377.45,4380.49,3.2592
2026-09-02 17:30:00,1788370200000,4380.49,4381.53,4380.49,4381.53,1.1703
2026-09-02 17:31:00,1788370260000,4381.53,4381.99,4381.28,4381.29,4.9595
2026-09-02 17:32:00,1788370320000,4381.28,4381.28,4379.17,4379.17,6.0461
2026-09-02 17:33:00,1788370380000,4379.84,4379.84,4379.84,4379.84,0.448
2026-09-02 17:34:00,1788370440000,4379.83,4379.83,4379.13,4379.13,1.9617
2026-09-02 17:35:00,1788370500000,4379.31,4379.31,4378.72,4379.31,1.5687
2026-09-02 17:36:00,1788370560000,4379.31,4379.31,4379.31,4379.31,0.0537
2026-09-02 17:37:00,1788370620000,4379.78,4379.78,4379.78,4379.78,0.0856
2026-09-02 17:38:00,1788370680000,4379.78,4379.78,4377.91,4377.91,3.2664
2026-09-02 17:39:00,1788370740000,4377.92,4377.92,4377.92,4377.92,0.9154
2026-09-02 17:40:00,1788370800000,4378.22,4378.22,4378.22,4378.22,0.0019
2026-09-02 17:41:00,1788370860000,4378.67,4379.4,4378.16,4379.4,3.3755
2026-09-02 17:42:00,1788370920000,4380.08,4383.11,4379.9,4382.91,19.1139
2026-09-02 17:43:00,1788370980000,4382.65,4384.51,4382.65,4383.61,6.2903
2026-09-02 17:44:00,1788371040000,4384.95,4387.73,4384.94,4386.45,8.6637
2026-09-02 17:45:00,1788371100000,4387.31,4390.31,4387.31,4390.31,5.7378
2026-09-02 17:46:00,1788371160000,4390.32,4390.53,4389.17,4390.45,9.6571
2026-09-02 17:47:00,1788371220000,4390.45,4390.45,4387.94,4387.94,8.6918
2026-09-02 17:48:00,1788371280000,4387.95,4388.58,4387.65,4387.65,3.2708
2026-09-02 17:49:00,1788371340000,4386.99,4387.11,4386.99,4387.11,8.0583
2026-09-02 17:50:00,1788371400000,4387.73,4387.73,4387.45,4387.45,0.5292
2026-09-02 17:51:00,1788371460000,4387.46,4387.46,4387.45,4387.45,0.0215
2026-09-02 17:52:00,1788371520000,4388.16,4388.17,4388.16,4388.17,0.1279
2026-09-02 17:53:00,1788371580000,4388.17,4388.17,4387.31,4387.31,3.2827
2026-09-02 17:54:00,1788371640000,4387.29,4387.29,4386.69,4387.29,2.4644
2026-09-02 17:55:00,1788371700000,4387.29,4387.29,4387.28,4387.29,0.0355
2026-09-02 17:56:00,1788371760000,4387.29,4388.16,4386.99,4387.03,8.4033
2026-09-02 17:57:00,1788371820000,4388.09,4388.09,4388.09,4388.09,0.1952
2026-09-02 17:58:00,1788371880000,4389.45,4389.46,4389.43,4389.43,0.3745
2026-09-02 17:59:00,1788371940000,4389.43,4389.43,4388.69,4388.69,1.7992
2026-09-02 18:00:00,1788372000000,4388.69,4388.7,4384.73,4384.73,9.7926
2026-09-02 18:01:00,1788372060000,4384.89,4384.89,4384.04,4384.6,2.7986
2026-09-02 18:02:00,1788372120000,4384.73,4384.73,4384.73,4384.73,0.4563
2026-09-02 18:03:00,1788372180000,4385.24,4385.56,4385.24,4385.56,1.6133
2026-09-02 18:04:00,1788372240000,4386.87,4386.87,4386.02,4386.02,1.4739
2026-09-02 18:05:00,1788372300000,4386.0,4386.13,4386.0,4386.13,0.9479
2026-09-02 18:06:00,1788372360000,4386.14,4386.14,4386.14,4386.14,0.0878
2026-09-02 18:07:00,1788372420000,4386.11,4386.11,4385.56,4385.77,3.0565
2026-09-02 18:08:00,1788372480000,4385.77,4385.77,4385.52,4385.52,8.0238
2026-09-02 18:09:00,1788372540000,4384.73,4384.73,4384.73,4384.73,0.0242
2026-09-02 18:10:00,1788372600000,4384.73,4384.73,4384.72,4384.72,0.0964
2026-09-02 18:11:00,1788372660000,4384.72,4384.72,4384.06,4384.06,1.4291
2026-09-02 18:12:00,1788372720000,4384.06,4384.06,4383.16,4383.17,0.8178
2026-09-02 18:13:00,1788372780000,4383.17,4383.62,4383.17,4383.62,0.4576
2026-09-02 18:14:00,1788372840000,4383.86,4383.86,4381.74,4381.74,1.3937
2026-09-02 18:15:00,1788372900000,4381.75,4381.75,4381.02,4381.02,0.287
2026-09-02 18:16:00,1788372960000,4381.02,4381.02,4380.18,4380.41,1.4083
2026-09-02 18:17:00,1788373020000,4380.6,4381.84,4380.6,4381.84,0.738
2026-09-02 18:18:00,1788373080000,4381.84,4389.91,4381.84,4387.85,25.2287
2026-09-02 18:19:00,1788373140000,4388.05,4388.14,4387.08,4388.08,2.5168
2026-09-02 18:20:00,1788373200000,4389.22,4389.22,4388.44,4388.44,0.4705
2026-09-02 18:21:00,1788373260000,4389.22,4389.99,4386.05,4386.05,2.519
2026-09-02 18:22:00,1788373320000,4386.04,4386.04,4384.72,4384.72,0.605
2026-09-02 18:23:00,1788373380000,4384.72,4384.72,4384.72,4384.72,0.0
2026-09-02 18:24:00,1788373440000,4384.84,4384.84,4384.06,4384.25,1.6482
2026-09-02 18:25:00,1788373500000,4384.72,4384.72,4383.87,4383.87,0.1075
2026-09-02 18:26:00,1788373560000,4383.87,4383.87,4383.87,4383.87,0.0
2026-09-02 18:27:00,1788373620000,4384.48,4384.48,4383.44,4383.44,0.3938
2026-09-02 18:28:00,1788373680000,4383.44,4383.44,4383.44,4383.44,0.007
2026-09-02 18:29:00,1788373740000,4383.83,4383.84,4383.83,4383.84,0.0499
2026-09-02 18:30:00,1788373800000,4384.9,4385.16,4384.12,4385.16,2.3984
2026-09-02 18:31:00,1788373860000,4385.16,4385.16,4385.15,4385.15,0.1145
2026-09-02 18:32:00,1788373920000,4385.62,4386.88,4385.62,4386.88,0.0623
2026-09-02 18:33:00,1788373980000,4387.31,4387.31,4387.31,4387.31,0.0015
2026-09-02 18:34:00,1788374040000,4389.02,4389.02,4387.92,4387.92,0.5941
2026-09-02 18:35:00,1788374100000,4387.42,4388.59,4387.42,4388.53,1.7062
2026-09-02 18:36:00,1788374160000,4388.31,4388.31,4387.92,4387.92,0.1942
2026-09-02 18:37:00,1788374220000,4387.14,4387.14,4386.49,4386.5,0.6177
2026-09-02 18:38:00,1788374280000,4387.12,4387.12,4387.12,4387.12,0.0272
2026-09-02 18:39:00,1788374340000,4387.3,4387.3,4387.3,4387.3,0.0015
2026-09-02 18:40:00,1788374400000,4387.17,4387.17,4387.17,4387.17,0.0056
2026-09-02 18:41:00,1788374460000,4387.17,4387.17,4386.05,4386.05,2.2268
2026-09-02 18:42:00,1788374520000,4385.62,4385.63,4385.62,4385.63,0.9336
2026-09-02 18:43:00,1788374580000,4385.15,4385.15,4385.15,4385.15,0.0015
2026-09-02 18:44:00,1788374640000,4385.16,4385.16,4384.5,4384.5,0.2441
2026-09-02 18:45:00,1788374700000,4383.92,4383.92,4383.92,4383.92,0.004
2026-09-02 18:46:00,1788374760000,4383.92,4383.92,4383.49,4383.49,1.013
2026-09-02 18:47:00,1788374820000,4384.24,4384.24,4383.95,4383.95,8.9794
2026-09-02 18:48:00,1788374880000,4384.06,4384.33,4383.73,4384.33,1.0397
2026-09-02 18:49:00,1788374940000,4384.72,4385.49,4384.72,4385.49,2.9122
2026-09-02 18:50:00,1788375000000,4385.48,4385.53,4385.48,4385.53,0.6948
2026-09-02 18:51:00,1788375060000,4386.44,4386.78,4386.4,4386.75,0.8909
2026-09-02 18:52:00,1788375120000,4386.61,4386.61,4385.89,4385.89,1.1006
2026-09-02 18:53:00,1788375180000,4385.83,4385.84,4385.83,4385.84,0.0329
2026-09-02 18:54:00,1788375240000,4385.99,4385.99,4385.16,4385.16,0.4965
2026-09-02 18:55:00,1788375300000,4385.51,4386.2,4385.51,4386.2,0.1555
2026-09-02 18:56:00,1788375360000,4386.2,4386.21,4385.73,4385.74,1.6274
2026-09-02 18:57:00,1788375420000,4385.74,4385.74,4385.46,4385.46,0.1124
2026-09-02 18:58:00,1788375480000,4385.45,4385.45,4384.31,4384.31,1.059
2026-09-02 18:59:00,1788375540000,4384.31,4384.31,4384.31,4384.31,0.0702
2026-09-02 19:00:00,1788375600000,4385.41,4385.59,4384.25,4384.25,0.8011
2026-09-02 19:01:00,1788375660000,4383.69,4384.3,4383.69,4384.29,0.1837
2026-09-02 19:02:00,1788375720000,4384.29,4384.29,4384.25,4384.25,0.2711
2026-09-02 19:03:00,1788375780000,4384.72,4384.72,4384.72,4384.72,0.0023
2026-09-02 19:04:00,1788375840000,4385.54,4385.64,4385.54,4385.64,0.036
2026-09-02 19:05:00,1788375900000,4385.64,4386.16,4385.64,4386.16,0.518
2026-09-02 19:06:00,1788375960000,4386.75,4386.75,4386.75,4386.75,0.0408
2026-09-02 19:07:00,1788376020000,4386.74,4387.3,4386.74,4387.3,0.2451
2026-09-02 19:08:00,1788376080000,4387.3,4387.3,4387.29,4387.29,0.2686
2026-09-02 19:09:00,1788376140000,4387.29,4387.29,4387.29,4387.29,0.0
2026-09-02 19:10:00,1788376200000,4388.0,4388.16,4387.88,4387.88,0.1477
2026-09-02 19:11:00,1788376260000,4388.59,4388.59,4388.59,4388.59,0.0394
2026-09-02 19:12:00,1788376320000,4388.2,4390.52,4388.2,4389.94,1.0255
2026-09-02 19:13:00,1788376380000,4389.94,4389.94,4389.93,4389.93,0.0159
2026-09-02 19:14:00,1788376440000,4389.93,4389.93,4389.93,4389.93,0.0267
2026-09-02 19:15:00,1788376500000,4390.38,4390.38,4390.38,4390.38,0.0017
2026-09-02 19:16:00,1788376560000,4390.52,4390.52,4390.24,4390.24,5.6552
2026-09-02 19:17:00,1788376620000,4390.31,4390.32,4390.31,4390.32,0.0274
2026-09-02 19:18:00,1788376680000,4390.31,4390.31,4390.17,4390.17,0.2198
2026-09-02 19:19:00,1788376740000,4390.17,4390.53,4390.17,4390.53,0.7488
2026-09-02 19:20:00,1788376800000,4390.61,4390.61,4389.88,4389.88,0.9018
2026-09-02 19:21:00,1788376860000,4389.88,4389.88,4389.88,4389.88,0.0013
2026-09-02 19:22:00,1788376920000,4389.88,4389.88,4389.88,4389.88,0.0
2026-09-02 19:23:00,1788376980000,4389.89,4390.83,4389.89,4390.79,8.158
2026-09-02 19:24:00,1788377040000,4390.1,4390.83,4390.1,4390.42,2.4628
2026-09-02 19:25:00,1788377100000,4390.48,4391.76,4390.48,4391.76,0.2389
2026-09-02 19:26:00,1788377160000,4391.77,4392.42,4391.77,4392.42,0.1624
2026-09-02 19:27:00,1788377220000,4392.42,4392.42,4392.38,4392.38,1.3017
2026-09-02 19:28:00,1788377280000,4392.37,4392.38,4392.37,4392.38,0.2487
2026-09-02 19:29:00,1788377340000,4392.59,4392.59,4391.96,4391.96,1.2211
2026-09-02 19:30:00,1788377400000,4391.96,4392.9,4391.96,4392.89,0.1218
2026-09-02 19:31:00,1788377460000,4392.89,4393.87,4392.84,4393.87,28.5776
2026-09-02 19:32:00,1788377520000,4392.84,4393.32,4392.84,4393.32,1.5119
2026-09-02 19:33:00,1788377580000,4393.33,4393.33,4393.33,4393.33,0.0827
2026-09-02 19:34:00,1788377640000,4393.33,4394.32,4393.33,4394.32,1.3886
2026-09-02 19:35:00,1788377700000,4394.48,4394.48,4393.75,4393.75,1.7261
2026-09-02 19:36:00,1788377760000,4393.75,4393.75,4392.62,4392.62,3.1422
2026-09-02 19:37:00,1788377820000,4392.63,4393.25,4392.63,4393.25,0.1812
2026-09-02 19:38:00,1788377880000,4393.33,4393.55,4393.33,4393.55,2.0
2026-09-02 19:39:00,1788377940000,4393.76,4393.76,4393.76,4393.76,0.6177
2026-09-02 19:40:00,1788378000000,4394.49,4394.53,4394.49,4394.53,0.3547
2026-09-02 19:41:00,1788378060000,4394.91,4395.17,4394.91,4395.17,0.6409
2026-09-02 19:42:00,1788378120000,4395.18,4395.6,4395.18,4395.6,0.4634
2026-09-02 19:43:00,1788378180000,4395.59,4396.37,4395.47,4396.37,2.2478
2026-09-02 19:44:00,1788378240000,4396.67,4398.91,4396.67,4398.91,1.1007
2026-09-02 19:45:00,1788378300000,4398.9,4398.9,4397.19,4397.19,1.0857
2026-09-02 19:46:00,1788378360000,4396.73,4396.73,4395.91,4395.91,0.5062
2026-09-02 19:47:00,1788378420000,4395.91,4396.02,4395.37,4395.37,1.1581
2026-09-02 19:48:00,1788378480000,4396.33,4396.33,4395.74,4395.74,0.8594
2026-09-02 19:49:00,1788378540000,4395.97,4397.32,4395.73,4397.32,1.2317
2026-09-02 19:50:00,1788378600000,4397.19,4398.27,4396.97,4398.27,0.5628
2026-09-02 19:51:00,1788378660000,4398.93,4399.44,4398.61,4398.61,2.4723
2026-09-02 19:52:00,1788378720000,4398.76,4399.45,4398.76,4399.45,0.0486
2026-09-02 19:53:00,1788378780000,4398.76,4398.76,4397.27,4397.27,0.7532
2026-09-02 19:54:00,1788378840000,4396.76,4397.2,4396.76,4397.2,0.0067
2026-09-02 19:55:00,1788378900000,4397.63,4397.63,4396.9,4396.91,4.0836
2026-09-02 19:56:00,1788378960000,4396.91,4396.91,4396.84,4396.91,0.054
2026-09-02 19:57:00,1788379020000,4397.96,4397.96,4397.96,4397.96,1.556
2026-09-02 19:58:00,1788379080000,4396.99,4398.91,4396.99,4398.91,1.7801
2026-09-02 19:59:00,1788379140000,4399.44,4400.0,4399.44,4400.0,6.3044
2026-09-02 20:00:00,1788379200000,4400.15,4400.15,4398.98,4399.16,0.0386
2026-09-02 20:01:00,1788379260000,4399.69,4399.69,4399.69,4399.69,0.3267
2026-09-02 20:02:00,1788379320000,4400.09,4400.09,4399.89,4399.89,0.5481
2026-09-02 20:03:00,1788379380000,4399.47,4399.47,4399.47,4399.47,0.0033
2026-09-02 20:04:00,1788379440000,4399.89,4400.52,4399.89,4400.52,0.0761
2026-09-02 20:05:00,1788379500000,4400.51,4400.52,4399.61,4399.61,0.3343
2026-09-02 20:06:00,1788379560000,4399.6,4399.6,4398.94,4399.59,2.3081
2026-09-02 20:07:00,1788379620000,4399.77,4399.77,4399.05,4399.34,3.4701
2026-09-02 20:08:00,1788379680000,4399.33,4399.33,4398.83,4398.83,0.2472
2026-09-02 20:09:00,1788379740000,4398.8,4398.8,4398.22,4398.22,0.0449
2026-09-02 20:10:00,1788379800000,4398.21,4398.22,4398.21,4398.21,0.1699
2026-09-02 20:11:00,1788379860000,4398.21,4398.22,4398.21,4398.22,0.2046
2026-09-02 20:12:00,1788379920000,4398.28,4398.28,4398.28,4398.28,0.0015
2026-09-02 20:13:00,1788379980000,4397.98,4397.98,4397.97,4397.97,0.0282
2026-09-02 20:14:00,1788380040000,4397.97,4397.97,4396.0,4396.23,3.6951
2026-09-02 20:15:00,1788380100000,4396.22,4396.22,4394.48,4395.33,1.2545
2026-09-02 20:16:00,1788380160000,4394.89,4394.92,4394.89,4394.92,0.0905
2026-09-02 20:17:00,1788380220000,4395.76,4395.76,4395.76,4395.76,0.0307
2026-09-02 20:18:00,1788380280000,4395.76,4395.76,4395.32,4395.32,0.0039
2026-09-02 20:19:00,1788380340000,4394.96,4394.96,4394.96,4394.96,0.0015
2026-09-02 20:20:00,1788380400000,4394.95,4394.96,4394.95,4394.96,0.0163
2026-09-02 20:21:00,1788380460000,4394.96,4394.96,4394.96,4394.96,0.0227
2026-09-02 20:22:00,1788380520000,4395.13,4395.13,4395.13,4395.13,0.0025
2026-09-02 20:23:00,1788380580000,4395.74,4395.74,4395.74,4395.74,0.8577
2026-09-02 20:24:00,1788380640000,4395.78,4395.78,4395.78,4395.78,0.0105
2026-09-02 20:25:00,1788380700000,4395.78,4397.55,4395.78,4397.54,3.7
2026-09-02 20:26:00,1788380760000,4397.55,4397.55,4397.55,4397.55,0.2411
2026-09-02 20:27:00,1788380820000,4397.55,4397.55,4397.55,4397.55,0.0271
2026-09-02 20:28:00,1788380880000,4397.55,4397.55,4397.55,4397.55,0.0
2026-09-02 20:29:00,1788380940000,4396.65,4396.65,4396.65,4396.65,0.049
2026-09-02 20:30:00,1788381000000,4396.66,4396.66,4396.23,4396.24,0.0079
2026-09-02 20:31:00,1788381060000,4396.91,4396.91,4396.91,4396.91,0.1558
2026-09-02 20:32:00,1788381120000,4397.53,4397.54,4397.53,4397.54,0.363
2026-09-02 20:33:00,1788381180000,4397.9,4397.9,4397.9,4397.9,0.0011
2026-09-02 20:34:00,1788381240000,4398.06,4398.06,4398.06,4398.06,0.0025
2026-09-02 20:35:00,1788381300000,4398.07,4398.07,4398.07,4398.07,0.0176
2026-09-02 20:36:00,1788381360000,4397.94,4397.94,4397.94,4397.94,0.1735
2026-09-02 20:37:00,1788381420000,4397.94,4397.94,4397.55,4397.55,0.0467
2026-09-02 20:38:00,1788381480000,4397.54,4397.54,4397.54,4397.54,0.0013
2026-09-02 20:39:00,1788381540000,4397.54,4397.54,4397.54,4397.54,0.0
2026-09-02 20:40:00,1788381600000,4397.55,4397.55,4397.55,4397.55,0.6078
2026-09-02 20:41:00,1788381660000,4398.87,4399.13,4398.87,4399.13,0.2461
2026-09-02 20:42:00,1788381720000,4399.13,4399.13,4399.12,4399.13,0.0871
2026-09-02 20:43:00,1788381780000,4399.12,4399.12,4399.12,4399.12,0.0022
2026-09-02 20:44:00,1788381840000,4399.31,4399.57,4398.86,4398.86,1.2883
2026-09-02 20:45:00,1788381900000,4398.35,4399.78,4396.78,4397.54,19.1257
2026-09-02 20:46:00,1788381960000,4397.97,4397.98,4397.97,4397.98,0.0363
2026-09-02 20:47:00,1788382020000,4397.99,4398.25,4397.99,4398.25,0.0094
2026-09-02 20:48:00,1788382080000,4398.86,4399.75,4398.86,4399.75,0.1054
2026-09-02 20:49:00,1788382140000,4399.75,4399.77,4399.75,4399.77,0.0052
2026-09-02 20:50:00,1788382200000,4400.0,4400.29,4400.0,4400.29,3.7762
2026-09-02 20:51:00,1788382260000,4400.29,4400.29,4400.29,4400.29,0.0011
2026-09-02 20:52:00,1788382320000,4400.29,4400.29,4400.28,4400.28,0.0576
2026-09-02 20:53:00,1788382380000,4400.09,4400.09,4400.09,4400.09,0.034
2026-09-02 20:54:00,1788382440000,4400.1,4400.1,4400.0,4400.0,0.4864
2026-09-02 20:55:00,1788382500000,4400.0,4400.0,4400.0,4400.0,0.0
2026-09-02 20:56:00,1788382560000,4400.0,4400.0,4400.0,4400.0,0.0
2026-09-02 20:57:00,1788382620000,4399.75,4399.75,4399.22,4399.22,0.5958
2026-09-02 20:58:00,1788382680000,4398.75,4398.75,4398.19,4398.19,7.8282
2026-09-02 20:59:00,1788382740000,4398.74,4398.74,4398.74,4398.74,0.9103
2026-09-02 21:00:00,1788382800000,4398.75,4398.75,4398.74,4398.75,0.1238
2026-09-02 21:01:00,1788382860000,4398.74,4399.3,4398.74,4399.3,1.477
2026-09-02 21:02:00,1788382920000,4399.3,4399.47,4399.3,4399.47,0.1264
2026-09-02 21:03:00,1788382980000,4399.63,4400.29,4399.63,4400.29,0.0638
2026-09-02 21:04:00,1788383040000,4400.29,4400.29,4400.29,4400.29,0.0091
2026-09-02 21:05:00,1788383100000,4400.28,4400.28,4400.28,4400.28,0.0033
2026-09-02 21:06:00,1788383160000,4400.28,4400.28,4399.99,4399.99,0.513
2026-09-02 21:07:00,1788383220000,4399.99,4399.99,4399.99,4399.99,0.0
2026-09-02 21:08:00,1788383280000,4399.63,4399.63,4399.63,4399.63,0.0118
2026-09-02 21:09:00,1788383340000,4399.64,4399.64,4399.64,4399.64,0.0035
2026-09-02 21:10:00,1788383400000,4399.63,4399.63,4399.63,4399.63,0.0018
2026-09-02 21:11:00,1788383460000,4399.64,4400.28,4399.64,4400.21,3.3484
2026-09-02 21:12:00,1788383520000,4399.98,4399.99,4399.98,4399.99,1.7571
2026-09-02 21:13:00,1788383580000,4399.98,4399.98,4398.21,4398.21,2.3965
2026-09-02 21:14:00,1788383640000,4398.22,4398.22,4398.22,4398.22,0.0012
2026-09-02 21:15:00,1788383700000,4398.22,4398.22,4398.22,4398.22,0.0
2026-09-02 21:16:00,1788383760000,4398.22,4398.22,4398.22,4398.22,0.0013
2026-09-02 21:17:00,1788383820000,4398.22,4398.22,4398.22,4398.22,0.0
2026-09-02 21:18:00,1788383880000,4398.22,4398.64,4398.22,4398.64,0.1858
2026-09-02 21:19:00,1788383940000,4398.64,4398.82,4398.64,4398.82,1.1955
2026-09-02 21:20:00,1788384000000,4398.83,4398.83,4398.83,4398.83,0.4469
2026-09-02 21:21:00,1788384060000,4398.83,4398.83,4398.83,4398.83,0.0037
2026-09-02 21:22:00,1788384120000,4398.82,4398.83,4398.82,4398.83,0.2982
2026-09-02 21:23:00,1788384180000,4398.83,4398.83,4398.83,4398.83,0.0
2026-09-02 21:24:00,1788384240000,4398.83,4398.83,4398.83,4398.83,0.0
2026-09-02 21:25:00,1788384300000,4398.82,4398.82,4398.82,4398.82,0.0025
2026-09-02 21:26:00,1788384360000,4398.82,4398.82,4398.65,4398.65,0.6433
2026-09-02 21:27:00,1788384420000,4398.64,4398.64,4398.64,4398.64,0.0161
2026-09-02 21:28:00,1788384480000,4398.64,4398.64,4398.64,4398.64,0.0
2026-09-02 21:29:00,1788384540000,4398.64,4398.64,4398.64,4398.64,0.0
2026-09-02 21:30:00,1788384600000,4398.64,4398.65,4398.64,4398.65,0.0443
2026-09-02 21:31:00,1788384660000,4398.65,4398.65,4398.65,4398.65,0.0
2026-09-02 21:32:00,1788384720000,4398.65,4398.65,4398.65,4398.65,0.0015
2026-09-02 21:33:00,1788384780000,4398.64,4398.64,4398.64,4398.64,0.0512
2026-09-02 21:34:00,1788384840000,4398.65,4398.65,4398.65,4398.65,0.0192
2026-09-02 21:35:00,1788384900000,4398.65,4398.65,4398.65,4398.65,0.0
2026-09-02 21:36:00,1788384960000,4398.65,4398.65,4398.64,4398.64,0.0179
2026-09-02 21:37:00,1788385020000,4398.64,4398.64,4398.64,4398.64,0.217
2026-09-02 21:38:00,1788385080000,4398.64,4398.64,4396.99,4397.34,1.6556
2026-09-02 21:39:00,1788385140000,4397.35,4397.35,4397.29,4397.29,0.595
2026-09-02 21:40:00,1788385200000,4396.61,4396.61,4396.6,4396.61,0.691
2026-09-02 21:41:00,1788385260000,4396.61,4396.61,4396.61,4396.61,0.0586
2026-09-02 21:42:00,1788385320000,4396.6,4396.61,4396.6,4396.61,1.2225
2026-09-02 21:43:00,1788385380000,4396.61,4396.74,4396.6,4396.61,0.915
2026-09-02 21:44:00,1788385440000,4396.6,4396.66,4395.58,4396.48,4.4669
2026-09-02 21:45:00,1788385500000,4396.49,4396.49,4396.49,4396.49,0.0257
2026-09-02 21:46:00,1788385560000,4396.84,4397.65,4396.84,4397.65,0.1863
2026-09-02 21:47:00,1788385620000,4397.73,4397.73,4397.73,4397.73,0.0761
2026-09-02 21:48:00,1788385680000,4397.75,4397.75,4397.75,4397.75,0.0631
2026-09-02 21:49:00,1788385740000,4397.75,4397.75,4397.75,4397.75,0.0
2026-09-02 21:50:00,1788385800000,4397.76,4397.76,4397.75,4397.75,0.3585
2026-09-02 21:51:00,1788385860000,4397.72,4397.72,4397.72,4397.72,0.0394
2026-09-02 21:52:00,1788385920000,4397.5,4397.5,4397.5,4397.5,0.2372
2026-09-02 21:53:00,1788385980000,4396.53,4396.53,4396.53,4396.53,0.0056
2026-09-02 21:54:00,1788386040000,4396.53,4396.53,4396.53,4396.53,0.0
2026-09-02 21:55:00,1788386100000,4396.54,4398.0,4396.54,4398.0,4.256
2026-09-02 21:56:00,1788386160000,4398.65,4398.65,4398.65,4398.65,0.2059
2026-09-02 21:57:00,1788386220000,4398.65,4398.65,4398.65,4398.65,0.0
2026-09-02 21:58:00,1788386280000,4399.12,4399.12,4399.12,4399.12,0.0127
2026-09-02 21:59:00,1788386340000,4399.12,4399.12,4399.12,4399.12,0.0
2026-09-02 22:00:00,1788386400000,4399.97,4400.0,4398.74,4399.7,1.4662
2026-09-02 22:01:00,1788386460000,4399.71,4399.87,4399.71,4399.87,0.1209
2026-09-02 22:02:00,1788386520000,4399.88,4400.29,4399.88,4400.29,1.8118
2026-09-02 22:03:00,1788386580000,4400.89,4400.89,4400.0,4400.0,0.1794
2026-09-02 22:04:00,1788386640000,4400.0,4400.64,4400.0,4400.6,1.7902
2026-09-02 22:05:00,1788386700000,4400.59,4400.59,4399.84,4399.84,3.0229
2026-09-02 22:06:00,1788386760000,4399.81,4400.89,4399.43,4400.89,3.9199
2026-09-02 22:07:00,1788386820000,4400.89,4400.89,4400.89,4400.89,0.0
2026-09-02 22:08:00,1788386880000,4400.35,4400.35,4400.35,4400.35,0.0142
2026-09-02 22:09:00,1788386940000,4400.35,4400.35,4400.12,4400.12,3.1526
2026-09-02 22:10:00,1788387000000,4400.13,4400.13,4400.13,4400.13,0.0068
2026-09-02 22:11:00,1788387060000,4400.34,4400.34,4400.34,4400.34,0.0091
2026-09-02 22:12:00,1788387120000,4400.34,4400.34,4400.34,4400.34,0.0
2026-09-02 22:13:00,1788387180000,4400.35,4401.04,4400.35,4401.04,9.3192
2026-09-02 22:14:00,1788387240000,4401.04,4401.04,4400.13,4400.13,7.4254
2026-09-02 22:15:00,1788387300000,4399.68,4399.68,4399.67,4399.67,0.6871
2026-09-02 22:16:00,1788387360000,4399.19,4399.19,4399.01,4399.01,1.3391
2026-09-02 22:17:00,1788387420000,4399.01,4399.01,4399.01,4399.01,0.1691
2026-09-02 22:18:00,1788387480000,4399.01,4399.01,4397.25,4397.25,3.8515
2026-09-02 22:19:00,1788387540000,4397.25,4397.69,4397.25,4397.65,0.1488
2026-09-02 22:20:00,1788387600000,4397.65,4397.82,4397.64,4397.82,0.18
2026-09-02 22:21:00,1788387660000,4397.81,4397.81,4397.64,4397.65,1.0981
2026-09-02 22:22:00,1788387720000,4397.65,4397.65,4397.65,4397.65,0.1279
2026-09-02 22:23:00,1788387780000,4397.65,4398.24,4397.65,4398.24,0.7257
2026-09-02 22:24:00,1788387840000,4398.25,4398.25,4398.24,4398.25,0.4145
2026-09-02 22:25:00,1788387900000,4398.25,4398.25,4398.24,4398.24,1.3869
2026-09-02 22:26:00,1788387960000,4398.24,4399.41,4398.24,4399.41,0.4349
2026-09-02 22:27:00,1788388020000,4399.41,4400.01,4399.41,4400.01,0.5011
2026-09-02 22:28:00,1788388080000,4400.01,4400.08,4400.01,4400.08,0.092
2026-09-02 22:29:00,1788388140000,4399.93,4399.93,4399.42,4399.42,0.5301
2026-09-02 22:30:00,1788388200000,4399.42,4399.42,4399.41,4399.42,0.201
2026-09-02 22:31:00,1788388260000,4399.42,4399.42,4398.46,4398.46,0.6641
2026-09-02 22:32:00,1788388320000,4398.45,4398.69,4397.72,4398.69,0.6806
2026-09-02 22:33:00,1788388380000,4398.68,4398.69,4398.68,4398.69,0.085
2026-09-02 22:34:00,1788388440000,4398.69,4398.69,4398.26,4398.26,0.1137
2026-09-02 22:35:00,1788388500000,4398.26,4398.26,4398.26,4398.26,0.0694
2026-09-02 22:36:00,1788388560000,4397.81,4397.81,4397.72,4397.72,0.0892
2026-09-02 22:37:00,1788388620000,4397.73,4397.73,4397.73,4397.73,0.2307
2026-09-02 22:38:00,1788388680000,4397.73,4397.73,4397.73,4397.73,0.1752
2026-09-02 22:39:00,1788388740000,4397.73,4397.73,4397.73,4397.73,0.0515
2026-09-02 22:40:00,1788388800000,4397.73,4397.73,4397.72,4397.72,0.3732
2026-09-02 22:41:00,1788388860000,4397.73,4397.73,4397.38,4397.39,2.8458
2026-09-02 22:42:00,1788388920000,4397.39,4397.39,4396.06,4396.06,0.7601
2026-09-02 22:43:00,1788388980000,4396.0,4396.0,4396.0,4396.0,0.0929
2026-09-02 22:44:00,1788389040000,4395.99,4396.0,4395.92,4395.92,0.6395
2026-09-02 22:45:00,1788389100000,4395.17,4395.17,4393.86,4394.3,1.7443
2026-09-02 22:46:00,1788389160000,4394.3,4394.3,4394.3,4394.3,0.0567
2026-09-02 22:47:00,1788389220000,4394.3,4394.3,4394.0,4394.0,0.0312
2026-09-02 22:48:00,1788389280000,4393.99,4393.99,4393.99,4393.99,0.0131
2026-09-02 22:49:00,1788389340000,4393.99,4393.99,4393.99,4393.99,0.0229
2026-09-02 22:50:00,1788389400000,4393.99,4393.99,4393.99,4393.99,0.0
2026-09-02 22:51:00,1788389460000,4393.88,4393.88,4393.88,4393.88,0.0013
2026-09-02 22:52:00,1788389520000,4393.88,4393.88,4393.88,4393.88,0.0
2026-09-02 22:53:00,1788389580000,4393.88,4393.88,4393.88,4393.88,0.0096
2026-09-02 22:54:00,1788389640000,4393.88,4393.88,4393.88,4393.88,0.0
2026-09-02 22:55:00,1788389700000,4393.88,4393.88,4393.88,4393.88,0.0027
2026-09-02 22:56:00,1788389760000,4393.87,4393.87,4393.87,4393.87,0.0111
2026-09-02 22:57:00,1788389820000,4393.88,4393.88,4393.87,4393.87,0.0501
2026-09-02 22:58:00,1788389880000,4393.87,4393.88,4393.87,4393.88,0.0194
2026-09-02 22:59:00,1788389940000,4393.88,4393.88,4393.88,4393.88,0.0126
2026-09-02 23:00:00,1788390000000,4393.95,4394.79,4393.95,4394.79,0.3077
2026-09-02 23:01:00,1788390060000,4394.21,4394.21,4394.21,4394.21,0.4553
2026-09-02 23:02:00,1788390120000,4394.56,4394.56,4394.55,4394.55,0.0527
2026-09-02 23:03:00,1788390180000,4394.55,4394.55,4393.43,4393.43,1.9539
2026-09-02 23:04:00,1788390240000,4393.44,4395.0,4393.44,4395.0,2.0379
2026-09-02 23:05:00,1788390300000,4395.0,4395.0,4395.0,4395.0,0.0
2026-09-02 23:06:00,1788390360000,4394.59,4394.59,4394.59,4394.59,0.0012
2026-09-02 23:07:00,1788390420000,4394.58,4394.58,4394.58,4394.58,0.0257
2026-09-02 23:08:00,1788390480000,4394.58,4394.59,4394.58,4394.59,0.0786
2026-09-02 23:09:00,1788390540000,4394.59,4395.1,4394.59,4395.1,0.6801
2026-09-02 23:10:00,1788390600000,4395.11,4395.11,4395.1,4395.1,0.0071
2026-09-02 23:11:00,1788390660000,4395.54,4395.54,4395.53,4395.53,0.0101
2026-09-02 23:12:00,1788390720000,4395.53,4395.53,4394.05,4394.05,1.5315
2026-09-02 23:13:00,1788390780000,4394.05,4394.05,4393.41,4393.41,1.391
2026-09-02 23:14:00,1788390840000,4393.41,4393.41,4393.41,4393.41,0.0
2026-09-02 23:15:00,1788390900000,4393.41,4393.41,4393.41,4393.41,0.0
2026-09-02 23:16:00,1788390960000,4393.38,4393.38,4391.95,4391.95,0.2426
2026-09-02 23:17:00,1788391020000,4391.96,4391.96,4391.96,4391.96,0.0068
2026-09-02 23:18:00,1788391080000,4391.95,4391.95,4391.95,4391.95,0.0316
2026-09-02 23:19:00,1788391140000,4391.95,4391.95,4391.95,4391.95,0.0
2026-09-02 23:20:00,1788391200000,4391.49,4391.49,4391.49,4391.49,0.0171
2026-09-02 23:21:00,1788391260000,4391.5,4391.5,4391.49,4391.49,0.0613
2026-09-02 23:22:00,1788391320000,4391.49,4391.49,4391.49,4391.49,0.0357
2026-09-02 23:23:00,1788391380000,4391.49,4391.49,4391.49,4391.49,0.0
2026-09-02 23:24:00,1788391440000,4391.5,4391.5,4391.5,4391.5,0.0023
2026-09-02 23:25:00,1788391500000,4391.5,4391.5,4391.5,4391.5,0.004
2026-09-02 23:26:00,1788391560000,4391.49,4391.49,4391.49,4391.49,0.0025
2026-09-02 23:27:00,1788391620000,4391.5,4391.5,4391.49,4391.49,0.0267
2026-09-02 23:28:00,1788391680000,4391.5,4391.5,4391.5,4391.5,0.0092
2026-09-02 23:29:00,1788391740000,4391.49,4391.49,4391.49,4391.49,0.0024
2026-09-02 23:30:00,1788391800000,4391.47,4392.68,4390.8,4392.68,0.6716
2026-09-02 23:31:00,1788391860000,4392.68,4392.68,4392.68,4392.68,0.015
2026-09-02 23:32:00,1788391920000,4392.68,4392.68,4392.68,4392.68,0.0
2026-09-02 23:33:00,1788391980000,4392.13,4392.13,4392.13,4392.13,0.0028
2026-09-02 23:34:00,1788392040000,4391.84,4391.84,4391.84,4391.84,0.6446
2026-09-02 23:35:00,1788392100000,4392.13,4392.13,4390.99,4390.99,1.2149
2026-09-02 23:36:00,1788392160000,4390.98,4391.35,4390.73,4391.35,0.6712
2026-09-02 23:37:00,1788392220000,4391.35,4391.67,4391.34,4391.67,0.0327
2026-09-02 23:38:00,1788392280000,4392.21,4392.34,4392.21,4392.33,0.2281
2026-09-02 23:39:00,1788392340000,4391.64,4391.64,4391.64,4391.64,0.1623
2026-09-02 23:40:00,1788392400000,4391.91,4391.92,4391.91,4391.92,0.0802
2026-09-02 23:41:00,1788392460000,4392.34,4392.34,4392.34,4392.34,0.1703
2026-09-02 23:42:00,1788392520000,4393.05,4394.16,4393.05,4394.15,2.7749
2026-09-02 23:43:00,1788392580000,4394.16,4394.16,4393.98,4393.98,1.6931
2026-09-02 23:44:00,1788392640000,4393.25,4394.03,4393.25,4394.02,0.3596
2026-09-02 23:45:00,1788392700000,4394.03,4396.36,4394.03,4396.35,0.7738
2026-09-02 23:46:00,1788392760000,4395.89,4397.44,4395.89,4397.44,0.0148
2026-09-02 23:47:00,1788392820000,4397.43,4397.66,4397.06,4397.65,1.6898
2026-09-02 23:48:00,1788392880000,4397.2,4397.2,4395.28,4395.29,0.5011
2026-09-02 23:49:00,1788392940000,4396.27,4396.27,4396.27,4396.27,0.0022
2026-09-02 23:50:00,1788393000000,4396.01,4396.01,4396.01,4396.01,0.6321
2026-09-02 23:51:00,1788393060000,4396.01,4396.01,4395.36,4395.36,0.4245
2026-09-02 23:52:00,1788393120000,4395.82,4395.82,4395.59,4395.59,0.0796
2026-09-02 23:53:00,1788393180000,4395.04,4395.04,4394.57,4394.57,0.268
2026-09-02 23:54:00,1788393240000,4394.11,4394.11,4393.82,4393.82,0.0942
2026-09-02 23:55:00,1788393300000,4393.82,4393.82,4393.81,4393.82,0.6161
2026-09-02 23:56:00,1788393360000,4395.24,4395.24,4395.17,4395.17,0.7847
2026-09-02 23:57:00,1788393420000,4395.01,4395.01,4394.14,4394.14,0.2016
2026-09-02 23:58:00,1788393480000,4393.7,4393.7,4393.69,4393.7,0.0153
2026-09-02 23:59:00,1788393540000,4393.69,4394.57,4393.69,4394.57,0.4281
2026-09-03 00:00:00,1788393600000,4394.56,4395.85,4394.03,4395.64,1.1536
2026-09-03 00:01:00,1788393660000,4395.64,4395.64,4394.58,4394.58,0.021
2026-09-03 00:02:00,1788393720000,4394.57,4394.57,4394.14,4394.34,5.3136
2026-09-03 00:03:00,1788393780000,4394.58,4394.58,4394.58,4394.58,0.4552
2026-09-03 00:04:00,1788393840000,4396.11,4397.27,4396.11,4397.27,0.0522
2026-09-03 00:05:00,1788393900000,4397.27,4397.27,4397.27,4397.27,0.0
2026-09-03 00:06:00,1788393960000,4399.0,4399.0,4398.54,4398.54,0.0044
2026-09-03 00:07:00,1788394020000,4398.09,4398.09,4395.46,4396.08,3.4595
2026-09-03 00:08:00,1788394080000,4396.07,4396.07,4394.14,4395.41,2.497
2026-09-03 00:09:00,1788394140000,4394.73,4395.04,4393.26,4395.04,0.2448
2026-09-03 00:10:00,1788394200000,4395.04,4397.41,4395.04,4397.4,0.1995
2026-09-03 00:11:00,1788394260000,4399.33,4400.0,4399.33,4400.0,0.2881
2026-09-03 00:12:00,1788394320000,4400.26,4400.3,4399.0,4400.02,1.3809
2026-09-03 00:13:00,1788394380000,4399.43,4399.43,4397.65,4398.03,0.4061
2026-09-03 00:14:00,1788394440000,4398.03,4398.03,4398.03,4398.03,0.0
2026-09-03 00:15:00,1788394500000,4398.53,4398.53,4396.0,4396.0,0.7601
2026-09-03 00:16:00,1788394560000,4394.16,4394.16,4394.16,4394.16,0.0121
2026-09-03 00:17:00,1788394620000,4394.6,4396.67,4394.6,4396.65,2.489
2026-09-03 00:18:00,1788394680000,4396.65,4396.65,4396.65,4396.65,0.0
2026-09-03 00:19:00,1788394740000,4396.42,4397.16,4395.49,4395.49,1.095
2026-09-03 00:20:00,1788394800000,4395.49,4396.21,4395.25,4395.25,0.6215
2026-09-03 00:21:00,1788394860000,4394.51,4394.51,4394.51,4394.51,0.0892
2026-09-03 00:22:00,1788394920000,4395.04,4396.1,4395.04,4395.04,0.083
2026-09-03 00:23:00,1788394980000,4395.88,4395.88,4395.88,4395.88,0.0042
2026-09-03 00:24:00,1788395040000,4395.46,4395.46,4395.46,4395.46,0.0023
2026-09-03 00:25:00,1788395100000,4396.1,4396.1,4396.1,4396.1,0.1375
2026-09-03 00:26:00,1788395160000,4396.99,4397.79,4396.99,4397.79,0.064
2026-09-03 00:27:00,1788395220000,4397.65,4397.65,4396.81,4396.81,0.7755
2026-09-03 00:28:00,1788395280000,4396.33,4396.34,4396.02,4396.02,0.0057
2026-09-03 00:29:00,1788395340000,4396.19,4396.19,4396.02,4396.02,0.0319
2026-09-03 00:30:00,1788395400000,4396.02,4396.02,4394.76,4394.76,0.4404
2026-09-03 00:31:00,1788395460000,4394.17,4394.17,4394.17,4394.17,0.0033
2026-09-03 00:32:00,1788395520000,4394.16,4394.16,4394.12,4394.12,0.6311
2026-09-03 00:33:00,1788395580000,4394.13,4394.13,4393.48,4393.48,0.4158
2026-09-03 00:34:00,1788395640000,4392.82,4392.82,4391.91,4391.91,0.0602
2026-09-03 00:35:00,1788395700000,4392.4,4392.4,4392.4,4392.4,0.4566
2026-09-03 00:36:00,1788395760000,4392.77,4392.77,4392.77,4392.77,0.4554
2026-09-03 00:37:00,1788395820000,4393.27,4394.49,4392.81,4394.49,1.0476
2026-09-03 00:38:00,1788395880000,4394.74,4396.36,4394.74,4396.35,0.8801
2026-09-03 00:39:00,1788395940000,4397.24,4397.24,4396.82,4396.82,1.6572
2026-09-03 00:40:00,1788396000000,4397.1,4397.1,4395.78,4395.78,0.5459
2026-09-03 00:41:00,1788396060000,4396.11,4396.98,4396.11,4396.98,0.6359
2026-09-03 00:42:00,1788396120000,4397.24,4398.12,4397.24,4398.12,0.0429
2026-09-03 00:43:00,1788396180000,4398.11,4398.11,4397.26,4397.26,0.0633
2026-09-03 00:44:00,1788396240000,4397.26,4397.26,4397.26,4397.26,0.0
2026-09-03 00:45:00,1788396300000,4396.73,4396.73,4395.59,4395.59,1.0797
2026-09-03 00:46:00,1788396360000,4396.79,4396.79,4396.39,4396.49,0.1243
2026-09-03 00:47:00,1788396420000,4396.48,4396.48,4396.48,4396.48,0.0094
2026-09-03 00:48:00,1788396480000,4395.97,4397.1,4395.97,4396.35,1.2486
2026-09-03 00:49:00,1788396540000,4396.53,4397.8,4396.53,4397.8,2.16
2026-09-03 00:50:00,1788396600000,4397.81,4400.59,4397.81,4400.59,1.5001
2026-09-03 00:51:00,1788396660000,4400.59,4400.6,4399.86,4400.59,2.5926
2026-09-03 00:52:00,1788396720000,4400.41,4402.41,4400.41,4402.41,4.0699
2026-09-03 00:53:00,1788396780000,4402.19,4402.19,4399.86,4399.86,0.4184
2026-09-03 00:54:00,1788396840000,4400.48,4400.48,4398.54,4400.31,0.6912
2026-09-03 00:55:00,1788396900000,4401.14,4401.14,4400.36,4400.36,0.4829
2026-09-03 00:56:00,1788396960000,4401.05,4401.05,4401.04,4401.05,0.0128
2026-09-03 00:57:00,1788397020000,4401.04,4402.52,4401.04,4402.52,0.0565
2026-09-03 00:58:00,1788397080000,4402.75,4403.12,4402.75,4403.12,0.3338
2026-09-03 00:59:00,1788397140000,4403.2,4406.4,4403.11,4405.13,2.3085
2026-09-03 01:00:00,1788397200000,4403.82,4405.91,4399.85,4399.85,9.2318
2026-09-03 01:01:00,1788397260000,4399.44,4401.43,4399.43,4399.79,1.3106
2026-09-03 01:02:00,1788397320000,4399.18,4402.48,4396.99,4402.48,0.5485
2026-09-03 01:03:00,1788397380000,4404.27,4404.27,4399.42,4401.32,1.7191
2026-09-03 01:04:00,1788397440000,4402.07,4403.82,4402.06,4403.82,0.9111
2026-09-03 01:05:00,1788397500000,4404.89,4405.04,4402.94,4405.04,4.395
2026-09-03 01:06:00,1788397560000,4405.05,4406.41,4404.92,4406.32,0.3316
2026-09-03 01:07:00,1788397620000,4405.56,4408.86,4405.56,4408.7,0.8719
2026-09-03 01:08:00,1788397680000,4408.21,4410.54,4408.21,4410.54,3.3215
2026-09-03 01:09:00,1788397740000,4410.53,4412.69,4410.02,4412.32,5.8394
2026-09-03 01:10:00,1788397800000,4411.74,4413.99,4411.74,4413.99,0.9162
2026-09-03 01:11:00,1788397860000,4413.99,4416.47,4413.99,4416.47,3.349
2026-09-03 01:12:00,1788397920000,4416.47,4417.89,4414.18,4414.18,1.8725
2026-09-03 01:13:00,1788397980000,4413.49,4414.27,4411.73,4413.06,1.2396
2026-09-03 01:14:00,1788398040000,4413.05,4413.05,4411.3,4411.3,4.4151
2026-09-03 01:15:00,1788398100000,4411.0,4411.29,4409.79,4411.29,0.6323
2026-09-03 01:16:00,1788398160000,4413.07,4413.08,4411.3,4411.3,0.7539
2026-09-03 01:17:00,1788398220000,4409.97,4409.97,4408.75,4408.76,0.3843
2026-09-03 01:18:00,1788398280000,4408.75,4408.75,4406.46,4407.76,2.565
2026-09-03 01:19:00,1788398340000,4407.76,4409.11,4407.76,4408.64,1.3355
2026-09-03 01:20:00,1788398400000,4407.89,4409.94,4407.83,4409.94,1.2431
2026-09-03 01:21:00,1788398460000,4410.35,4412.19,4410.05,4411.53,1.2497
2026-09-03 01:22:00,1788398520000,4410.55,4411.31,4410.55,4411.15,0.1101
2026-09-03 01:23:00,1788398580000,4412.34,4412.34,4409.45,4409.45,2.4642
2026-09-03 01:24:00,1788398640000,4409.45,4409.45,4406.19,4406.49,6.6196
2026-09-03 01:25:00,1788398700000,4406.45,4407.92,4406.45,4407.57,1.8203
2026-09-03 01:26:00,1788398760000,4406.45,4406.46,4403.89,4404.43,0.5439
2026-09-03 01:27:00,1788398820000,4404.42,4406.86,4404.42,4406.86,1.7236
2026-09-03 01:28:00,1788398880000,4406.11,4409.39,4406.11,4408.97,1.6806
2026-09-03 01:29:00,1788398940000,4408.21,4411.29,4408.21,4411.28,1.0098
2026-09-03 01:30:00,1788399000000,4411.28,4413.29,4411.28,4413.07,11.7386
2026-09-03 01:31:00,1788399060000,4413.58,4417.99,4413.58,4417.46,1.959
2026-09-03 01:32:00,1788399120000,4417.59,4417.67,4415.14,4415.14,1.5635
2026-09-03 01:33:00,1788399180000,4415.68,4415.68,4413.5,4414.81,1.6461
2026-09-03 01:34:00,1788399240000,4415.01,4415.92,4415.01,4415.92,1.3877
2026-09-03 01:35:00,1788399300000,4417.52,4417.53,4415.67,4416.91,4.5072
2026-09-03 01:36:00,1788399360000,4416.16,4417.47,4415.74,4416.83,1.4413
2026-09-03 01:37:00,1788399420000,4416.83,4416.83,4415.25,4415.25,0.0164
2026-09-03 01:38:00,1788399480000,4414.82,4415.51,4414.42,4415.51,0.8391
2026-09-03 01:39:00,1788399540000,4417.07,4417.07,4417.07,4417.07,0.1339
2026-09-03 01:40:00,1788399600000,4417.08,4417.08,4416.0,4416.0,0.6898
2026-09-03 01:41:00,1788399660000,4414.95,4414.95,4414.12,4414.12,0.2014
2026-09-03 01:42:00,1788399720000,4413.51,4413.95,4413.51,4413.63,0.079
2026-09-03 01:43:00,1788399780000,4413.69,4413.69,4411.3,4411.3,1.2612
2026-09-03 01:44:00,1788399840000,4410.58,4410.85,4410.08,4410.1,1.0914
2026-09-03 01:45:00,1788399900000,4410.11,4410.98,4410.11,4410.98,1.0018
2026-09-03 01:46:00,1788399960000,4411.05,4411.05,4411.05,4411.05,0.0074
2026-09-03 01:47:00,1788400020000,4411.41,4411.41,4411.41,4411.41,0.1596
2026-09-03 01:48:00,1788400080000,4410.72,4412.3,4410.72,4412.3,7.6515
2026-09-03 01:49:00,1788400140000,4413.18,4417.06,4413.18,4416.6,2.3674
2026-09-03 01:50:00,1788400200000,4416.27,4416.27,4415.01,4415.27,1.1598
2026-09-03 01:51:00,1788400260000,4415.0,4415.58,4414.83,4414.83,4.2213
2026-09-03 01:52:00,1788400320000,4414.95,4416.69,4414.95,4416.46,1.0769
2026-09-03 01:53:00,1788400380000,4417.06,4417.06,4416.26,4416.26,0.1347
2026-09-03 01:54:00,1788400440000,4416.55,4416.68,4415.98,4416.68,0.199
2026-09-03 01:55:00,1788400500000,4417.07,4418.49,4417.07,4418.23,2.1397
2026-09-03 01:56:00,1788400560000,4418.23,4418.23,4418.23,4418.23,0.2263
2026-09-03 01:57:00,1788400620000,4417.91,4417.91,4416.66,4416.66,0.1237
2026-09-03 01:58:00,1788400680000,4418.51,4420.0,4418.51,4420.0,1.9944
2026-09-03 01:59:00,1788400740000,4420.0,4420.11,4418.8,4418.8,3.9151
2026-09-03 02:00:00,1788400800000,4418.49,4418.49,4418.35,4418.35,0.1307
2026-09-03 02:01:00,1788400860000,4418.8,4422.38,4418.8,4421.71,3.6637
2026-09-03 02:02:00,1788400920000,4421.71,4422.99,4421.71,4422.99,5.3927
2026-09-03 02:03:00,1788400980000,4422.99,4423.3,4421.98,4421.98,3.2317
2026-09-03 02:04:00,1788401040000,4421.98,4421.98,4419.66,4419.95,18.1982
2026-09-03 02:05:00,1788401100000,4419.33,4419.77,4419.33,4419.77,0.0179
2026-09-03 02:06:00,1788401160000,4420.4,4420.4,4419.79,4419.79,0.5151
2026-09-03 02:07:00,1788401220000,4420.31,4420.31,4419.94,4419.94,0.0735
2026-09-03 02:08:00,1788401280000,4419.94,4420.57,4419.78,4420.57,1.8453
2026-09-03 02:09:00,1788401340000,4419.94,4420.5,4419.94,4420.5,4.1422
2026-09-03 02:10:00,1788401400000,4420.5,4422.41,4420.5,4422.41,2.0576
2026-09-03 02:11:00,1788401460000,4422.77,4422.77,4421.06,4421.13,1.8694
2026-09-03 02:12:00,1788401520000,4421.14,4421.71,4421.06,4421.71,1.6276
2026-09-03 02:13:00,1788401580000,4422.41,4422.41,4420.01,4420.2,3.5567
2026-09-03 02:14:00,1788401640000,4420.67,4420.67,4420.13,4420.36,2.5541
2026-09-03 02:15:00,1788401700000,4420.83,4420.84,4420.58,4420.84,1.8816
2026-09-03 02:16:00,1788401760000,4421.0,4421.72,4421.0,4421.72,2.2941
2026-09-03 02:17:00,1788401820000,4421.73,4421.73,4419.47,4419.47,22.8507
2026-09-03 02:18:00,1788401880000,4419.92,4419.92,4419.47,4419.47,0.1655
2026-09-03 02:19:00,1788401940000,4419.21,4419.98,4419.21,4419.46,2.0489
2026-09-03 02:20:00,1788402000000,4419.46,4419.46,4419.24,4419.24,0.0568
2026-09-03 02:21:00,1788402060000,4419.24,4420.0,4419.24,4419.99,2.0824
2026-09-03 02:22:00,1788402120000,4420.0,4420.92,4420.0,4420.0,2.2138
2026-09-03 02:23:00,1788402180000,4419.21,4419.21,4416.16,4416.16,0.4081
2026-09-03 02:24:00,1788402240000,4417.54,4418.77,4417.54,4418.77,0.0046
2026-09-03 02:25:00,1788402300000,4418.64,4418.64,4417.17,4417.17,0.6825
2026-09-03 02:26:00,1788402360000,4418.01,4418.01,4418.01,4418.01,0.1537
2026-09-03 02:27:00,1788402420000,4417.2,4419.9,4417.2,4419.9,3.2323
2026-09-03 02:28:00,1788402480000,4419.9,4420.55,4419.9,4420.34,3.2
2026-09-03 02:29:00,1788402540000,4420.67,4420.67,4420.67,4420.67,0.0365
2026-09-03 02:30:00,1788402600000,4421.22,4423.74,4419.99,4423.74,1.9743
2026-09-03 02:31:00,1788402660000,4424.0,4425.05,4424.0,4425.05,1.0496
2026-09-03 02:32:00,1788402720000,4425.05,4425.39,4423.2,4423.2,2.9033
2026-09-03 02:33:00,1788402780000,4423.2,4423.64,4423.2,4423.64,0.4589
2026-09-03 02:34:00,1788402840000,4424.52,4425.12,4424.33,4424.33,2.3002
2026-09-03 02:35:00,1788402900000,4425.0,4425.4,4424.08,4424.08,1.8653
2026-09-03 02:36:00,1788402960000,4423.64,4423.89,4423.64,4423.89,0.6804
2026-09-03 02:37:00,1788403020000,4423.89,4425.74,4423.89,4425.74,1.5808
2026-09-03 02:38:00,1788403080000,4424.97,4425.93,4424.96,4425.93,1.2022
2026-09-03 02:39:00,1788403140000,4425.93,4425.93,4424.52,4424.52,1.103
2026-09-03 02:40:00,1788403200000,4424.52,4424.99,4424.52,4424.99,0.4726
2026-09-03 02:41:00,1788403260000,4424.99,4424.99,4424.0,4424.0,4.6403
2026-09-03 02:42:00,1788403320000,4423.2,4423.79,4422.67,4422.67,1.2904
2026-09-03 02:43:00,1788403380000,4422.8,4423.13,4422.8,4423.13,1.0637
2026-09-03 02:44:00,1788403440000,4423.12,4423.57,4421.99,4422.17,4.0288
2026-09-03 02:45:00,1788403500000,4423.14,4423.14,4420.75,4421.97,1.4524
2026-09-03 02:46:00,1788403560000,4422.85,4423.16,4422.82,4423.16,0.7338
2026-09-03 02:47:00,1788403620000,4423.16,4424.23,4423.16,4423.95,0.7471
2026-09-03 02:48:00,1788403680000,4423.63,4423.7,4423.32,4423.32,0.6426
2026-09-03 02:49:00,1788403740000,4422.72,4425.07,4422.72,4425.07,0.8242
2026-09-03 02:50:00,1788403800000,4425.86,4426.88,4425.86,4426.88,0.9558
2026-09-03 02:51:00,1788403860000,4426.87,4426.87,4425.35,4425.35,1.3323
2026-09-03 02:52:00,1788403920000,4425.36,4427.02,4425.36,4427.02,1.9378
2026-09-03 02:53:00,1788403980000,4427.02,4427.02,4426.46,4427.01,1.0141
2026-09-03 02:54:00,1788404040000,4427.03,4427.68,4427.03,4427.68,2.674
2026-09-03 02:55:00,1788404100000,4427.68,4427.68,4427.68,4427.68,0.0225
2026-09-03 02:56:00,1788404160000,4427.68,4428.43,4427.68,4428.42,1.1582
2026-09-03 02:57:00,1788404220000,4428.42,4428.42,4427.67,4427.88,1.1579
2026-09-03 02:58:00,1788404280000,4427.88,4427.88,4427.54,4427.54,0.2246
2026-09-03 02:59:00,1788404340000,4427.55,4427.84,4427.55,4427.84,0.1013
2026-09-03 03:00:00,1788404400000,4427.88,4428.81,4427.88,4428.81,2.7738
2026-09-03 03:01:00,1788404460000,4428.9,4429.16,4428.04,4428.25,0.8626
2026-09-03 03:02:00,1788404520000,4428.12,4428.13,4428.12,4428.13,0.645
2026-09-03 03:03:00,1788404580000,4429.01,4430.0,4429.01,4430.0,1.0658
2026-09-03 03:04:00,1788404640000,4430.0,4431.88,4430.0,4431.87,2.1637
2026-09-03 03:05:00,1788404700000,4431.87,4431.87,4431.44,4431.87,0.5703
2026-09-03 03:06:00,1788404760000,4431.88,4431.88,4431.88,4431.88,0.0016
2026-09-03 03:07:00,1788404820000,4431.88,4432.7,4431.88,4432.7,2.3354
2026-09-03 03:08:00,1788404880000,4432.7,4432.7,4432.29,4432.29,12.4954
2026-09-03 03:09:00,1788404940000,4432.3,4432.3,4432.29,4432.3,0.5481
2026-09-03 03:10:00,1788405000000,4432.5,4432.51,4432.29,4432.29,0.0681
2026-09-03 03:11:00,1788405060000,4432.29,4432.6,4432.29,4432.6,1.9717
2026-09-03 03:12:00,1788405120000,4432.6,4435.0,4432.6,4435.0,5.0057
2026-09-03 03:13:00,1788405180000,4435.19,4436.17,4435.19,4436.17,2.1744
2026-09-03 03:14:00,1788405240000,4436.16,4436.16,4434.78,4435.05,4.8477
2026-09-03 03:15:00,1788405300000,4435.69,4435.93,4435.41,4435.93,0.4973
2026-09-03 03:16:00,1788405360000,4436.27,4436.28,4434.76,4435.06,10.6512
2026-09-03 03:17:00,1788405420000,4435.05,4435.05,4433.78,4434.41,2.5157
2026-09-03 03:18:00,1788405480000,4434.04,4434.04,4433.07,4433.58,0.9305
2026-09-03 03:19:00,1788405540000,4433.58,4433.58,4433.08,4433.58,0.8931
2026-09-03 03:20:00,1788405600000,4433.58,4433.58,4432.44,4432.44,0.4305
2026-09-03 03:21:00,1788405660000,4432.01,4432.01,4432.0,4432.01,0.1015
2026-09-03 03:22:00,1788405720000,4432.09,4432.09,4431.55,4431.55,0.7245
2026-09-03 03:23:00,1788405780000,4431.55,4431.55,4431.39,4431.39,0.361
2026-09-03 03:24:00,1788405840000,4431.12,4432.08,4431.12,4432.07,13.9298
2026-09-03 03:25:00,1788405900000,4431.91,4431.92,4431.91,4431.92,0.0174
2026-09-03 03:26:00,1788405960000,4432.07,4433.42,4432.07,4433.42,0.7941
2026-09-03 03:27:00,1788406020000,4433.41,4433.55,4433.1,4433.55,0.3934
2026-09-03 03:28:00,1788406080000,4433.73,4434.77,4433.73,4434.77,0.2716
2026-09-03 03:29:00,1788406140000,4434.78,4436.71,4434.78,4436.29,1.1956
2026-09-03 03:30:00,1788406200000,4435.93,4437.7,4435.92,4437.7,5.743
2026-09-03 03:31:00,1788406260000,4436.8,4436.8,4435.92,4435.92,0.4792
2026-09-03 03:32:00,1788406320000,4435.93,4437.77,4435.93,4437.54,0.686
2026-09-03 03:33:00,1788406380000,4437.53,4437.54,4437.53,4437.54,0.3706
2026-09-03 03:34:00,1788406440000,4437.53,4437.54,4437.53,4437.54,0.7642
2026-09-03 03:35:00,1788406500000,4437.48,4437.68,4436.37,4436.8,1.6572
2026-09-03 03:36:00,1788406560000,4435.92,4436.22,4435.52,4435.92,1.1186
2026-09-03 03:37:00,1788406620000,4435.91,4435.92,4435.91,4435.92,0.0099
2026-09-03 03:38:00,1788406680000,4435.92,4436.36,4435.92,4436.36,1.0902
2026-09-03 03:39:00,1788406740000,4436.36,4436.69,4436.36,4436.69,0.2939
2026-09-03 03:40:00,1788406800000,4436.69,4436.69,4436.68,4436.68,0.0189
2026-09-03 03:41:00,1788406860000,4435.98,4435.98,4435.84,4435.84,1.091
2026-09-03 03:42:00,1788406920000,4434.9,4434.9,4434.9,4434.9,0.1185
2026-09-03 03:43:00,1788406980000,4434.89,4434.89,4434.76,4434.76,0.0254
2026-09-03 03:44:00,1788407040000,4434.15,4434.15,4433.27,4433.27,0.0909
2026-09-03 03:45:00,1788407100000,4432.87,4432.87,4432.66,4432.66,0.1089
2026-09-03 03:46:00,1788407160000,4432.67,4432.67,4432.67,4432.67,0.0038
2026-09-03 03:47:00,1788407220000,4432.66,4432.66,4431.52,4431.52,0.0039
2026-09-03 03:48:00,1788407280000,4431.51,4432.4,4431.51,4432.4,0.74
2026-09-03 03:49:00,1788407340000,4432.15,4433.89,4432.15,4433.08,2.7988
2026-09-03 03:50:00,1788407400000,4433.07,4433.89,4432.18,4433.89,3.7409
2026-09-03 03:51:00,1788407460000,4433.46,4433.49,4433.46,4433.49,0.6758
2026-09-03 03:52:00,1788407520000,4433.48,4433.88,4433.27,4433.28,1.4958
2026-09-03 03:53:00,1788407580000,4433.9,4435.91,4433.9,4435.91,0.067
2026-09-03 03:54:00,1788407640000,4434.6,4436.0,4434.6,4436.0,0.8403
2026-09-03 03:55:00,1788407700000,4436.94,4437.61,4436.94,4437.61,0.4709
2026-09-03 03:56:00,1788407760000,4437.48,4437.53,4437.48,4437.53,0.5883
2026-09-03 03:57:00,1788407820000,4437.75,4437.76,4437.48,4437.53,1.0264
2026-09-03 03:58:00,1788407880000,4437.78,4437.78,4437.78,4437.78,0.0078
2026-09-03 03:59:00,1788407940000,4437.27,4437.81,4437.27,4437.81,0.2319
2026-09-03 04:00:00,1788408000000,4437.81,4437.81,4437.27,4437.27,0.3303
2026-09-03 04:01:00,1788408060000,4437.19,4437.19,4435.12,4435.12,0.1911
2026-09-03 04:02:00,1788408120000,4435.12,4435.12,4435.03,4435.03,0.9453
2026-09-03 04:03:00,1788408180000,4434.67,4434.67,4434.67,4434.67,0.2171
2026-09-03 04:04:00,1788408240000,4434.15,4434.15,4434.14,4434.14,0.1609
2026-09-03 04:05:00,1788408300000,4433.9,4433.9,4433.07,4433.07,1.4544
2026-09-03 04:06:00,1788408360000,4432.9,4433.0,4432.43,4432.43,11.0118
2026-09-03 04:07:00,1788408420000,4432.43,4435.73,4431.58,4435.73,24.477
2026-09-03 04:08:00,1788408480000,4436.22,4437.89,4436.22,4437.89,1.1655
2026-09-03 04:09:00,1788408540000,4437.85,4438.45,4437.85,4438.45,1.7729
2026-09-03 04:10:00,1788408600000,4438.46,4440.26,4438.46,4440.26,4.6821
2026-09-03 04:11:00,1788408660000,4440.27,4440.38,4439.14,4439.14,7.3414
2026-09-03 04:12:00,1788408720000,4440.01,4440.01,4438.36,4438.36,1.1254
2026-09-03 04:13:00,1788408780000,4438.35,4438.36,4438.35,4438.35,0.5956
2026-09-03 04:14:00,1788408840000,4437.96,4437.96,4436.85,4437.34,1.8622
2026-09-03 04:15:00,1788408900000,4436.87,4436.87,4436.86,4436.86,1.2663
2026-09-03 04:16:00,1788408960000,4436.36,4436.36,4436.35,4436.35,0.062
2026-09-03 04:17:00,1788409020000,4436.79,4436.79,4436.79,4436.79,0.0381
2026-09-03 04:18:00,1788409080000,4436.79,4436.8,4436.79,4436.79,0.1089
2026-09-03 04:19:00,1788409140000,4437.1,4437.1,4436.88,4436.88,3.9935
2026-09-03 04:20:00,1788409200000,4436.8,4437.67,4436.8,4437.67,1.9654
2026-09-03 04:21:00,1788409260000,4438.11,4438.11,4438.11,4438.11,0.0202
2026-09-03 04:22:00,1788409320000,4438.12,4438.12,4437.69,4437.69,0.009
2026-09-03 04:23:00,1788409380000,4438.11,4438.12,4438.11,4438.12,0.1682
2026-09-03 04:24:00,1788409440000,4438.99,4439.44,4438.98,4439.44,0.0846
2026-09-03 04:25:00,1788409500000,4440.26,4441.53,4440.25,4440.25,3.5249
2026-09-03 04:26:00,1788409560000,4441.31,4441.53,4441.31,4441.53,0.2578
2026-09-03 04:27:00,1788409620000,4441.52,4441.52,4440.32,4440.32,0.7134
2026-09-03 04:28:00,1788409680000,4440.67,4440.67,4440.66,4440.66,0.5196
2026-09-03 04:29:00,1788409740000,4440.66,4440.66,4440.66,4440.66,0.0
2026-09-03 04:30:00,1788409800000,4441.54,4441.97,4441.54,4441.97,2.0075
2026-09-03 04:31:00,1788409860000,4442.0,4442.85,4442.0,4442.28,4.632
2026-09-03 04:32:00,1788409920000,4442.27,4442.27,4441.63,4441.64,0.4561
2026-09-03 04:33:00,1788409980000,4441.63,4442.51,4441.63,4442.51,0.3584
2026-09-03 04:34:00,1788410040000,4442.52,4442.52,4442.5,4442.51,0.267
2026-09-03 04:35:00,1788410100000,4442.51,4442.92,4442.51,4442.92,0.1588
2026-09-03 04:36:00,1788410160000,4442.92,4442.92,4442.18,4442.18,1.3525
2026-09-03 04:37:00,1788410220000,4442.31,4442.74,4442.31,4442.74,0.0144
2026-09-03 04:38:00,1788410280000,4442.92,4443.23,4442.92,4443.22,0.1126
2026-09-03 04:39:00,1788410340000,4443.22,4443.3,4443.22,4443.3,0.0196
2026-09-03 04:40:00,1788410400000,4443.66,4443.91,4443.41,4443.41,1.1778
2026-09-03 04:41:00,1788410460000,4443.41,4443.42,4443.41,4443.41,0.0974
2026-09-03 04:42:00,1788410520000,4443.42,4443.51,4443.42,4443.51,0.0744
2026-09-03 04:43:00,1788410580000,4443.51,4443.85,4443.5,4443.85,1.0556
2026-09-03 04:44:00,1788410640000,4443.85,4443.94,4443.85,4443.94,0.0835
2026-09-03 04:45:00,1788410700000,4443.94,4443.94,4443.94,4443.94,3.2839
2026-09-03 04:46:00,1788410760000,4443.94,4443.94,4443.94,4443.94,0.129
2026-09-03 04:47:00,1788410820000,4443.93,4444.0,4443.93,4443.93,2.6715
2026-09-03 04:48:00,1788410880000,4443.67,4443.67,4443.41,4443.42,0.6168
2026-09-03 04:49:00,1788410940000,4443.41,4443.41,4442.91,4442.92,0.4114
2026-09-03 04:50:00,1788411000000,4442.53,4442.82,4442.27,4442.47,4.5167
2026-09-03 04:51:00,1788411060000,4442.47,4442.47,4442.24,4442.24,0.134
2026-09-03 04:52:00,1788411120000,4442.25,4442.25,4442.25,4442.25,0.1607
2026-09-03 04:53:00,1788411180000,4442.25,4442.47,4442.25,4442.46,1.9699
2026-09-03 04:54:00,1788411240000,4442.21,4442.21,4441.82,4441.82,0.7927
2026-09-03 04:55:00,1788411300000,4441.82,4442.16,4440.8,4440.8,1.3514
2026-09-03 04:56:00,1788411360000,4441.77,4441.77,4440.97,4441.3,8.483
2026-09-03 04:57:00,1788411420000,4441.3,4442.47,4441.3,4442.47,1.8263
2026-09-03 04:58:00,1788411480000,4442.08,4442.08,4442.08,4442.08,0.0738
2026-09-03 04:59:00,1788411540000,4442.08,4442.81,4442.08,4442.81,0.1515
2026-09-03 05:00:00,1788411600000,4442.82,4444.93,4442.82,4444.93,3.0384
2026-09-03 05:01:00,1788411660000,4444.99,4444.99,4443.4,4443.4,1.5635
2026-09-03 05:02:00,1788411720000,4443.3,4443.74,4442.96,4443.31,0.3676
2026-09-03 05:03:00,1788411780000,4443.3,4443.3,4442.33,4442.37,0.2219
2026-09-03 05:04:00,1788411840000,4442.37,4442.37,4442.37,4442.37,0.6821
2026-09-03 05:05:00,1788411900000,4442.07,4442.07,4440.0,4440.0,2.961
2026-09-03 05:06:00,1788411960000,4439.91,4439.91,4438.49,4438.49,1.639
2026-09-03 05:07:00,1788412020000,4438.25,4438.25,4437.66,4438.11,0.6769
2026-09-03 05:08:00,1788412080000,4437.68,4437.68,4436.96,4436.96,1.3593
2026-09-03 05:09:00,1788412140000,4436.79,4436.79,4436.79,4436.79,0.1143
2026-09-03 05:10:00,1788412200000,4436.96,4437.13,4436.96,4437.13,0.168
2026-09-03 05:11:00,1788412260000,4437.12,4437.12,4435.97,4435.98,0.5609
2026-09-03 05:12:00,1788412320000,4435.93,4435.93,4435.93,4435.93,0.3227
2026-09-03 05:13:00,1788412380000,4435.93,4436.1,4435.56,4435.92,2.3385
2026-09-03 05:14:00,1788412440000,4435.33,4435.33,4435.33,4435.33,0.0068
2026-09-03 05:15:00,1788412500000,4435.33,4435.47,4435.0,4435.0,0.3147
2026-09-03 05:16:00,1788412560000,4433.71,4434.59,4433.71,4433.71,0.4867
2026-09-03 05:17:00,1788412620000,4433.55,4433.55,4432.95,4432.95,0.0632
2026-09-03 05:18:00,1788412680000,4433.55,4435.13,4433.29,4434.02,2.2628
2026-09-03 05:19:00,1788412740000,4433.71,4434.39,4433.28,4434.39,0.7703
2026-09-03 05:20:00,1788412800000,4433.71,4433.71,4431.51,4431.94,1.2953
2026-09-03 05:21:00,1788412860000,4431.94,4432.34,4430.76,4430.76,0.6691
2026-09-03 05:22:00,1788412920000,4430.69,4430.69,4429.09,4429.77,1.7243
2026-09-03 05:23:00,1788412980000,4428.97,4428.97,4427.22,4428.23,5.6808
2026-09-03 05:24:00,1788413040000,4428.34,4430.19,4428.34,4430.19,1.5075
2026-09-03 05:25:00,1788413100000,4430.64,4431.07,4428.09,4428.87,0.6412
2026-09-03 05:26:00,1788413160000,4429.75,4430.41,4429.75,4430.41,0.3773
2026-09-03 05:27:00,1788413220000,4430.21,4430.21,4429.47,4429.47,0.2332
2026-09-03 05:28:00,1788413280000,4429.04,4429.47,4429.04,4429.46,0.3395
2026-09-03 05:29:00,1788413340000,4429.47,4431.8,4429.47,4430.64,0.8722
2026-09-03 05:30:00,1788413400000,4429.69,4431.91,4428.01,4431.07,3.9936
2026-09-03 05:31:00,1788413460000,4431.51,4431.51,4429.88,4429.88,1.1741
2026-09-03 05:32:00,1788413520000,4431.5,4433.43,4431.5,4433.43,6.0751
2026-09-03 05:33:00,1788413580000,4435.0,4436.1,4435.0,4435.47,0.8904
2026-09-03 05:34:00,1788413640000,4437.24,4438.11,4436.78,4436.78,1.9638
2026-09-03 05:35:00,1788413700000,4437.62,4437.62,4434.6,4434.6,11.0425
2026-09-03 05:36:00,1788413760000,4432.86,4432.94,4432.04,4432.52,2.0277
2026-09-03 05:37:00,1788413820000,4432.4,4435.29,4432.4,4435.29,2.3337
2026-09-03 05:38:00,1788413880000,4435.22,4435.48,4435.22,4435.47,0.2384
2026-09-03 05:39:00,1788413940000,4434.85,4436.69,4434.6,4434.67,6.5603
2026-09-03 05:40:00,1788414000000,4434.59,4434.94,4432.4,4432.4,0.5766
2026-09-03 05:41:00,1788414060000,4432.19,4432.19,4431.91,4431.91,0.0326
2026-09-03 05:42:00,1788414120000,4432.62,4434.15,4432.62,4433.71,3.6931
2026-09-03 05:43:00,1788414180000,4434.46,4435.86,4434.46,4435.84,1.5566
2026-09-03 05:44:00,1788414240000,4436.35,4437.2,4436.35,4436.87,0.3362
2026-09-03 05:45:00,1788414300000,4438.1,4438.99,4438.1,4438.99,0.5091
2026-09-03 05:46:00,1788414360000,4435.75,4435.75,4434.6,4434.6,1.9153
2026-09-03 05:47:00,1788414420000,4435.03,4438.43,4435.03,4438.43,0.0708
2026-09-03 05:48:00,1788414480000,4439.0,4440.79,4439.0,4440.78,7.0991
2026-09-03 05:49:00,1788414540000,4441.14,4441.46,4440.07,4440.07,0.3962
2026-09-03 05:50:00,1788414600000,4441.46,4443.28,4441.46,4443.28,0.8326
2026-09-03 05:51:00,1788414660000,4442.65,4442.65,4441.64,4441.64,0.6033
2026-09-03 05:52:00,1788414720000,4442.43,4443.31,4442.43,4442.87,0.8736
2026-09-03 05:53:00,1788414780000,4442.09,4442.5,4440.22,4440.22,0.6481
2026-09-03 05:54:00,1788414840000,4440.34,4440.34,4439.28,4439.28,4.7876
2026-09-03 05:55:00,1788414900000,4439.34,4441.63,4439.34,4440.31,10.3296
2026-09-03 05:56:00,1788414960000,4440.76,4441.81,4440.75,4441.19,17.2609
2026-09-03 05:57:00,1788415020000,4440.31,4440.31,4437.68,4437.68,5.3272
2026-09-03 05:58:00,1788415080000,4437.68,4438.07,4437.24,4437.67,1.5778
2026-09-03 05:59:00,1788415140000,4437.68,4438.54,4436.7,4436.7,3.918
2026-09-03 06:00:00,1788415200000,4436.7,4438.99,4436.7,4438.6,3.0228
2026-09-03 06:01:00,1788415260000,4438.12,4438.99,4436.32,4436.32,0.942
2026-09-03 06:02:00,1788415320000,4435.48,4435.49,4435.48,4435.49,0.0923
2026-09-03 06:03:00,1788415380000,4435.04,4435.75,4434.97,4435.36,0.9021
2026-09-03 06:04:00,1788415440000,4434.59,4435.25,4434.59,4435.25,0.7043
2026-09-03 06:05:00,1788415500000,4435.16,4436.36,4435.16,4436.36,2.354
2026-09-03 06:06:00,1788415560000,4436.68,4440.75,4436.39,4440.75,2.1572
2026-09-03 06:07:00,1788415620000,4440.53,4440.53,4437.44,4437.44,0.9389
2026-09-03 06:08:00,1788415680000,4438.11,4438.98,4437.67,4438.56,1.7339
2026-09-03 06:09:00,1788415740000,4438.54,4438.55,4437.24,4437.89,8.0292
2026-09-03 06:10:00,1788415800000,4436.36,4436.78,4435.15,4435.16,1.2855
2026-09-03 06:11:00,1788415860000,4435.92,4435.92,4432.94,4432.94,2.7079
2026-09-03 06:12:00,1788415920000,4432.39,4433.28,4432.39,4433.28,0.4833
2026-09-03 06:13:00,1788415980000,4433.27,4433.71,4431.96,4433.71,3.7594
2026-09-03 06:14:00,1788416040000,4433.72,4433.77,4433.16,4433.16,0.5558
2026-09-03 06:15:00,1788416100000,4432.83,4434.59,4432.83,4434.59,2.06
2026-09-03 06:16:00,1788416160000,4435.81,4435.81,4434.15,4434.5,0.872
2026-09-03 06:17:00,1788416220000,4433.73,4433.73,4432.28,4432.82,1.2507
2026-09-03 06:18:00,1788416280000,4432.83,4435.47,4432.39,4432.39,27.6156
2026-09-03 06:19:00,1788416340000,4432.7,4432.7,4430.64,4431.3,4.1282
2026-09-03 06:20:00,1788416400000,4431.31,4431.76,4431.08,4431.34,1.3395
2026-09-03 06:21:00,1788416460000,4431.51,4431.51,4429.77,4429.78,1.619
2026-09-03 06:22:00,1788416520000,4429.77,4429.77,4429.51,4429.51,0.4764
2026-09-03 06:23:00,1788416580000,4429.5,4429.5,4426.23,4427.55,11.1566
2026-09-03 06:24:00,1788416640000,4427.56,4428.0,4424.43,4425.31,6.9849
2026-09-03 06:25:00,1788416700000,4424.99,4426.24,4424.98,4426.24,2.7589
2026-09-03 06:26:00,1788416760000,4426.67,4428.43,4426.67,4428.42,0.8501
2026-09-03 06:27:00,1788416820000,4429.32,4429.32,4429.3,4429.3,0.2025
2026-09-03 06:28:00,1788416880000,4429.69,4429.69,4427.98,4427.98,1.21
2026-09-03 06:29:00,1788416940000,4427.27,4427.56,4427.27,4427.56,0.0989
2026-09-03 06:30:00,1788417000000,4427.92,4428.19,4427.47,4427.48,0.2791
2026-09-03 06:31:00,1788417060000,4427.99,4427.99,4427.79,4427.99,0.1909
2026-09-03 06:32:00,1788417120000,4427.89,4428.87,4426.68,4427.36,2.139
2026-09-03 06:33:00,1788417180000,4427.37,4428.01,4427.37,4427.99,1.3889
2026-09-03 06:34:00,1788417240000,4427.61,4428.44,4427.61,4428.44,0.2297
2026-09-03 06:35:00,1788417300000,4428.88,4429.1,4428.88,4429.1,0.4827
2026-09-03 06:36:00,1788417360000,4429.59,4430.64,4429.59,4430.64,0.1766
2026-09-03 06:37:00,1788417420000,4431.07,4431.08,4429.32,4429.32,0.1722
2026-09-03 06:38:00,1788417480000,4429.8,4430.65,4429.8,4430.65,0.2668
2026-09-03 06:39:00,1788417540000,4430.64,4430.64,4429.71,4429.71,0.4653
2026-09-03 06:40:00,1788417600000,4428.88,4429.7,4428.88,4429.7,0.2985
2026-09-03 06:41:00,1788417660000,4429.7,4430.57,4429.7,4430.57,0.2854
2026-09-03 06:42:00,1788417720000,4430.57,4430.57,4430.57,4430.57,0.0
2026-09-03 06:43:00,1788417780000,4430.64,4431.52,4430.64,4431.52,0.1222
2026-09-03 06:44:00,1788417840000,4431.37,4431.37,4431.37,4431.37,0.0102
2026-09-03 06:45:00,1788417900000,4431.91,4433.2,4431.09,4433.18,2.3277
2026-09-03 06:46:00,1788417960000,4433.18,4433.19,4432.87,4432.87,0.1576
2026-09-03 06:47:00,1788418020000,4432.4,4433.65,4432.4,4433.65,0.3168
2026-09-03 06:48:00,1788418080000,4433.06,4433.06,4432.26,4432.26,0.1449
2026-09-03 06:49:00,1788418140000,4432.26,4432.26,4432.26,4432.26,0.1576
2026-09-03 06:50:00,1788418200000,4431.91,4431.91,4430.57,4430.57,0.5247
2026-09-03 06:51:00,1788418260000,4430.57,4430.57,4430.39,4430.39,1.3198
2026-09-03 06:52:00,1788418320000,4430.39,4430.39,4430.38,4430.38,0.0237
2026-09-03 06:53:00,1788418380000,4429.31,4429.76,4429.31,4429.76,0.9781
2026-09-03 06:54:00,1788418440000,4429.76,4429.76,4429.55,4429.55,0.5353
2026-09-03 06:55:00,1788418500000,4428.87,4428.88,4428.16,4428.88,0.6688
2026-09-03 06:56:00,1788418560000,4428.58,4428.58,4428.58,4428.58,0.2204
2026-09-03 06:57:00,1788418620000,4428.58,4428.58,4428.05,4428.25,0.7601
2026-09-03 06:58:00,1788418680000,4428.18,4428.18,4427.33,4427.34,0.5398
2026-09-03 06:59:00,1788418740000,4427.33,4427.33,4426.78,4426.79,4.0095
2026-09-03 07:00:00,1788418800000,4426.78,4426.8,4425.47,4426.13,1.1368
2026-09-03 07:01:00,1788418860000,4428.0,4429.13,4428.0,4429.13,0.2015
2026-09-03 07:02:00,1788418920000,4428.89,4433.0,4428.89,4433.0,0.6398
2026-09-03 07:03:00,1788418980000,4432.4,4432.4,4430.59,4431.61,0.8748
2026-09-03 07:04:00,1788419040000,4431.19,4434.93,4431.19,4434.93,1.8298
2026-09-03 07:05:00,1788419100000,4435.91,4435.92,4433.2,4435.03,2.3211
2026-09-03 07:06:00,1788419160000,4434.35,4434.35,4432.03,4433.23,0.9874
2026-09-03 07:07:00,1788419220000,4433.7,4433.7,4431.66,4431.66,0.1212
2026-09-03 07:08:00,1788419280000,4430.19,4430.2,4430.19,4430.2,0.1652
2026-09-03 07:09:00,1788419340000,4430.2,4431.08,4430.2,4430.96,0.6712
2026-09-03 07:10:00,1788419400000,4430.68,4430.68,4429.38,4430.18,0.1848
2026-09-03 07:11:00,1788419460000,4429.94,4429.94,4429.32,4429.32,0.4317
2026-09-03 07:12:00,1788419520000,4429.51,4429.71,4428.7,4429.41,1.5502
2026-09-03 07:13:00,1788419580000,4428.44,4428.44,4427.73,4427.73,0.478
2026-09-03 07:14:00,1788419640000,4427.67,4428.37,4427.67,4427.89,0.648
2026-09-03 07:15:00,1788419700000,4427.89,4428.31,4427.22,4427.97,4.113
2026-09-03 07:16:00,1788419760000,4428.43,4429.52,4428.43,4429.52,2.9996
2026-09-03 07:17:00,1788419820000,4428.99,4429.52,4428.99,4429.52,0.106
2026-09-03 07:18:00,1788419880000,4429.71,4430.64,4428.11,4430.64,2.9355
2026-09-03 07:19:00,1788419940000,4431.08,4431.72,4430.2,4431.15,5.0757
2026-09-03 07:20:00,1788420000000,4430.93,4431.08,4430.64,4431.08,0.7684
2026-09-03 07:21:00,1788420060000,4430.64,4430.65,4430.45,4430.45,1.0542
2026-09-03 07:22:00,1788420120000,4430.44,4431.08,4430.44,4431.08,0.2944
2026-09-03 07:23:00,1788420180000,4431.51,4434.16,4431.51,4434.16,0.3547
2026-09-03 07:24:00,1788420240000,4434.16,4434.16,4434.16,4434.16,0.0
2026-09-03 07:25:00,1788420300000,4434.59,4434.6,4432.24,4432.24,0.3099
2026-09-03 07:26:00,1788420360000,4432.24,4432.24,4432.1,4432.1,0.0164
2026-09-03 07:27:00,1788420420000,4431.11,4432.24,4431.11,4432.24,0.5571
2026-09-03 07:28:00,1788420480000,4432.84,4432.84,4432.84,4432.84,0.2254
2026-09-03 07:29:00,1788420540000,4433.27,4433.27,4432.4,4432.42,1.6595
2026-09-03 07:30:00,1788420600000,4432.41,4433.72,4432.41,4432.84,0.5615
2026-09-03 07:31:00,1788420660000,4432.5,4432.51,4432.49,4432.51,0.1598
2026-09-03 07:32:00,1788420720000,4433.57,4433.57,4432.84,4432.84,0.2736
2026-09-03 07:33:00,1788420780000,4432.41,4432.84,4432.41,4432.84,0.689
2026-09-03 07:34:00,1788420840000,4432.84,4433.28,4432.84,4433.28,2.0227
2026-09-03 07:35:00,1788420900000,4433.28,4435.91,4430.63,4430.63,1.7333
2026-09-03 07:36:00,1788420960000,4431.49,4431.74,4430.2,4431.28,0.7922
2026-09-03 07:37:00,1788421020000,4430.0,4430.97,4429.32,4430.96,0.5942
2026-09-03 07:38:00,1788421080000,4430.81,4433.39,4430.81,4433.03,0.8755
2026-09-03 07:39:00,1788421140000,4433.04,4433.39,4433.03,4433.39,0.3387
2026-09-03 07:40:00,1788421200000,4433.38,4434.6,4432.83,4434.6,1.3477
2026-09-03 07:41:00,1788421260000,4435.04,4435.81,4435.04,4435.81,0.174
2026-09-03 07:42:00,1788421320000,4435.81,4435.81,4433.72,4433.72,0.3734
2026-09-03 07:43:00,1788421380000,4433.73,4435.06,4433.73,4434.8,2.4385
2026-09-03 07:44:00,1788421440000,4434.79,4434.79,4433.41,4433.41,0.5521
2026-09-03 07:45:00,1788421500000,4432.63,4432.64,4432.63,4432.64,0.167
2026-09-03 07:46:00,1788421560000,4433.16,4433.92,4432.4,4433.92,0.2041
2026-09-03 07:47:00,1788421620000,4433.91,4433.91,4433.91,4433.91,0.0154
2026-09-03 07:48:00,1788421680000,4431.51,4431.51,4430.19,4431.03,0.4293
2026-09-03 07:49:00,1788421740000,4431.03,4432.83,4431.03,4432.83,1.4604
2026-09-03 07:50:00,1788421800000,4432.26,4432.26,4432.18,4432.18,0.5724
2026-09-03 07:51:00,1788421860000,4431.27,4431.27,4430.64,4431.08,0.2009
2026-09-03 07:52:00,1788421920000,4431.42,4432.29,4431.42,4432.05,3.8007
2026-09-03 07:53:00,1788421980000,4432.4,4434.33,4432.4,4434.21,3.442
2026-09-03 07:54:00,1788422040000,4434.4,4436.69,4434.4,4436.68,0.9007
2026-09-03 07:55:00,1788422100000,4435.91,4435.91,4434.65,4434.65,0.4597
2026-09-03 07:56:00,1788422160000,4434.64,4434.74,4434.64,4434.74,0.1338
2026-09-03 07:57:00,1788422220000,4435.29,4435.81,4434.79,4434.79,0.7439
2026-09-03 07:58:00,1788422280000,4434.79,4435.72,4434.79,4435.13,0.5918
2026-09-03 07:59:00,1788422340000,4435.14,4435.14,4435.14,4435.14,0.0117
2026-09-03 08:00:00,1788422400000,4435.14,4435.15,4434.66,4434.66,0.2295
2026-09-03 08:01:00,1788422460000,4435.04,4435.8,4435.04,4435.8,0.1944
2026-09-03 08:02:00,1788422520000,4435.48,4435.48,4434.7,4435.48,0.2228
2026-09-03 08:03:00,1788422580000,4435.78,4443.29,4434.16,4443.29,7.621
2026-09-03 08:04:00,1788422640000,4443.65,4445.52,4441.54,4442.08,7.7414
2026-09-03 08:05:00,1788422700000,4443.4,4448.0,4443.4,4446.91,2.4554
2026-09-03 08:06:00,1788422760000,4445.16,4447.79,4445.16,4446.7,1.4224
2026-09-03 08:07:00,1788422820000,4447.95,4448.91,4446.92,4448.51,1.5196
2026-09-03 08:08:00,1788422880000,4448.5,4448.51,4445.24,4445.24,1.1499
2026-09-03 08:09:00,1788422940000,4445.23,4445.23,4442.56,4442.56,1.3061
2026-09-03 08:10:00,1788423000000,4441.49,4441.63,4440.52,4441.2,2.3795
2026-09-03 08:11:00,1788423060000,4441.2,4441.2,4439.87,4439.88,1.233
2026-09-03 08:12:00,1788423120000,4440.39,4440.99,4439.89,4440.02,0.9527
2026-09-03 08:13:00,1788423180000,4439.87,4439.87,4438.99,4438.99,0.569
2026-09-03 08:14:00,1788423240000,4437.89,4438.56,4437.24,4437.24,0.4336
2026-09-03 08:15:00,1788423300000,4437.23,4438.34,4437.23,4438.34,0.9907
2026-09-03 08:16:00,1788423360000,4437.68,4439.76,4437.68,4439.68,0.6743
2026-09-03 08:17:00,1788423420000,4440.31,4442.52,4440.09,4441.89,1.6239
2026-09-03 08:18:00,1788423480000,4441.29,4441.29,4440.62,4440.76,0.9929
2026-09-03 08:19:00,1788423540000,4441.63,4443.99,4441.63,4443.99,2.4001
2026-09-03 08:20:00,1788423600000,4443.57,4444.71,4443.57,4443.58,0.4052
2026-09-03 08:21:00,1788423660000,4444.06,4444.79,4443.94,4444.79,0.4082
2026-09-03 08:22:00,1788423720000,4444.11,4444.32,4443.72,4443.72,0.993
2026-09-03 08:23:00,1788423780000,4442.51,4442.51,4442.51,4442.51,0.2579
2026-09-03 08:24:00,1788423840000,4442.06,4443.36,4442.06,4442.6,1.6374
2026-09-03 08:25:00,1788423900000,4442.89,4442.89,4442.89,4442.89,0.0135
2026-09-03 08:26:00,1788423960000,4442.76,4444.17,4442.76,4442.95,2.017
2026-09-03 08:27:00,1788424020000,4442.43,4443.4,4442.43,4443.4,1.0721
2026-09-03 08:28:00,1788424080000,4443.0,4443.0,4440.76,4440.76,1.6718
2026-09-03 08:29:00,1788424140000,4441.13,4444.24,4441.13,4443.99,2.8203
2026-09-03 08:30:00,1788424200000,4443.99,4443.99,4442.08,4443.29,1.3822
2026-09-03 08:31:00,1788424260000,4443.28,4443.29,4441.59,4443.2,6.677
2026-09-03 08:32:00,1788424320000,4442.52,4443.2,4442.52,4443.13,1.4255
2026-09-03 08:33:00,1788424380000,4443.13,4443.84,4442.64,4443.84,2.2526
2026-09-03 08:34:00,1788424440000,4443.99,4444.32,4443.99,4444.28,1.5188
2026-09-03 08:35:00,1788424500000,4444.72,4444.99,4444.36,4444.36,1.1328
2026-09-03 08:36:00,1788424560000,4442.96,4443.39,4442.96,4443.39,0.2452
2026-09-03 08:37:00,1788424620000,4442.51,4442.52,4442.0,4442.08,1.3622
2026-09-03 08:38:00,1788424680000,4442.5,4442.99,4441.44,4441.44,2.456
2026-09-03 08:39:00,1788424740000,4441.44,4441.44,4440.07,4440.07,4.4837
2026-09-03 08:40:00,1788424800000,4440.05,4440.53,4439.88,4440.53,2.843
2026-09-03 08:41:00,1788424860000,4439.87,4439.87,4438.56,4438.99,1.1976
2026-09-03 08:42:00,1788424920000,4438.98,4438.99,4438.78,4438.78,0.57
2026-09-03 08:43:00,1788424980000,4437.32,4438.78,4437.32,4438.78,2.0882
2026-09-03 08:44:00,1788425040000,4439.66,4439.66,4439.65,4439.65,0.0198
2026-09-03 08:45:00,1788425100000,4439.85,4441.64,4439.85,4441.62,0.1014
2026-09-03 08:46:00,1788425160000,4442.08,4443.68,4442.08,4443.45,1.2471
2026-09-03 08:47:00,1788425220000,4444.45,4445.09,4444.45,4444.65,0.6605
2026-09-03 08:48:00,1788425280000,4445.09,4445.09,4444.45,4444.87,2.5591
2026-09-03 08:49:00,1788425340000,4445.08,4445.08,4444.47,4444.47,2.0207
2026-09-03 08:50:00,1788425400000,4444.45,4444.45,4443.69,4443.69,0.6647
2026-09-03 08:51:00,1788425460000,4443.69,4443.69,4442.94,4442.94,0.9579
2026-09-03 08:52:00,1788425520000,4440.66,4441.62,4440.66,4441.62,0.4862
2026-09-03 08:53:00,1788425580000,4441.62,4441.62,4441.62,4441.62,0.0
2026-09-03 08:54:00,1788425640000,4441.62,4441.63,4441.62,4441.63,0.0313
2026-09-03 08:55:00,1788425700000,4441.62,4441.62,4440.29,4440.38,1.3452
2026-09-03 08:56:00,1788425760000,4440.45,4441.04,4440.45,4441.04,1.3815
2026-09-03 08:57:00,1788425820000,4441.56,4442.08,4441.56,4442.08,1.3909
2026-09-03 08:58:00,1788425880000,4442.49,4442.96,4442.49,4442.8,1.0522
2026-09-03 08:59:00,1788425940000,4442.52,4442.52,4442.06,4442.06,0.6748
2026-09-03 09:00:00,1788426000000,4441.2,4442.84,4441.2,4442.52,0.7144
2026-09-03 09:01:00,1788426060000,4443.26,4443.26,4441.97,4442.95,5.7811
2026-09-03 09:02:00,1788426120000,4442.13,4442.13,4442.13,4442.13,0.0061
2026-09-03 09:03:00,1788426180000,4441.97,4441.97,4441.09,4441.09,0.2215
2026-09-03 09:04:00,1788426240000,4441.19,4443.02,4441.19,4443.02,0.6272
2026-09-03 09:05:00,1788426300000,4441.89,4441.89,4441.89,4441.89,1.5714
2026-09-03 09:06:00,1788426360000,4442.96,4442.96,4442.96,4442.96,0.002
2026-09-03 09:07:00,1788426420000,4442.6,4444.64,4442.6,4444.64,0.6812
2026-09-03 09:08:00,1788426480000,4446.57,4447.44,4446.57,4447.44,1.2197
2026-09-03 09:09:00,1788426540000,4446.28,4446.28,4445.77,4445.77,1.1147
2026-09-03 09:10:00,1788426600000,4445.77,4445.77,4444.8,4445.24,0.8525
2026-09-03 09:11:00,1788426660000,4445.25,4445.25,4445.25,4445.25,0.3206
2026-09-03 09:12:00,1788426720000,4445.26,4445.26,4444.71,4444.71,0.2869
2026-09-03 09:13:00,1788426780000,4444.96,4445.26,4444.96,4445.26,0.5515
2026-09-03 09:14:00,1788426840000,4445.26,4445.26,4445.26,4445.26,0.0
2026-09-03 09:15:00,1788426900000,4443.64,4443.64,4443.36,4443.58,0.4937
2026-09-03 09:16:00,1788426960000,4443.59,4443.59,4443.58,4443.58,0.6639
2026-09-03 09:17:00,1788427020000,4443.05,4443.05,4443.05,4443.05,0.4503
2026-09-03 09:18:00,1788427080000,4443.57,4444.01,4443.57,4444.01,0.0034
2026-09-03 09:19:00,1788427140000,4444.0,4444.0,4441.35,4441.35,1.1465
2026-09-03 09:20:00,1788427200000,4441.34,4441.46,4441.34,4441.46,2.0227
2026-09-03 09:21:00,1788427260000,4441.46,4441.46,4441.46,4441.46,0.0
2026-09-03 09:22:00,1788427320000,4440.26,4440.27,4440.26,4440.27,0.2003
2026-09-03 09:23:00,1788427380000,4440.65,4440.65,4438.76,4439.09,1.7908
2026-09-03 09:24:00,1788427440000,4438.99,4438.99,4438.98,4438.98,0.0116
2026-09-03 09:25:00,1788427500000,4438.93,4438.93,4438.65,4438.92,0.2479
2026-09-03 09:26:00,1788427560000,4439.46,4439.46,4438.45,4438.45,0.7277
2026-09-03 09:27:00,1788427620000,4438.46,4439.45,4438.46,4439.45,1.0988
2026-09-03 09:28:00,1788427680000,4439.53,4441.73,4439.53,4440.97,3.3831
2026-09-03 09:29:00,1788427740000,4440.86,4441.57,4440.84,4440.84,3.3305
2026-09-03 09:30:00,1788427800000,4441.18,4442.51,4440.41,4440.41,0.9149
2026-09-03 09:31:00,1788427860000,4441.73,4441.73,4440.6,4440.77,1.2192
2026-09-03 09:32:00,1788427920000,4441.57,4441.57,4441.57,4441.57,0.0238
2026-09-03 09:33:00,1788427980000,4443.04,4443.04,4443.04,4443.04,1.1571
2026-09-03 09:34:00,1788428040000,4443.24,4443.32,4442.77,4442.77,0.0563
2026-09-03 09:35:00,1788428100000,4442.98,4443.31,4442.98,4443.31,0.0541
2026-09-03 09:36:00,1788428160000,4443.31,4443.31,4441.28,4441.28,0.3245
2026-09-03 09:37:00,1788428220000,4441.07,4441.07,4438.13,4438.23,1.9601
2026-09-03 09:38:00,1788428280000,4438.49,4438.49,4437.32,4437.6,0.2082
2026-09-03 09:39:00,1788428340000,4437.46,4437.85,4436.45,4437.85,0.9387
2026-09-03 09:40:00,1788428400000,4438.72,4439.55,4438.72,4439.17,1.2093
2026-09-03 09:41:00,1788428460000,4438.72,4438.73,4438.09,4438.73,2.0415
2026-09-03 09:42:00,1788428520000,4438.88,4438.88,4438.36,4438.79,0.2834
2026-09-03 09:43:00,1788428580000,4438.79,4438.8,4437.95,4437.95,0.2964
2026-09-03 09:44:00,1788428640000,4436.24,4436.24,4436.0,4436.0,2.0045
2026-09-03 09:45:00,1788428700000,4436.0,4436.0,4434.88,4434.88,0.7492
2026-09-03 09:46:00,1788428760000,4434.88,4434.88,4432.96,4434.33,4.8849
2026-09-03 09:47:00,1788428820000,4435.46,4435.46,4435.46,4435.46,0.0732
2026-09-03 09:48:00,1788428880000,4434.24,4434.25,4434.24,4434.25,0.1855
2026-09-03 09:49:00,1788428940000,4434.26,4434.46,4434.26,4434.46,0.6627
2026-09-03 09:50:00,1788429000000,4434.76,4436.19,4434.76,4436.19,0.4581
2026-09-03 09:51:00,1788429060000,4436.09,4436.09,4435.72,4435.72,0.2897
2026-09-03 09:52:00,1788429120000,4434.25,4434.25,4433.58,4433.58,1.1417
2026-09-03 09:53:00,1788429180000,4433.45,4434.14,4433.3,4433.55,0.5438
2026-09-03 09:54:00,1788429240000,4433.53,4433.54,4433.08,4433.08,0.2647
2026-09-03 09:55:00,1788429300000,4433.0,4433.0,4433.0,4433.0,0.4834
2026-09-03 09:56:00,1788429360000,4433.0,4433.0,4432.56,4432.56,0.8665
2026-09-03 09:57:00,1788429420000,4432.57,4433.89,4432.57,4433.89,1.9867
2026-09-03 09:58:00,1788429480000,4434.52,4434.77,4432.93,4432.93,4.0292
2026-09-03 09:59:00,1788429540000,4432.93,4433.81,4432.93,4433.78,11.3902
2026-09-03 10:00:00,1788429600000,4434.33,4434.33,4433.56,4433.87,1.9957
2026-09-03 10:01:00,1788429660000,4433.37,4433.46,4433.27,4433.46,0.2139
2026-09-03 10:02:00,1788429720000,4433.37,4433.37,4432.4,4432.91,5.8557
2026-09-03 10:03:00,1788429780000,4432.91,4433.0,4432.87,4433.0,0.6184
2026-09-03 10:04:00,1788429840000,4433.44,4433.44,4433.44,4433.44,0.0225
2026-09-03 10:05:00,1788429900000,4433.88,4434.22,4433.88,4434.22,0.3408
2026-09-03 10:06:00,1788429960000,4434.22,4435.2,4434.22,4435.19,1.5136
2026-09-03 10:07:00,1788430020000,4435.2,4435.2,4435.19,4435.19,0.0112
2026-09-03 10:08:00,1788430080000,4434.25,4434.25,4433.28,4433.28,0.0124
2026-09-03 10:09:00,1788430140000,4432.48,4432.48,4432.19,4432.19,0.0388
2026-09-03 10:10:00,1788430200000,4432.18,4432.18,4431.26,4431.26,0.6008
2026-09-03 10:11:00,1788430260000,4431.25,4431.25,4430.76,4430.76,0.6146
2026-09-03 10:12:00,1788430320000,4430.46,4430.46,4430.45,4430.45,0.23
2026-09-03 10:13:00,1788430380000,4430.45,4430.45,4430.45,4430.45,0.0211
2026-09-03 10:14:00,1788430440000,4430.45,4430.46,4430.45,4430.46,1.6856
2026-09-03 10:15:00,1788430500000,4431.24,4431.25,4430.54,4431.25,0.6368
2026-09-03 10:16:00,1788430560000,4431.24,4431.25,4430.81,4430.81,1.0646
2026-09-03 10:17:00,1788430620000,4430.42,4430.42,4430.23,4430.23,0.0498
2026-09-03 10:18:00,1788430680000,4430.23,4430.23,4429.6,4429.6,0.3115
2026-09-03 10:19:00,1788430740000,4429.59,4429.59,4428.97,4428.97,0.0664
2026-09-03 10:20:00,1788430800000,4428.57,4428.57,4427.6,4427.6,1.4983
2026-09-03 10:21:00,1788430860000,4427.5,4427.5,4427.5,4427.5,0.2468
2026-09-03 10:22:00,1788430920000,4428.45,4428.46,4428.45,4428.46,0.6403
2026-09-03 10:23:00,1788430980000,4428.45,4428.46,4427.51,4427.51,1.3636
2026-09-03 10:24:00,1788431040000,4428.31,4428.31,4425.76,4425.76,2.3028
2026-09-03 10:25:00,1788431100000,4425.77,4426.84,4425.77,4426.84,5.0149
2026-09-03 10:26:00,1788431160000,4428.67,4428.84,4428.16,4428.53,0.2854
2026-09-03 10:27:00,1788431220000,4428.59,4429.04,4428.28,4429.04,0.4847
2026-09-03 10:28:00,1788431280000,4429.75,4429.75,4429.16,4429.16,0.1737
2026-09-03 10:29:00,1788431340000,4429.04,4429.04,4427.84,4428.17,1.332
2026-09-03 10:30:00,1788431400000,4428.17,4428.18,4427.51,4427.51,0.1512
2026-09-03 10:31:00,1788431460000,4427.79,4428.16,4426.85,4428.16,1.008
2026-09-03 10:32:00,1788431520000,4427.24,4429.49,4426.53,4428.2,2.0054
2026-09-03 10:33:00,1788431580000,4428.81,4430.37,4428.2,4430.36,1.3119
2026-09-03 10:34:00,1788431640000,4430.37,4430.37,4429.5,4429.5,0.2074
2026-09-03 10:35:00,1788431700000,4429.5,4429.5,4428.82,4429.34,0.2135
2026-09-03 10:36:00,1788431760000,4430.81,4430.85,4430.81,4430.85,0.1473
2026-09-03 10:37:00,1788431820000,4430.42,4430.43,4429.17,4429.17,1.7152
2026-09-03 10:38:00,1788431880000,4429.17,4429.93,4429.17,4429.92,1.1008
2026-09-03 10:39:00,1788431940000,4429.92,4430.79,4429.92,4430.79,0.0835
2026-09-03 10:40:00,1788432000000,4430.79,4430.95,4430.79,4430.95,0.2732
2026-09-03 10:41:00,1788432060000,4430.94,4430.94,4430.94,4430.94,0.0026
2026-09-03 10:42:00,1788432120000,4432.02,4432.02,4432.02,4432.02,0.1039
2026-09-03 10:43:00,1788432180000,4432.03,4432.34,4432.03,4432.34,0.1064
2026-09-03 10:44:00,1788432240000,4432.2,4432.2,4431.81,4431.81,1.0952
2026-09-03 10:45:00,1788432300000,4432.57,4433.01,4432.57,4433.01,0.2064
2026-09-03 10:46:00,1788432360000,4433.0,4433.0,4432.36,4432.37,0.8816
2026-09-03 10:47:00,1788432420000,4432.56,4432.56,4432.56,4432.56,0.0449
2026-09-03 10:48:00,1788432480000,4432.57,4432.57,4432.56,4432.56,0.0736
2026-09-03 10:49:00,1788432540000,4432.14,4432.14,4431.85,4431.85,0.5995
2026-09-03 10:50:00,1788432600000,4431.66,4431.66,4431.17,4431.17,0.3022
2026-09-03 10:51:00,1788432660000,4431.17,4431.17,4431.17,4431.17,0.6515
2026-09-03 10:52:00,1788432720000,4432.12,4432.12,4432.12,4432.12,0.0391
2026-09-03 10:53:00,1788432780000,4432.57,4434.24,4432.57,4434.24,2.9532
2026-09-03 10:54:00,1788432840000,4433.82,4433.82,4433.6,4433.6,0.3174
2026-09-03 10:55:00,1788432900000,4433.75,4433.76,4433.75,4433.75,0.8883
2026-09-03 10:56:00,1788432960000,4434.17,4434.33,4433.87,4434.33,0.6913
2026-09-03 10:57:00,1788433020000,4434.33,4434.59,4433.65,4433.65,3.8555
2026-09-03 10:58:00,1788433080000,4433.68,4434.1,4433.68,4434.1,0.9259
2026-09-03 10:59:00,1788433140000,4434.1,4434.32,4434.09,4434.09,0.3628
2026-09-03 11:00:00,1788433200000,4433.76,4435.2,4433.56,4433.9,0.6729
2026-09-03 11:01:00,1788433260000,4433.9,4433.9,4432.12,4432.13,1.2419
2026-09-03 11:02:00,1788433320000,4432.13,4432.13,4432.13,4432.13,0.0775
2026-09-03 11:03:00,1788433380000,4432.13,4433.78,4432.13,4433.22,2.5095
2026-09-03 11:04:00,1788433440000,4432.77,4433.44,4432.23,4433.06,0.4477
2026-09-03 11:05:00,1788433500000,4432.74,4432.74,4432.74,4432.74,0.0053
2026-09-03 11:06:00,1788433560000,4433.44,4433.44,4432.94,4432.97,0.3137
2026-09-03 11:07:00,1788433620000,4433.88,4433.88,4433.23,4433.28,0.7796
2026-09-03 11:08:00,1788433680000,4433.23,4436.08,4433.23,4435.79,2.1027
2026-09-03 11:09:00,1788433740000,4436.52,4436.72,4436.38,4436.72,1.5787
2026-09-03 11:10:00,1788433800000,4436.84,4436.84,4436.54,4436.54,0.7472
2026-09-03 11:11:00,1788433860000,4436.54,4438.29,4436.54,4437.72,3.6587
2026-09-03 11:12:00,1788433920000,4437.72,4438.28,4437.72,4438.28,0.2194
2026-09-03 11:13:00,1788433980000,4438.49,4438.49,4437.77,4437.77,0.3792
2026-09-03 11:14:00,1788434040000,4438.13,4438.13,4437.66,4437.87,0.293
2026-09-03 11:15:00,1788434100000,4438.62,4441.13,4438.62,4439.96,0.3907
2026-09-03 11:16:00,1788434160000,4440.4,4440.4,4440.39,4440.4,0.1046
2026-09-03 11:17:00,1788434220000,4440.39,4440.39,4439.52,4440.18,0.3421
2026-09-03 11:18:00,1788434280000,4440.18,4443.88,4439.93,4440.49,12.3442
2026-09-03 11:19:00,1788434340000,4440.93,4441.37,4440.93,4441.32,0.5419
2026-09-03 11:20:00,1788434400000,4441.24,4441.25,4439.73,4439.73,2.2081
2026-09-03 11:21:00,1788434460000,4438.99,4438.99,4438.44,4438.44,0.7611
2026-09-03 11:22:00,1788434520000,4438.44,4438.44,4437.82,4437.82,0.2364
2026-09-03 11:23:00,1788434580000,4437.82,4437.82,4437.81,4437.81,0.2999
2026-09-03 11:24:00,1788434640000,4437.82,4437.82,4437.81,4437.82,0.2427
2026-09-03 11:25:00,1788434700000,4437.81,4438.73,4437.1,4438.1,10.0445
2026-09-03 11:26:00,1788434760000,4438.29,4440.91,4438.29,4439.72,6.6371
2026-09-03 11:27:00,1788434820000,4439.18,4439.18,4438.96,4438.97,0.2212
2026-09-03 11:28:00,1788434880000,4438.21,4438.21,4438.2,4438.2,0.3297
2026-09-03 11:29:00,1788434940000,4438.87,4440.91,4438.87,4440.9,0.55
2026-09-03 11:30:00,1788435000000,4440.88,4441.61,4439.62,4439.62,4.662
2026-09-03 11:31:00,1788435060000,4439.61,4439.61,4434.1,4437.47,27.2556
2026-09-03 11:32:00,1788435120000,4437.48,4438.29,4437.48,4438.28,0.8833
2026-09-03 11:33:00,1788435180000,4439.13,4439.17,4439.12,4439.17,0.7109
2026-09-03 11:34:00,1788435240000,4439.87,4440.49,4439.86,4440.49,0.0378
2026-09-03 11:35:00,1788435300000,4440.49,4441.36,4440.49,4441.36,0.1653
2026-09-03 11:36:00,1788435360000,4441.81,4442.24,4441.81,4442.24,4.4875
2026-09-03 11:37:00,1788435420000,4442.79,4442.79,4441.36,4441.37,2.8523
2026-09-03 11:38:00,1788435480000,4441.37,4441.37,4441.36,4441.37,0.4007
2026-09-03 11:39:00,1788435540000,4441.8,4441.8,4441.8,4441.8,0.09
2026-09-03 11:40:00,1788435600000,4441.81,4443.46,4441.8,4443.46,1.1857
2026-09-03 11:41:00,1788435660000,4443.99,4443.99,4443.52,4443.52,0.2978
2026-09-03 11:42:00,1788435720000,4443.52,4444.68,4443.52,4444.68,0.3294
2026-09-03 11:43:00,1788435780000,4444.68,4444.68,4444.68,4444.68,0.1677
2026-09-03 11:44:00,1788435840000,4444.68,4444.69,4444.37,4444.37,1.6052
2026-09-03 11:45:00,1788435900000,4444.37,4445.0,4444.37,4445.0,4.726
2026-09-03 11:46:00,1788435960000,4445.32,4445.41,4445.32,4445.36,1.1604
2026-09-03 11:47:00,1788436020000,4445.18,4445.18,4445.0,4445.0,1.9256
2026-09-03 11:48:00,1788436080000,4444.99,4444.99,4443.02,4443.56,7.4491
2026-09-03 11:49:00,1788436140000,4444.14,4444.99,4444.13,4444.62,3.6352
2026-09-03 11:50:00,1788436200000,4444.99,4445.48,4444.99,4445.1,0.645
2026-09-03 11:51:00,1788436260000,4445.11,4446.26,4445.11,4446.13,1.2615
2026-09-03 11:52:00,1788436320000,4446.1,4446.75,4446.1,4446.75,1.436
2026-09-03 11:53:00,1788436380000,4446.86,4446.86,4445.24,4445.24,1.9438
2026-09-03 11:54:00,1788436440000,4446.12,4446.13,4446.12,4446.13,0.1121
2026-09-03 11:55:00,1788436500000,4446.12,4446.87,4446.12,4446.87,0.386
2026-09-03 11:56:00,1788436560000,4447.0,4447.19,4447.0,4447.19,1.0049
2026-09-03 11:57:00,1788436620000,4447.19,4451.2,4447.19,4449.99,13.3947
2026-09-03 11:58:00,1788436680000,4449.64,4450.51,4449.64,4450.51,1.1007
2026-09-03 11:59:00,1788436740000,4450.51,4450.61,4450.5,4450.61,0.5292
2026-09-03 12:00:00,1788436800000,4450.61,4450.61,4448.01,4450.13,7.1285
2026-09-03 12:01:00,1788436860000,4450.46,4451.04,4449.65,4450.6,2.6541
2026-09-03 12:02:00,1788436920000,4450.6,4451.17,4450.09,4451.17,1.322
2026-09-03 12:03:00,1788436980000,4451.26,4453.9,4451.26,4453.85,3.6857
2026-09-03 12:04:00,1788437040000,4453.2,4453.9,4453.2,4453.89,0.037
2026-09-03 12:05:00,1788437100000,4453.9,4453.95,4453.9,4453.95,1.5475
2026-09-03 12:06:00,1788437160000,4454.0,4454.36,4452.32,4452.82,10.1043
2026-09-03 12:07:00,1788437220000,4452.83,4452.86,4452.02,4452.52,2.9945
2026-09-03 12:08:00,1788437280000,4451.62,4453.24,4451.62,4452.81,6.4229
2026-09-03 12:09:00,1788437340000,4452.82,4454.23,4452.6,4454.22,3.41
2026-09-03 12:10:00,1788437400000,4454.38,4457.06,4454.38,4456.64,2.418
2026-09-03 12:11:00,1788437460000,4456.64,4456.64,4454.47,4454.47,3.4838
2026-09-03 12:12:00,1788437520000,4453.88,4453.88,4451.6,4451.61,1.6878
2026-09-03 12:13:00,1788437580000,4451.61,4452.28,4450.54,4450.96,1.7979
2026-09-03 12:14:00,1788437640000,4451.34,4451.34,4451.17,4451.17,0.4345
2026-09-03 12:15:00,1788437700000,4451.16,4451.16,4450.52,4450.52,0.3114
2026-09-03 12:16:00,1788437760000,4450.52,4450.52,4447.98,4447.98,1.3465
2026-09-03 12:17:00,1788437820000,4447.97,4447.97,4447.55,4447.97,1.3172
2026-09-03 12:18:00,1788437880000,4449.2,4449.53,4449.2,4449.53,0.6032
2026-09-03 12:19:00,1788437940000,4449.98,4449.98,4449.2,4449.2,1.372
2026-09-03 12:20:00,1788438000000,4448.32,4448.41,4445.69,4446.1,7.7689
2026-09-03 12:21:00,1788438060000,4445.69,4447.96,4445.69,4447.96,3.1445
2026-09-03 12:22:00,1788438120000,4447.96,4448.64,4447.0,4448.64,0.2741
2026-09-03 12:23:00,1788438180000,4449.49,4452.14,4449.49,4452.14,4.3666
2026-09-03 12:24:00,1788438240000,4452.8,4454.94,4452.8,4454.89,1.2707
2026-09-03 12:25:00,1788438300000,4453.37,4454.47,4452.83,4454.12,1.7248
2026-09-03 12:26:00,1788438360000,4453.17,4454.89,4453.17,4454.89,0.2817
2026-09-03 12:27:00,1788438420000,4454.56,4454.89,4454.04,4454.89,1.9963
2026-09-03 12:28:00,1788438480000,4454.04,4454.04,4453.85,4453.85,0.4612
2026-09-03 12:29:00,1788438540000,4453.73,4453.73,4453.51,4453.51,0.0057
2026-09-03 12:30:00,1788438600000,4452.83,4474.57,4452.83,4465.48,203.3682
2026-09-03 12:31:00,1788438660000,4464.03,4471.05,4463.74,4471.05,11.5457
2026-09-03 12:32:00,1788438720000,4471.08,4473.48,4469.01,4470.28,9.2661
2026-09-03 12:33:00,1788438780000,4469.13,4472.95,4468.62,4472.95,9.7376
2026-09-03 12:34:00,1788438840000,4472.6,4473.47,4469.69,4470.93,3.239
2026-09-03 12:35:00,1788438900000,4471.28,4471.36,4465.05,4465.3,4.1292
2026-09-03 12:36:00,1788438960000,4466.0,4472.04,4466.0,4472.04,5.0103
2026-09-03 12:37:00,1788439020000,4472.74,4475.25,4471.21,4475.25,10.6519
2026-09-03 12:38:00,1788439080000,4475.26,4483.17,4475.26,4483.16,28.6737
2026-09-03 12:39:00,1788439140000,4483.17,4483.45,4479.9,4482.55,84.7842
2026-09-03 12:40:00,1788439200000,4482.55,4482.72,4479.2,4480.56,68.4606
2026-09-03 12:41:00,1788439260000,4479.57,4479.97,4472.17,4472.17,5.5136
2026-09-03 12:42:00,1788439320000,4472.17,4473.92,4470.99,4473.47,2.3155
2026-09-03 12:43:00,1788439380000,4472.97,4472.97,4470.76,4472.31,1.0665
2026-09-03 12:44:00,1788439440000,4473.04,4474.38,4471.95,4472.49,1.0867
2026-09-03 12:45:00,1788439500000,4473.16,4473.16,4472.29,4472.56,0.1321
2026-09-03 12:46:00,1788439560000,4474.29,4477.88,4474.29,4477.53,1.653
2026-09-03 12:47:00,1788439620000,4479.29,4481.41,4479.29,4481.41,6.672
2026-09-03 12:48:00,1788439680000,4481.77,4485.0,4481.77,4484.54,6.0699
2026-09-03 12:49:00,1788439740000,4484.31,4485.36,4484.13,4484.13,6.0206
2026-09-03 12:50:00,1788439800000,4484.92,4486.37,4484.92,4485.45,4.9771
2026-09-03 12:51:00,1788439860000,4485.45,4486.5,4485.33,4486.5,11.1103
2026-09-03 12:52:00,1788439920000,4486.66,4490.73,4486.66,4489.85,11.5658
2026-09-03 12:53:00,1788439980000,4489.24,4492.17,4488.81,4492.16,9.7864
2026-09-03 12:54:00,1788440040000,4492.16,4495.76,4492.16,4495.75,2.3204
2026-09-03 12:55:00,1788440100000,4495.75,4497.44,4494.97,4497.44,4.8415
2026-09-03 12:56:00,1788440160000,4497.71,4497.96,4495.51,4496.21,2.5484
2026-09-03 12:57:00,1788440220000,4497.24,4498.0,4494.98,4496.69,3.3009
2026-09-03 12:58:00,1788440280000,4496.68,4497.99,4496.3,4497.99,3.6933
2026-09-03 12:59:00,1788440340000,4497.99,4499.01,4496.36,4497.76,19.9629
2026-09-03 13:00:00,1788440400000,4497.83,4498.56,4493.65,4493.96,16.8284
2026-09-03 13:01:00,1788440460000,4494.89,4498.0,4494.89,4495.43,13.7554
2026-09-03 13:02:00,1788440520000,4494.82,4495.42,4492.55,4493.35,7.1507
2026-09-03 13:03:00,1788440580000,4494.14,4498.91,4493.64,4498.5,3.0783
2026-09-03 13:04:00,1788440640000,4498.04,4498.04,4493.8,4494.85,174.3116
2026-09-03 13:05:00,1788440700000,4494.85,4497.13,4494.48,4496.81,7.1335
2026-09-03 13:06:00,1788440760000,4495.84,4495.84,4491.93,4491.93,2.5344
2026-09-03 13:07:00,1788440820000,4491.44,4493.62,4490.13,4493.62,11.5856
2026-09-03 13:08:00,1788440880000,4492.76,4497.24,4492.76,4494.64,3.4464
2026-09-03 13:09:00,1788440940000,4494.64,4494.64,4491.57,4491.92,3.6456
2026-09-03 13:10:00,1788441000000,4492.06,4492.69,4490.14,4490.14,3.7469
2026-09-03 13:11:00,1788441060000,4490.43,4493.61,4489.45,4493.61,3.7008
2026-09-03 13:12:00,1788441120000,4492.32,4492.32,4489.79,4489.82,9.4024
2026-09-03 13:13:00,1788441180000,4490.42,4491.55,4488.2,4488.35,5.4465
2026-09-03 13:14:00,1788441240000,4488.58,4489.53,4487.11,4488.83,13.8234
2026-09-03 13:15:00,1788441300000,4488.84,4489.99,4487.99,4488.84,2.7679
2026-09-03 13:16:00,1788441360000,4489.3,4489.42,4486.66,4487.08,8.5487
2026-09-03 13:17:00,1788441420000,4486.77,4486.77,4483.7,4483.7,8.5267
2026-09-03 13:18:00,1788441480000,4483.7,4484.41,4483.04,4483.95,8.5549
2026-09-03 13:19:00,1788441540000,4485.11,4485.11,4481.79,4482.99,23.7806
2026-09-03 13:20:00,1788441600000,4482.99,4482.99,4481.03,4482.48,28.1388
2026-09-03 13:21:00,1788441660000,4482.48,4483.56,4481.76,4482.73,14.1209
2026-09-03 13:22:00,1788441720000,4482.89,4487.45,4482.89,4486.43,21.0781
2026-09-03 13:23:00,1788441780000,4486.43,4486.98,4484.98,4486.64,9.658
2026-09-03 13:24:00,1788441840000,4486.64,4487.19,4484.66,4484.85,25.175
2026-09-03 13:25:00,1788441900000,4484.85,4485.61,4480.69,4480.69,11.1732
2026-09-03 13:26:00,1788441960000,4480.69,4480.87,4479.7,4479.71,6.4441
2026-09-03 13:27:00,1788442020000,4479.71,4482.28,4479.71,4481.91,9.3707
2026-09-03 13:28:00,1788442080000,4481.91,4482.28,4480.98,4481.39,19.0171
2026-09-03 13:29:00,1788442140000,4481.39,4482.12,4481.39,4482.12,29.2959
2026-09-03 13:30:00,1788442200000,4482.13,4482.13,4478.48,4478.49,15.4289
2026-09-03 13:31:00,1788442260000,4479.0,4480.08,4478.09,4478.09,15.3706
2026-09-03 13:32:00,1788442320000,4478.09,4481.4,4477.25,4480.0,3.3195
2026-09-03 13:33:00,1788442380000,4480.0,4483.02,4479.11,4483.02,11.4577
2026-09-03 13:34:00,1788442440000,4482.98,4482.98,4478.24,4479.85,14.0955
2026-09-03 13:35:00,1788442500000,4479.56,4480.97,4479.12,4480.53,8.1359
2026-09-03 13:36:00,1788442560000,4481.4,4481.4,4476.03,4476.4,14.4473
2026-09-03 13:37:00,1788442620000,4476.39,4478.24,4475.54,4477.88,4.4517
2026-09-03 13:38:00,1788442680000,4477.88,4478.32,4476.04,4476.93,4.9203
2026-09-03 13:39:00,1788442740000,4477.16,4478.44,4477.16,4478.14,0.8319
2026-09-03 13:40:00,1788442800000,4478.13,4478.13,4474.16,4474.16,6.5084
2026-09-03 13:41:00,1788442860000,4474.16,4476.66,4472.71,4476.66,6.5282
2026-09-03 13:42:00,1788442920000,4477.38,4477.38,4474.86,4474.86,5.3514
2026-09-03 13:43:00,1788442980000,4474.87,4475.24,4473.94,4474.04,3.8717
2026-09-03 13:44:00,1788443040000,4473.38,4474.5,4472.71,4473.94,2.3176
2026-09-03 13:45:00,1788443100000,4473.93,4473.93,4469.18,4469.7,5.1353
2026-09-03 13:46:00,1788443160000,4469.7,4470.76,4466.16,4466.16,19.8
2026-09-03 13:47:00,1788443220000,4466.16,4467.32,4465.04,4465.05,4.6014
2026-09-03 13:48:00,1788443280000,4465.04,4465.34,4462.74,4462.74,22.2978
2026-09-03 13:49:00,1788443340000,4462.51,4463.47,4461.79,4462.43,7.6718
2026-09-03 13:50:00,1788443400000,4462.93,4465.76,4462.93,4464.04,17.2399
2026-09-03 13:51:00,1788443460000,4463.37,4467.76,4463.37,4466.18,5.6039
2026-09-03 13:52:00,1788443520000,4466.17,4468.64,4464.9,4467.25,21.8799
2026-09-03 13:53:00,1788443580000,4466.25,4467.2,4465.07,4465.07,6.0534
2026-09-03 13:54:00,1788443640000,4465.49,4466.89,4464.16,4466.89,4.1588
2026-09-03 13:55:00,1788443700000,4467.0,4469.66,4466.82,4469.66,5.617
2026-09-03 13:56:00,1788443760000,4469.66,4472.47,4469.66,4471.45,5.4108
2026-09-03 13:57:00,1788443820000,4471.45,4471.45,4469.11,4469.11,7.985
2026-09-03 13:58:00,1788443880000,4469.12,4470.35,4468.9,4470.35,0.938
2026-09-03 13:59:00,1788443940000,4470.15,4474.12,4470.15,4474.12,9.3563
2026-09-03 14:00:00,1788444000000,4473.84,4473.84,4462.41,4469.0,39.5088
2026-09-03 14:01:00,1788444060000,4468.81,4469.13,4466.81,4468.56,10.8698
2026-09-03 14:02:00,1788444120000,4468.12,4469.83,4467.09,4467.85,3.3136
2026-09-03 14:03:00,1788444180000,4470.08,4472.16,4468.13,4470.16,4.2595
2026-09-03 14:04:00,1788444240000,4470.33,4470.98,4468.89,4468.89,4.8038
2026-09-03 14:05:00,1788444300000,4468.89,4470.52,4467.91,4470.12,3.3764
2026-09-03 14:06:00,1788444360000,4471.06,4473.22,4471.06,4473.22,0.6732
2026-09-03 14:07:00,1788444420000,4474.34,4475.4,4474.34,4475.33,1.5794
2026-09-03 14:08:00,1788444480000,4475.33,4475.41,4469.59,4469.8,8.2874
2026-09-03 14:09:00,1788444540000,4468.99,4468.99,4467.02,4468.64,0.3221
2026-09-03 14:10:00,1788444600000,4468.53,4468.67,4465.48,4466.36,8.2604
2026-09-03 14:11:00,1788444660000,4466.36,4469.33,4466.0,4468.57,0.5613
2026-09-03 14:12:00,1788444720000,4469.96,4471.92,4469.46,4469.46,0.4018
2026-09-03 14:13:00,1788444780000,4471.56,4471.87,4471.56,4471.64,0.3995
2026-09-03 14:14:00,1788444840000,4470.28,4471.53,4468.29,4471.53,4.3868
2026-09-03 14:15:00,1788444900000,4473.31,4476.63,4473.31,4476.63,2.2426
2026-09-03 14:16:00,1788444960000,4476.64,4477.24,4476.45,4477.24,1.6706
2026-09-03 14:17:00,1788445020000,4477.45,4479.2,4476.53,4478.77,9.7908
2026-09-03 14:18:00,1788445080000,4478.02,4479.19,4477.37,4477.37,1.1858
2026-09-03 14:19:00,1788445140000,4477.8,4480.42,4477.8,4480.42,9.2915
2026-09-03 14:20:00,1788445200000,4480.57,4482.99,4480.43,4482.99,7.0888
2026-09-03 14:21:00,1788445260000,4483.17,4483.8,4482.27,4482.27,7.2147
2026-09-03 14:22:00,1788445320000,4482.11,4482.28,4476.49,4476.49,2.904
2026-09-03 14:23:00,1788445380000,4477.29,4479.81,4477.29,4479.81,0.5133
2026-09-03 14:24:00,1788445440000,4480.09,4482.02,4479.13,4479.13,2.0422
2026-09-03 14:25:00,1788445500000,4479.56,4480.24,4477.57,4478.01,4.2155
2026-09-03 14:26:00,1788445560000,4478.35,4478.58,4474.62,4474.69,11.1904
2026-09-03 14:27:00,1788445620000,4474.47,4477.44,4474.47,4476.92,1.0726
2026-09-03 14:28:00,1788445680000,4476.92,4477.6,4476.58,4477.18,1.0394
2026-09-03 14:29:00,1788445740000,4478.58,4481.3,4478.58,4480.97,0.205
2026-09-03 14:30:00,1788445800000,4481.02,4482.81,4480.88,4482.33,1.1792
2026-09-03 14:31:00,1788445860000,4481.85,4481.85,4480.46,4480.83,2.008
2026-09-03 14:32:00,1788445920000,4480.46,4481.28,4478.69,4480.55,1.9339
2026-09-03 14:33:00,1788445980000,4480.43,4480.97,4476.62,4476.62,6.3352
2026-09-03 14:34:00,1788446040000,4475.17,4476.74,4473.5,4473.5,2.6095
2026-09-03 14:35:00,1788446100000,4473.51,4475.37,4473.27,4475.37,6.0087
2026-09-03 14:36:00,1788446160000,4475.36,4475.37,4474.02,4474.02,1.8213
2026-09-03 14:37:00,1788446220000,4474.02,4474.02,4471.64,4473.05,4.2646
2026-09-03 14:38:00,1788446280000,4473.05,4476.45,4473.05,4476.44,1.7861
2026-09-03 14:39:00,1788446340000,4475.64,4475.95,4472.28,4472.28,13.1606
2026-09-03 14:40:00,1788446400000,4472.28,4472.48,4469.63,4469.63,4.633
2026-09-03 14:41:00,1788446460000,4469.3,4471.78,4469.3,4471.78,2.9674
2026-09-03 14:42:00,1788446520000,4471.99,4473.82,4471.97,4472.97,7.3572
2026-09-03 14:43:00,1788446580000,4472.53,4477.01,4472.19,4476.57,3.1518
2026-09-03 14:44:00,1788446640000,4477.0,4477.45,4475.48,4475.48,2.9084
2026-09-03 14:45:00,1788446700000,4475.88,4477.0,4475.88,4476.94,1.6614
2026-09-03 14:46:00,1788446760000,4476.97,4479.45,4476.58,4479.39,5.6119
2026-09-03 14:47:00,1788446820000,4479.39,4482.12,4479.39,4482.12,3.0473
2026-09-03 14:48:00,1788446880000,4482.33,4482.8,4479.34,4479.34,1.5829
2026-09-03 14:49:00,1788446940000,4478.94,4479.22,4477.04,4477.89,5.4749
2026-09-03 14:50:00,1788447000000,4478.67,4482.03,4478.67,4482.03,11.2755
2026-09-03 14:51:00,1788447060000,4481.44,4481.44,4480.01,4480.01,4.4033
2026-09-03 14:52:00,1788447120000,4480.0,4480.01,4479.08,4479.08,2.2246
2026-09-03 14:53:00,1788447180000,4479.2,4480.0,4479.2,4480.0,1.8444
2026-09-03 14:54:00,1788447240000,4480.0,4480.0,4479.18,4479.64,10.1371
2026-09-03 14:55:00,1788447300000,4479.64,4481.85,4479.64,4481.57,12.0749
2026-09-03 14:56:00,1788447360000,4481.56,4482.72,4474.05,4478.29,25.1178
2026-09-03 14:57:00,1788447420000,4478.29,4484.26,4478.29,4483.45,5.5415
2026-09-03 14:58:00,1788447480000,4483.45,4485.48,4483.45,4484.94,4.489
2026-09-03 14:59:00,1788447540000,4484.93,4487.66,4484.93,4487.44,5.5091
2026-09-03 15:00:00,1788447600000,4487.47,4489.0,4487.39,4488.43,2.3161
2026-09-03 15:01:00,1788447660000,4488.45,4493.93,4488.45,4493.93,6.4049
2026-09-03 15:02:00,1788447720000,4493.93,4496.88,4492.33,4495.31,8.5711
2026-09-03 15:03:00,1788447780000,4494.63,4497.96,4494.6,4497.96,10.5748
2026-09-03 15:04:00,1788447840000,4497.95,4502.52,4497.17,4501.04,31.8107
2026-09-03 15:05:00,1788447900000,4501.04,4502.4,4500.25,4501.92,7.0548
2026-09-03 15:06:00,1788447960000,4501.94,4502.67,4500.42,4501.62,6.1563
2026-09-03 15:07:00,1788448020000,4501.65,4501.96,4499.85,4501.77,9.0932
2026-09-03 15:08:00,1788448080000,4502.36,4505.51,4502.36,4503.65,15.2012
2026-09-03 15:09:00,1788448140000,4503.77,4503.77,4499.45,4500.26,17.0336
2026-09-03 15:10:00,1788448200000,4500.25,4500.25,4497.54,4497.54,27.989
2026-09-03 15:11:00,1788448260000,4497.55,4500.23,4497.32,4499.02,7.538
2026-09-03 15:12:00,1788448320000,4498.48,4498.48,4497.16,4498.02,1.033
2026-09-03 15:13:00,1788448380000,4497.61,4498.75,4497.16,4498.69,7.1227
2026-09-03 15:14:00,1788448440000,4499.02,4505.58,4499.02,4504.9,16.7188
2026-09-03 15:15:00,1788448500000,4504.9,4507.08,4504.65,4505.66,8.6117
2026-09-03 15:16:00,1788448560000,4505.13,4506.05,4503.42,4505.26,8.3985
2026-09-03 15:17:00,1788448620000,4505.07,4506.49,4505.07,4505.96,2.6146
2026-09-03 15:18:00,1788448680000,4506.75,4509.0,4506.75,4509.0,2.6743
2026-09-03 15:19:00,1788448740000,4509.01,4511.84,4509.01,4511.84,2.9196
2026-09-03 15:20:00,1788448800000,4511.85,4512.33,4510.31,4510.61,9.8742
2026-09-03 15:21:00,1788448860000,4510.6,4510.6,4507.29,4507.29,2.8164
2026-09-03 15:22:00,1788448920000,4506.55,4507.81,4505.53,4507.81,3.8588
2026-09-03 15:23:00,1788448980000,4507.99,4508.67,4506.5,4508.3,1.757
2026-09-03 15:24:00,1788449040000,4508.29,4510.9,4508.29,4508.67,3.5087
2026-09-03 15:25:00,1788449100000,4506.85,4508.67,4506.85,4508.26,4.3242
2026-09-03 15:26:00,1788449160000,4508.02,4510.0,4508.02,4509.67,5.5716
2026-09-03 15:27:00,1788449220000,4509.66,4509.66,4507.82,4507.83,2.5554
2026-09-03 15:28:00,1788449280000,4507.82,4507.82,4506.41,4507.8,0.8206
2026-09-03 15:29:00,1788449340000,4507.29,4509.0,4507.29,4508.73,0.2568
2026-09-03 15:30:00,1788449400000,4508.98,4510.74,4508.61,4508.61,17.7445
2026-09-03 15:31:00,1788449460000,4508.6,4508.6,4506.41,4506.87,10.3191
2026-09-03 15:32:00,1788449520000,4505.96,4505.96,4503.42,4504.72,3.2391
2026-09-03 15:33:00,1788449580000,4503.03,4503.03,4501.8,4502.24,1.5174
2026-09-03 15:34:00,1788449640000,4502.24,4503.86,4501.56,4503.86,4.1857
2026-09-03 15:35:00,1788449700000,4504.67,4506.04,4503.76,4503.76,0.8607
2026-09-03 15:36:00,1788449760000,4504.2,4504.2,4502.75,4502.75,1.1659
2026-09-03 15:37:00,1788449820000,4502.44,4503.32,4501.54,4502.89,2.2168
2026-09-03 15:38:00,1788449880000,4502.89,4502.89,4498.89,4499.7,8.5565
2026-09-03 15:39:00,1788449940000,4498.92,4498.92,4496.73,4497.61,0.9076
2026-09-03 15:40:00,1788450000000,4498.57,4499.24,4497.65,4497.65,3.303
2026-09-03 15:41:00,1788450060000,4498.03,4498.03,4497.16,4498.0,0.1594
2026-09-03 15:42:00,1788450120000,4498.0,4498.0,4496.7,4497.65,4.1558
2026-09-03 15:43:00,1788450180000,4497.17,4498.8,4497.17,4497.84,3.2026
2026-09-03 15:44:00,1788450240000,4497.84,4497.84,4497.39,4497.4,0.7395
2026-09-03 15:45:00,1788450300000,4496.34,4496.35,4493.75,4493.75,0.9859
2026-09-03 15:46:00,1788450360000,4493.86,4493.86,4491.44,4493.14,5.526
2026-09-03 15:47:00,1788450420000,4493.01,4493.26,4491.77,4491.77,6.6157
2026-09-03 15:48:00,1788450480000,4491.06,4491.06,4490.12,4490.12,0.2097
2026-09-03 15:49:00,1788450540000,4490.0,4490.2,4488.96,4489.8,3.7667
2026-09-03 15:50:00,1788450600000,4489.67,4491.1,4489.06,4490.51,2.3941
2026-09-03 15:51:00,1788450660000,4491.23,4492.59,4490.07,4490.81,8.5024
2026-09-03 15:52:00,1788450720000,4490.81,4492.4,4490.81,4492.4,2.9876
2026-09-03 15:53:00,1788450780000,4491.88,4492.73,4491.06,4492.73,2.7257
2026-09-03 15:54:00,1788450840000,4492.72,4493.13,4491.88,4491.88,1.8082
2026-09-03 15:55:00,1788450900000,4491.63,4491.64,4491.38,4491.38,1.5731
2026-09-03 15:56:00,1788450960000,4491.37,4492.27,4490.8,4492.27,1.2657
2026-09-03 15:57:00,1788451020000,4491.81,4492.01,4488.23,4489.62,5.4842
2026-09-03 15:58:00,1788451080000,4489.63,4492.32,4489.63,4492.32,1.7354
2026-09-03 15:59:00,1788451140000,4492.33,4494.61,4492.33,4494.6,3.3209
2026-09-03 16:00:00,1788451200000,4494.61,4494.99,4492.95,4492.95,7.3152
2026-09-03 16:01:00,1788451260000,4492.94,4493.29,4492.6,4492.91,3.235
2026-09-03 16:02:00,1788451320000,4493.29,4495.43,4493.28,4493.67,25.9558
2026-09-03 16:03:00,1788451380000,4494.15,4494.15,4492.45,4493.58,5.0679
2026-09-03 16:04:00,1788451440000,4494.17,4494.17,4492.77,4493.0,4.4089
2026-09-03 16:05:00,1788451500000,4492.45,4492.45,4491.01,4491.01,11.9422
2026-09-03 16:06:00,1788451560000,4490.0,4490.53,4489.25,4490.53,0.0664
2026-09-03 16:07:00,1788451620000,4490.37,4491.91,4490.16,4491.72,2.5295
2026-09-03 16:08:00,1788451680000,4491.71,4492.76,4491.71,4492.34,1.6828
2026-09-03 16:09:00,1788451740000,4492.8,4492.8,4492.37,4492.37,0.4416
2026-09-03 16:10:00,1788451800000,4492.65,4493.95,4492.65,4493.94,2.3872
2026-09-03 16:11:00,1788451860000,4494.37,4494.37,4493.7,4494.32,1.2942
2026-09-03 16:12:00,1788451920000,4495.05,4495.44,4495.05,4495.43,2.7568
2026-09-03 16:13:00,1788451980000,4495.18,4495.31,4494.22,4494.22,0.6099
2026-09-03 16:14:00,1788452040000,4493.38,4493.9,4493.38,4493.9,0.5301
2026-09-03 16:15:00,1788452100000,4493.9,4493.91,4493.9,4493.9,0.2686
2026-09-03 16:16:00,1788452160000,4493.91,4494.17,4493.69,4494.17,2.1349
2026-09-03 16:17:00,1788452220000,4494.61,4494.61,4494.3,4494.3,0.5739
2026-09-03 16:18:00,1788452280000,4492.78,4493.22,4492.31,4492.37,5.5567
2026-09-03 16:19:00,1788452340000,4492.62,4494.37,4492.61,4494.37,1.3874
2026-09-03 16:20:00,1788452400000,4494.61,4494.61,4493.74,4493.79,1.7535
2026-09-03 16:21:00,1788452460000,4493.24,4493.48,4493.24,4493.48,0.0689
2026-09-03 16:22:00,1788452520000,4492.8,4492.81,4492.29,4492.29,1.3502
2026-09-03 16:23:00,1788452580000,4492.29,4493.93,4492.29,4493.93,0.01
2026-09-03 16:24:00,1788452640000,4494.22,4494.22,4493.42,4493.62,2.2368
2026-09-03 16:25:00,1788452700000,4494.17,4494.17,4493.65,4493.67,0.614
2026-09-03 16:26:00,1788452760000,4493.62,4493.62,4492.33,4492.33,1.0882
2026-09-03 16:27:00,1788452820000,4492.26,4492.98,4492.26,4492.98,0.0366
2026-09-03 16:28:00,1788452880000,4493.71,4494.4,4493.47,4494.39,4.435
2026-09-03 16:29:00,1788452940000,4492.77,4492.77,4492.77,4492.77,0.4452
2026-09-03 16:30:00,1788453000000,4493.19,4495.79,4493.19,4495.46,8.4005
2026-09-03 16:31:00,1788453060000,4495.41,4495.42,4493.28,4493.29,1.0412
2026-09-03 16:32:00,1788453120000,4492.86,4492.86,4490.37,4490.85,0.4438
2026-09-03 16:33:00,1788453180000,4490.85,4491.23,4490.85,4491.23,0.7609
2026-09-03 16:34:00,1788453240000,4492.24,4492.24,4492.22,4492.22,0.0038
2026-09-03 16:35:00,1788453300000,4491.7,4492.07,4491.5,4491.5,5.1155
2026-09-03 16:36:00,1788453360000,4491.51,4491.51,4491.51,4491.51,0.0158
2026-09-03 16:37:00,1788453420000,4491.51,4491.74,4491.06,4491.57,1.5507
2026-09-03 16:38:00,1788453480000,4491.01,4492.32,4491.01,4492.02,8.1293
2026-09-03 16:39:00,1788453540000,4492.78,4492.78,4491.7,4491.98,2.2151
2026-09-03 16:40:00,1788453600000,4491.98,4492.41,4490.69,4490.69,0.9881
2026-09-03 16:41:00,1788453660000,4490.69,4490.69,4489.4,4489.4,2.6301
2026-09-03 16:42:00,1788453720000,4489.41,4489.41,4488.65,4488.89,1.3421
2026-09-03 16:43:00,1788453780000,4488.89,4488.89,4488.36,4488.87,2.2413
2026-09-03 16:44:00,1788453840000,4488.88,4488.88,4488.87,4488.87,0.2034
2026-09-03 16:45:00,1788453900000,4488.88,4489.98,4488.88,4489.3,1.3035
2026-09-03 16:46:00,1788453960000,4489.31,4490.7,4489.31,4490.7,3.7357
2026-09-03 16:47:00,1788454020000,4490.69,4490.69,4490.12,4490.12,0.7709
2026-09-03 16:48:00,1788454080000,4489.7,4489.7,4488.47,4488.47,0.6271
2026-09-03 16:49:00,1788454140000,4488.11,4489.14,4488.1,4488.94,2.5134
2026-09-03 16:50:00,1788454200000,4488.94,4490.12,4488.81,4488.81,1.5215
2026-09-03 16:51:00,1788454260000,4488.8,4488.8,4488.02,4488.02,0.1673
2026-09-03 16:52:00,1788454320000,4488.01,4488.01,4486.52,4486.57,0.3264
2026-09-03 16:53:00,1788454380000,4486.57,4486.58,4486.57,4486.58,0.4476
2026-09-03 16:54:00,1788454440000,4487.31,4487.5,4487.31,4487.5,0.4544
2026-09-03 16:55:00,1788454500000,4487.49,4488.14,4487.49,4488.12,0.3354
2026-09-03 16:56:00,1788454560000,4488.12,4488.6,4487.51,4487.51,0.5282
2026-09-03 16:57:00,1788454620000,4487.63,4487.63,4487.63,4487.63,0.0015
2026-09-03 16:58:00,1788454680000,4487.5,4487.5,4487.49,4487.5,1.6797
2026-09-03 16:59:00,1788454740000,4487.51,4487.51,4487.49,4487.49,0.1332
2026-09-03 17:00:00,1788454800000,4487.05,4487.91,4484.69,4484.69,1.6269
2026-09-03 17:01:00,1788454860000,4485.02,4486.68,4485.02,4486.67,2.0519
2026-09-03 17:02:00,1788454920000,4484.62,4484.62,4484.62,4484.62,0.0021
2026-09-03 17:03:00,1788454980000,4484.62,4484.62,4484.52,4484.52,0.2694
2026-09-03 17:04:00,1788455040000,4484.85,4487.86,4484.85,4487.74,3.8621
2026-09-03 17:05:00,1788455100000,4487.74,4488.0,4487.31,4488.0,1.1936
2026-09-03 17:06:00,1788455160000,4488.45,4488.79,4488.33,4488.77,0.3874
2026-09-03 17:07:00,1788455220000,4488.55,4488.77,4488.54,4488.54,5.1101
2026-09-03 17:08:00,1788455280000,4488.79,4488.79,4488.31,4488.31,0.0049
2026-09-03 17:09:00,1788455340000,4487.04,4487.04,4486.93,4486.93,0.0083
2026-09-03 17:10:00,1788455400000,4487.46,4488.01,4487.45,4488.01,0.1597
2026-09-03 17:11:00,1788455460000,4488.01,4488.01,4488.0,4488.0,0.2219
2026-09-03 17:12:00,1788455520000,4487.46,4487.75,4487.46,4487.75,0.6975
2026-09-03 17:13:00,1788455580000,4487.74,4487.75,4487.74,4487.74,0.1421
2026-09-03 17:14:00,1788455640000,4487.74,4488.8,4487.74,4488.53,6.9735
2026-09-03 17:15:00,1788455700000,4488.53,4488.79,4488.02,4488.29,1.4947
2026-09-03 17:16:00,1788455760000,4488.28,4488.28,4487.18,4487.2,1.5487
2026-09-03 17:17:00,1788455820000,4487.1,4487.11,4487.1,4487.11,0.6471
2026-09-03 17:18:00,1788455880000,4487.11,4487.38,4487.11,4487.38,0.9238
2026-09-03 17:19:00,1788455940000,4487.73,4487.73,4487.73,4487.73,0.2228
2026-09-03 17:20:00,1788456000000,4487.73,4489.61,4487.73,4489.23,1.924
2026-09-03 17:21:00,1788456060000,4489.23,4490.0,4489.23,4490.0,0.9309
2026-09-03 17:22:00,1788456120000,4491.06,4491.53,4491.05,4491.53,0.4052
2026-09-03 17:23:00,1788456180000,4491.52,4491.88,4491.52,4491.88,0.0552
2026-09-03 17:24:00,1788456240000,4492.0,4492.0,4492.0,4492.0,0.0102
2026-09-03 17:25:00,1788456300000,4491.99,4492.09,4491.52,4492.09,3.4971
2026-09-03 17:26:00,1788456360000,4492.19,4492.21,4491.58,4491.6,10.2693
2026-09-03 17:27:00,1788456420000,4491.6,4491.6,4491.59,4491.59,3.5811
2026-09-03 17:28:00,1788456480000,4491.59,4492.78,4491.59,4492.77,5.4721
2026-09-03 17:29:00,1788456540000,4492.33,4494.0,4492.33,4494.0,1.2229
2026-09-03 17:30:00,1788456600000,4493.99,4494.44,4493.41,4494.43,0.4607
2026-09-03 17:31:00,1788456660000,4494.43,4494.43,4493.41,4493.95,0.9803
2026-09-03 17:32:00,1788456720000,4493.94,4493.95,4492.87,4492.87,0.299
2026-09-03 17:33:00,1788456780000,4492.87,4492.87,4492.49,4492.83,1.1955
2026-09-03 17:34:00,1788456840000,4492.84,4492.84,4492.7,4492.7,0.5118
2026-09-03 17:35:00,1788456900000,4492.7,4492.87,4492.69,4492.87,4.2163
2026-09-03 17:36:00,1788456960000,4493.53,4494.32,4493.53,4494.11,0.2734
2026-09-03 17:37:00,1788457020000,4493.66,4494.14,4493.12,4493.12,0.2787
2026-09-03 17:38:00,1788457080000,4493.13,4493.21,4493.13,4493.21,0.0777
2026-09-03 17:39:00,1788457140000,4493.21,4494.33,4493.21,4493.65,5.4955
2026-09-03 17:40:00,1788457200000,4493.64,4493.65,4493.64,4493.65,1.5623
2026-09-03 17:41:00,1788457260000,4493.76,4494.14,4493.76,4494.13,0.6339
2026-09-03 17:42:00,1788457320000,4493.65,4493.66,4493.65,4493.66,0.5051
2026-09-03 17:43:00,1788457380000,4493.66,4493.66,4493.66,4493.66,0.0018
2026-09-03 17:44:00,1788457440000,4493.65,4493.65,4492.28,4492.28,4.1067
2026-09-03 17:45:00,1788457500000,4492.28,4492.28,4492.09,4492.09,2.2625
2026-09-03 17:46:00,1788457560000,4492.1,4493.04,4492.1,4493.02,2.6774
2026-09-03 17:47:00,1788457620000,4494.16,4494.16,4493.69,4493.69,1.3282
2026-09-03 17:48:00,1788457680000,4493.64,4493.64,4492.92,4492.92,1.4393
2026-09-03 17:49:00,1788457740000,4492.33,4492.33,4492.33,4492.33,0.5861
2026-09-03 17:50:00,1788457800000,4492.32,4492.32,4491.01,4491.01,1.6404
2026-09-03 17:51:00,1788457860000,4491.0,4491.0,4490.01,4490.01,0.1278
2026-09-03 17:52:00,1788457920000,4490.0,4490.01,4489.38,4489.38,0.7119
2026-09-03 17:53:00,1788457980000,4489.38,4489.51,4489.38,4489.51,2.8605
2026-09-03 17:54:00,1788458040000,4490.09,4490.09,4490.09,4490.09,0.0076
2026-09-03 17:55:00,1788458100000,4490.19,4490.19,4489.46,4489.46,0.7756
2026-09-03 17:56:00,1788458160000,4489.46,4489.46,4488.81,4488.81,0.4835
2026-09-03 17:57:00,1788458220000,4488.8,4488.81,4488.8,4488.81,0.1584
2026-09-03 17:58:00,1788458280000,4488.8,4489.1,4488.8,4489.1,0.5149
2026-09-03 17:59:00,1788458340000,4488.82,4488.82,4488.04,4488.04,2.0131
2026-09-03 18:00:00,1788458400000,4488.04,4488.99,4488.03,4488.99,9.2221
2026-09-03 18:01:00,1788458460000,4488.99,4489.17,4488.99,4489.17,0.1545
2026-09-03 18:02:00,1788458520000,4490.64,4490.64,4490.2,4490.2,0.6139
2026-09-03 18:03:00,1788458580000,4489.41,4490.21,4489.41,4489.56,0.6201
2026-09-03 18:04:00,1788458640000,4489.56,4490.16,4489.56,4490.16,0.3186
2026-09-03 18:05:00,1788458700000,4489.85,4489.85,4488.04,4488.04,6.5011
2026-09-03 18:06:00,1788458760000,4487.18,4487.47,4487.18,4487.19,0.7027
2026-09-03 18:07:00,1788458820000,4487.18,4487.19,4487.18,4487.19,0.022
2026-09-03 18:08:00,1788458880000,4487.36,4487.57,4486.95,4487.57,4.2571
2026-09-03 18:09:00,1788458940000,4487.91,4489.15,4487.91,4489.15,1.1459
2026-09-03 18:10:00,1788459000000,4489.15,4489.33,4487.61,4487.61,0.5523
2026-09-03 18:11:00,1788459060000,4487.6,4487.6,4486.1,4486.1,14.07
2026-09-03 18:12:00,1788459120000,4487.59,4487.59,4487.12,4487.12,14.9763
2026-09-03 18:13:00,1788459180000,4486.82,4487.25,4486.38,4486.85,1.3732
2026-09-03 18:14:00,1788459240000,4486.38,4486.38,4485.48,4485.48,6.0024
2026-09-03 18:15:00,1788459300000,4485.47,4486.96,4484.77,4486.96,14.6892
2026-09-03 18:16:00,1788459360000,4487.12,4487.26,4486.95,4487.1,0.036
2026-09-03 18:17:00,1788459420000,4486.97,4486.97,4486.4,4486.4,4.0573
2026-09-03 18:18:00,1788459480000,4486.41,4486.73,4486.41,4486.73,0.5302
2026-09-03 18:19:00,1788459540000,4486.74,4487.4,4486.74,4487.4,0.9233
2026-09-03 18:20:00,1788459600000,4487.41,4487.97,4487.41,4487.74,0.4
2026-09-03 18:21:00,1788459660000,4487.74,4488.53,4487.74,4488.53,2.3853
2026-09-03 18:22:00,1788459720000,4488.1,4488.74,4488.0,4488.0,8.0937
2026-09-03 18:23:00,1788459780000,4487.08,4487.43,4485.11,4485.11,11.3379
2026-09-03 18:24:00,1788459840000,4485.12,4485.12,4484.52,4484.96,2.5284
2026-09-03 18:25:00,1788459900000,4484.96,4484.96,4484.82,4484.82,0.2758
2026-09-03 18:26:00,1788459960000,4484.83,4485.35,4484.83,4485.02,0.9864
2026-09-03 18:27:00,1788460020000,4485.02,4485.39,4485.02,4485.39,0.3505
2026-09-03 18:28:00,1788460080000,4485.03,4485.04,4483.01,4483.41,17.2842
2026-09-03 18:29:00,1788460140000,4483.41,4483.41,4482.67,4482.67,20.8483
2026-09-03 18:30:00,1788460200000,4482.67,4482.67,4481.96,4481.96,11.8038
2026-09-03 18:31:00,1788460260000,4481.92,4481.92,4479.38,4480.28,19.1787
2026-09-03 18:32:00,1788460320000,4480.28,4480.28,4479.55,4480.23,1.9556
2026-09-03 18:33:00,1788460380000,4480.45,4480.53,4480.23,4480.43,5.1986
2026-09-03 18:34:00,1788460440000,4480.58,4480.58,4480.57,4480.57,0.0613
2026-09-03 18:35:00,1788460500000,4480.58,4481.26,4480.58,4481.26,1.4215
2026-09-03 18:36:00,1788460560000,4481.27,4482.72,4481.27,4482.71,1.8691
2026-09-03 18:37:00,1788460620000,4482.71,4482.72,4482.67,4482.67,0.2348
2026-09-03 18:38:00,1788460680000,4482.71,4483.58,4482.71,4483.57,0.4629
2026-09-03 18:39:00,1788460740000,4483.39,4483.39,4482.67,4482.88,0.6258
2026-09-03 18:40:00,1788460800000,4483.91,4483.92,4483.91,4483.92,0.2376
2026-09-03 18:41:00,1788460860000,4483.86,4483.86,4483.44,4483.44,0.1021
2026-09-03 18:42:00,1788460920000,4483.44,4483.44,4483.44,4483.44,0.0
2026-09-03 18:43:00,1788460980000,4483.44,4483.44,4483.44,4483.44,0.0
2026-09-03 18:44:00,1788461040000,4483.08,4483.08,4482.29,4482.3,2.772
2026-09-03 18:45:00,1788461100000,4482.62,4483.07,4482.62,4483.07,0.0038
2026-09-03 18:46:00,1788461160000,4482.73,4482.73,4482.73,4482.73,0.0298
2026-09-03 18:47:00,1788461220000,4482.79,4483.43,4482.79,4483.43,4.1006
2026-09-03 18:48:00,1788461280000,4482.64,4482.64,4480.84,4480.84,0.8009
2026-09-03 18:49:00,1788461340000,4479.57,4480.07,4479.57,4480.07,0.7074
2026-09-03 18:50:00,1788461400000,4480.07,4480.07,4479.13,4479.57,0.8277
2026-09-03 18:51:00,1788461460000,4479.6,4479.6,4479.6,4479.6,0.0201
2026-09-03 18:52:00,1788461520000,4479.95,4479.95,4479.95,4479.95,0.682
2026-09-03 18:53:00,1788461580000,4479.52,4479.52,4479.0,4479.0,2.1075
2026-09-03 18:54:00,1788461640000,4479.0,4479.01,4479.0,4479.0,5.8244
2026-09-03 18:55:00,1788461700000,4479.0,4479.0,4476.86,4477.91,24.345
2026-09-03 18:56:00,1788461760000,4477.91,4478.42,4476.88,4477.07,2.2347
2026-09-03 18:57:00,1788461820000,4477.34,4478.33,4477.34,4478.33,2.2669
2026-09-03 18:58:00,1788461880000,4477.74,4477.74,4477.74,4477.74,0.0243
2026-09-03 18:59:00,1788461940000,4476.84,4477.55,4476.84,4477.36,4.5655
2026-09-03 19:00:00,1788462000000,4477.36,4478.02,4476.93,4478.02,9.2811
2026-09-03 19:01:00,1788462060000,4478.33,4478.33,4477.35,4477.35,0.9328
2026-09-03 19:02:00,1788462120000,4477.35,4477.35,4476.67,4476.68,0.2978
2026-09-03 19:03:00,1788462180000,4476.67,4476.67,4476.66,4476.66,0.0311
2026-09-03 19:04:00,1788462240000,4476.67,4477.81,4476.67,4477.81,5.02
2026-09-03 19:05:00,1788462300000,4477.81,4478.77,4477.81,4478.42,4.8639
2026-09-03 19:06:00,1788462360000,4478.43,4478.43,4478.13,4478.13,0.5571
2026-09-03 19:07:00,1788462420000,4478.13,4478.43,4477.81,4477.81,1.3521
2026-09-03 19:08:00,1788462480000,4477.81,4477.81,4477.8,4477.8,0.3757
2026-09-03 19:09:00,1788462540000,4477.36,4477.89,4477.0,4477.89,3.1723
2026-09-03 19:10:00,1788462600000,4478.76,4478.76,4477.61,4477.62,6.9324
2026-09-03 19:11:00,1788462660000,4477.61,4478.24,4477.28,4477.28,0.8886
2026-09-03 19:12:00,1788462720000,4477.28,4477.28,4477.0,4477.0,0.064
2026-09-03 19:13:00,1788462780000,4477.0,4477.0,4475.23,4475.23,0.6302
2026-09-03 19:14:00,1788462840000,4475.24,4475.24,4475.24,4475.24,0.8119
2026-09-03 19:15:00,1788462900000,4475.25,4476.61,4475.25,4476.61,2.2721
2026-09-03 19:16:00,1788462960000,4476.98,4477.44,4476.63,4476.63,2.6555
2026-09-03 19:17:00,1788463020000,4476.63,4476.64,4476.16,4476.17,0.193
2026-09-03 19:18:00,1788463080000,4476.14,4477.0,4476.14,4477.0,0.6254
2026-09-03 19:19:00,1788463140000,4476.99,4476.99,4476.48,4476.76,6.1356
2026-09-03 19:20:00,1788463200000,4476.94,4476.94,4476.77,4476.77,0.3944
2026-09-03 19:21:00,1788463260000,4476.76,4477.0,4476.12,4476.93,0.9833
2026-09-03 19:22:00,1788463320000,4476.49,4476.49,4476.49,4476.49,0.021
2026-09-03 19:23:00,1788463380000,4476.89,4476.94,4476.49,4476.5,0.3877
2026-09-03 19:24:00,1788463440000,4476.49,4476.49,4476.04,4476.04,0.6076
2026-09-03 19:25:00,1788463500000,4475.24,4475.24,4474.72,4474.73,10.2091
2026-09-03 19:26:00,1788463560000,4474.81,4474.82,4474.81,4474.82,0.1625
2026-09-03 19:27:00,1788463620000,4475.97,4475.98,4475.97,4475.98,0.139
2026-09-03 19:28:00,1788463680000,4475.97,4475.97,4475.97,4475.97,0.0022
2026-09-03 19:29:00,1788463740000,4476.58,4476.58,4476.58,4476.58,0.7644
2026-09-03 19:30:00,1788463800000,4477.0,4478.0,4476.92,4476.92,106.4302
2026-09-03 19:31:00,1788463860000,4476.49,4476.49,4476.15,4476.16,0.0611
2026-09-03 19:32:00,1788463920000,4476.3,4476.31,4476.3,4476.31,0.1643
2026-09-03 19:33:00,1788463980000,4476.3,4476.31,4476.3,4476.31,0.0157
2026-09-03 19:34:00,1788464040000,4476.16,4476.16,4475.6,4475.6,0.0578
2026-09-03 19:35:00,1788464100000,4475.6,4475.83,4475.6,4475.83,0.0382
2026-09-03 19:36:00,1788464160000,4475.83,4475.83,4475.83,4475.83,0.2226
2026-09-03 19:37:00,1788464220000,4475.83,4475.84,4475.83,4475.83,0.0794
2026-09-03 19:38:00,1788464280000,4476.91,4476.91,4476.3,4476.84,4.1123
2026-09-03 19:39:00,1788464340000,4476.75,4476.75,4476.04,4476.51,0.4836
2026-09-03 19:40:00,1788464400000,4476.98,4477.14,4476.98,4476.99,0.0475
2026-09-03 19:41:00,1788464460000,4477.12,4478.0,4477.12,4478.0,9.0329
2026-09-03 19:42:00,1788464520000,4478.0,4478.0,4477.99,4478.0,17.0338
2026-09-03 19:43:00,1788464580000,4478.0,4478.0,4478.0,4478.0,3.1074
2026-09-03 19:44:00,1788464640000,4477.99,4477.99,4477.66,4477.66,1.69
2026-09-03 19:45:00,1788464700000,4477.66,4479.0,4477.66,4479.0,3.7918
2026-09-03 19:46:00,1788464760000,4479.0,4480.28,4478.89,4480.28,49.5996
2026-09-03 19:47:00,1788464820000,4480.28,4480.28,4480.26,4480.26,2.7231
2026-09-03 19:48:00,1788464880000,4480.26,4482.29,4480.26,4482.29,17.3456
2026-09-03 19:49:00,1788464940000,4481.39,4481.91,4481.08,4481.08,2.4624
2026-09-03 19:50:00,1788465000000,4481.09,4481.09,4480.07,4480.53,2.6071
2026-09-03 19:51:00,1788465060000,4480.26,4481.04,4479.71,4480.67,0.6233
2026-09-03 19:52:00,1788465120000,4480.67,4481.14,4480.13,4480.34,7.5835
2026-09-03 19:53:00,1788465180000,4480.14,4480.14,4478.96,4479.06,8.507
2026-09-03 19:54:00,1788465240000,4478.62,4479.44,4478.62,4479.0,2.2489
2026-09-03 19:55:00,1788465300000,4478.64,4479.25,4478.64,4478.64,0.5486
2026-09-03 19:56:00,1788465360000,4478.64,4478.64,4478.63,4478.63,0.3809
2026-09-03 19:57:00,1788465420000,4478.63,4479.65,4478.62,4479.64,1.5653
2026-09-03 19:58:00,1788465480000,4479.64,4479.64,4476.69,4476.69,4.3271
2026-09-03 19:59:00,1788465540000,4475.64,4475.67,4474.72,4475.67,0.7151
2026-09-03 20:00:00,1788465600000,4476.12,4476.13,4473.5,4473.5,0.3953
2026-09-03 20:01:00,1788465660000,4473.76,4474.81,4473.62,4474.81,12.1089
2026-09-03 20:02:00,1788465720000,4475.03,4475.04,4474.14,4474.14,0.0248
2026-09-03 20:03:00,1788465780000,4474.15,4474.15,4474.15,4474.15,0.0038
2026-09-03 20:04:00,1788465840000,4474.14,4474.14,4473.69,4474.13,0.341
2026-09-03 20:05:00,1788465900000,4474.12,4474.14,4473.67,4473.68,7.2424
2026-09-03 20:06:00,1788465960000,4473.68,4473.68,4473.41,4473.41,0.0154
2026-09-03 20:07:00,1788466020000,4473.4,4473.93,4473.24,4473.93,2.2108
2026-09-03 20:08:00,1788466080000,4474.09,4474.09,4474.09,4474.09,0.0367
2026-09-03 20:09:00,1788466140000,4474.1,4474.35,4474.1,4474.35,0.7684
2026-09-03 20:10:00,1788466200000,4474.35,4474.36,4474.35,4474.35,0.4817
2026-09-03 20:11:00,1788466260000,4474.35,4474.35,4473.85,4474.03,5.9183
2026-09-03 20:12:00,1788466320000,4473.84,4473.84,4473.62,4473.62,0.6679
2026-09-03 20:13:00,1788466380000,4473.62,4473.62,4473.08,4473.08,0.8644
2026-09-03 20:14:00,1788466440000,4473.03,4473.03,4473.03,4473.03,0.0013
2026-09-03 20:15:00,1788466500000,4473.04,4473.04,4472.17,4472.17,0.2349
2026-09-03 20:16:00,1788466560000,4472.16,4472.16,4471.66,4471.66,0.3426
2026-09-03 20:17:00,1788466620000,4471.66,4471.66,4471.55,4471.66,0.6633
2026-09-03 20:18:00,1788466680000,4471.66,4471.67,4471.66,4471.67,0.3801
2026-09-03 20:19:00,1788466740000,4471.66,4471.67,4471.66,4471.66,0.012
2026-09-03 20:20:00,1788466800000,4471.67,4471.67,4471.67,4471.67,0.3001
2026-09-03 20:21:00,1788466860000,4471.67,4472.0,4471.67,4472.0,0.664
2026-09-03 20:22:00,1788466920000,4472.0,4472.0,4471.99,4472.0,0.4792
2026-09-03 20:23:00,1788466980000,4472.0,4472.0,4471.99,4472.0,0.0324
2026-09-03 20:24:00,1788467040000,4471.99,4471.99,4471.99,4471.99,0.0104
2026-09-03 20:25:00,1788467100000,4472.0,4472.83,4472.0,4472.83,0.4471
2026-09-03 20:26:00,1788467160000,4473.04,4473.05,4473.04,4473.05,0.0078
2026-09-03 20:27:00,1788467220000,4473.05,4473.05,4473.05,4473.05,0.067
2026-09-03 20:28:00,1788467280000,4473.04,4473.07,4473.04,4473.06,0.6382
2026-09-03 20:29:00,1788467340000,4473.07,4473.18,4473.07,4473.18,0.0109
2026-09-03 20:30:00,1788467400000,4473.19,4473.19,4473.18,4473.18,0.0691
2026-09-03 20:31:00,1788467460000,4473.18,4473.18,4473.18,4473.18,0.0762
2026-09-03 20:32:00,1788467520000,4473.18,4473.19,4472.79,4473.03,4.0948
2026-09-03 20:33:00,1788467580000,4473.03,4473.03,4473.03,4473.03,0.0
2026-09-03 20:34:00,1788467640000,4473.04,4473.04,4473.03,4473.03,0.5406
2026-09-03 20:35:00,1788467700000,4473.04,4474.2,4473.04,4474.2,3.878
2026-09-03 20:36:00,1788467760000,4474.2,4474.2,4474.2,4474.2,0.1796
2026-09-03 20:37:00,1788467820000,4474.2,4474.2,4473.37,4473.37,2.2587
2026-09-03 20:38:00,1788467880000,4473.37,4473.37,4473.03,4473.03,1.6209
2026-09-03 20:39:00,1788467940000,4473.03,4473.03,4473.03,4473.03,0.0
2026-09-03 20:40:00,1788468000000,4473.03,4473.03,4473.03,4473.03,0.015
2026-09-03 20:41:00,1788468060000,4473.03,4473.03,4473.03,4473.03,0.0061
2026-09-03 20:42:00,1788468120000,4473.03,4473.38,4473.03,4473.38,1.8102
2026-09-03 20:43:00,1788468180000,4473.38,4473.7,4473.38,4473.7,2.076
2026-09-03 20:44:00,1788468240000,4473.69,4473.69,4473.69,4473.69,0.0018
2026-09-03 20:45:00,1788468300000,4473.69,4473.69,4473.2,4473.21,0.2086
2026-09-03 20:46:00,1788468360000,4473.2,4473.21,4473.2,4473.21,0.0055
2026-09-03 20:47:00,1788468420000,4473.21,4473.21,4473.2,4473.2,0.0081
2026-09-03 20:48:00,1788468480000,4473.21,4473.7,4473.21,4473.69,0.6095
2026-09-03 20:49:00,1788468540000,4473.7,4473.7,4473.69,4473.69,0.0052
2026-09-03 20:50:00,1788468600000,4473.7,4473.7,4473.69,4473.69,0.1432
2026-09-03 20:51:00,1788468660000,4473.7,4474.11,4473.7,4474.11,2.27
2026-09-03 20:52:00,1788468720000,4474.11,4474.11,4474.1,4474.1,0.2437
2026-09-03 20:53:00,1788468780000,4474.07,4474.07,4474.07,4474.07,0.0607
2026-09-03 20:54:00,1788468840000,4474.07,4474.55,4474.07,4474.44,0.3285
2026-09-03 20:55:00,1788468900000,4474.56,4474.56,4474.56,4474.56,0.182
2026-09-03 20:56:00,1788468960000,4474.55,4474.6,4474.55,4474.59,0.7479
2026-09-03 20:57:00,1788469020000,4474.59,4474.6,4474.59,4474.6,0.0269
2026-09-03 20:58:00,1788469080000,4474.6,4475.49,4474.59,4475.49,1.4196
2026-09-03 20:59:00,1788469140000,4475.5,4475.5,4474.56,4474.56,2.9419
2026-09-03 21:00:00,1788469200000,4474.57,4475.04,4474.57,4475.04,0.4969
2026-09-03 21:01:00,1788469260000,4475.04,4475.04,4474.7,4474.7,4.584
2026-09-03 21:02:00,1788469320000,4474.58,4474.58,4474.58,4474.58,0.035
2026-09-03 21:03:00,1788469380000,4474.57,4474.58,4474.57,4474.57,1.3255
2026-09-03 21:04:00,1788469440000,4474.57,4474.58,4474.57,4474.58,0.339
2026-09-03 21:05:00,1788469500000,4474.58,4474.58,4474.58,4474.58,0.0381
2026-09-03 21:06:00,1788469560000,4474.58,4474.58,4474.58,4474.58,0.002
2026-09-03 21:07:00,1788469620000,4474.57,4474.57,4474.57,4474.57,0.1489
2026-09-03 21:08:00,1788469680000,4474.57,4474.57,4474.57,4474.57,0.0
2026-09-03 21:09:00,1788469740000,4474.58,4474.58,4474.58,4474.58,0.0017
2026-09-03 21:10:00,1788469800000,4474.58,4475.04,4474.58,4475.03,1.3598
2026-09-03 21:11:00,1788469860000,4475.04,4475.04,4475.04,4475.04,0.005
2026-09-03 21:12:00,1788469920000,4475.04,4475.04,4475.03,4475.04,0.8194
2026-09-03 21:13:00,1788469980000,4475.04,4476.98,4475.04,4476.98,8.0159
2026-09-03 21:14:00,1788470040000,4476.98,4477.41,4476.98,4477.41,2.0038
2026-09-03 21:15:00,1788470100000,4477.41,4477.41,4477.41,4477.41,0.0272
2026-09-03 21:16:00,1788470160000,4477.4,4477.41,4477.4,4477.4,0.6107
2026-09-03 21:17:00,1788470220000,4477.4,4477.4,4477.4,4477.4,0.0
2026-09-03 21:18:00,1788470280000,4477.4,4477.4,4477.4,4477.4,0.4997
2026-09-03 21:19:00,1788470340000,4477.39,4477.39,4477.33,4477.33,0.155
2026-09-03 21:20:00,1788470400000,4477.34,4477.34,4477.34,4477.34,0.0048
2026-09-03 21:21:00,1788470460000,4477.33,4477.33,4477.33,4477.33,0.0092
2026-09-03 21:22:00,1788470520000,4477.34,4477.34,4477.33,4477.33,1.0813
2026-09-03 21:23:00,1788470580000,4476.75,4476.75,4476.75,4476.75,0.01
2026-09-03 21:24:00,1788470640000,4476.76,4476.76,4476.76,4476.76,0.0014
2026-09-03 21:25:00,1788470700000,4476.75,4476.76,4476.75,4476.76,0.3066
2026-09-03 21:26:00,1788470760000,4476.76,4477.41,4476.76,4477.41,1.1644
2026-09-03 21:27:00,1788470820000,4477.41,4477.41,4477.41,4477.41,0.1867
2026-09-03 21:28:00,1788470880000,4477.41,4477.62,4477.4,4477.62,0.8421
2026-09-03 21:29:00,1788470940000,4477.62,4477.62,4477.62,4477.62,0.0416
2026-09-03 21:30:00,1788471000000,4477.62,4477.68,4477.62,4477.68,0.0403
2026-09-03 21:31:00,1788471060000,4477.68,4477.68,4477.68,4477.68,0.0019
2026-09-03 21:32:00,1788471120000,4477.68,4477.68,4477.68,4477.68,0.0945
2026-09-03 21:33:00,1788471180000,4477.68,4477.68,4477.68,4477.68,0.3676
2026-09-03 21:34:00,1788471240000,4477.67,4477.67,4477.61,4477.61,2.394
2026-09-03 21:35:00,1788471300000,4477.62,4477.62,4477.61,4477.61,0.2179
2026-09-03 21:36:00,1788471360000,4477.61,4477.62,4476.76,4476.76,6.305
2026-09-03 21:37:00,1788471420000,4476.76,4476.76,4476.75,4476.75,0.4172
2026-09-03 21:38:00,1788471480000,4476.75,4476.76,4476.75,4476.75,0.198
2026-09-03 21:39:00,1788471540000,4476.75,4476.75,4476.75,4476.75,0.0
